Adana ADNTOCDELLCLD01;Latency;Read Latency;Write Latency;Avg. Size;Read Size;Write Size;Total IOPS;Read IOPS;Write IOPS;CPU Utilization
2025-10-04 09:21:30;;;;;;;;;;
2025-10-04 10:00:00;0,21;0,21;0,21;11;21;10;1.475;0.077;1.398;%6.0
2025-10-04 11:00:00;0,2;0,17;0,2;11;14;11;1.474;0.079;1.395;%2.0
2025-10-04 12:00:00;0,2;0,17;0,2;11;17;10;1.464;0.069;1.395;%2.0
2025-10-04 13:00:00;0,2;0,16;0,2;11;15;10;1.461;0.067;1.394;%2.0
2025-10-04 14:00:00;0,2;0,19;0,2;11;16;10;1.475;0.074;1.401;%3.0
2025-10-04 15:00:00;0,2;0,19;0,21;11;17;11;1.466;0.082;1.384;%5.0
2025-10-04 16:00:00;0,21;0,24;0,21;11;19;10;1.508;0.099;1.409;%6.0
2025-10-04 17:00:00;0,2;0,18;0,2;11;15;10;1.470;0.075;1.395;%2.0
2025-10-04 18:00:00;0,2;0,19;0,2;11;18;10;1.467;0.070;1.397;%2.0
2025-10-04 19:00:00;0,21;0,17;0,21;11;15;10;1.476;0.076;1.400;%6.0
2025-10-04 20:00:00;0,21;0,18;0,21;11;16;10;1.460;0.066;1.394;%6.0
2025-10-04 21:00:00;0,2;0,18;0,2;11;16;10;1.485;0.071;1.414;%2.0
2025-10-04 22:00:00;0,2;0,2;0,2;11;21;11;1.471;0.075;1.396;%2.0
2025-10-04 23:00:00;0,2;0,15;0,2;11;15;10;1.457;0.062;1.395;%1.0
2025-10-05 00:00:00;0,2;0,17;0,2;11;15;11;1.326;0.072;1.254;%1.0
2025-10-05 01:00:00;0,21;0,18;0,21;11;25;10;0.201;0.009;0.192;%3.0
2025-10-05 02:00:00;0,2;0,13;0,2;10;28;10;0.203;0.007;0.196;%3.0
2025-10-05 03:00:00;0,21;0,28;0,2;11;22;10;0.212;0.019;0.193;%1.0
2025-10-05 04:00:00;0,2;0,19;0,2;10;26;10;0.204;0.008;0.197;%1.0
2025-10-05 05:00:00;0,2;0,18;0,2;10;24;10;0.206;0.010;0.196;%1.0
2025-10-05 06:00:00;0,21;0,17;0,21;10;28;10;0.197;0.007;0.190;%3.0
2025-10-05 07:00:00;0,21;0,2;0,21;11;25;10;0.198;0.010;0.188;%3.0
2025-10-05 08:00:00;0,2;0,16;0,2;11;26;10;0.195;0.008;0.187;%1.0
2025-10-05 09:00:00;0,2;0,18;0,2;11;32;10;0.195;0.009;0.186;%1.0
2025-10-05 10:00:00;0,2;0,13;0,2;11;27;10;0.194;0.007;0.187;%1.0
2025-10-05 11:00:00;0,21;0,17;0,21;11;24;10;0.197;0.009;0.188;%3.0
2025-10-05 12:00:00;0,2;0,14;0,21;11;27;10;0.193;0.007;0.186;%3.0
2025-10-05 13:00:00;0,2;0,17;0,2;11;27;10;0.194;0.008;0.186;%1.0
2025-10-05 14:00:00;0,2;0,19;0,2;11;16;10;18.129;0.938;17.191;%2.0
2025-10-05 15:00:00;0,2;0,18;0,2;11;16;10;1.462;0.078;1.384;%3.0
2025-10-05 16:00:00;0,2;0,19;0,2;11;15;10;1.473;0.075;1.398;%5.0
2025-10-05 17:00:00;0,2;0,16;0,21;11;15;10;1.453;0.072;1.380;%6.0
2025-10-05 18:00:00;0,2;0,15;0,2;11;15;10;1.458;0.061;1.397;%2.0
2025-10-05 19:00:00;0,19;0,14;0,2;11;15;10;1.433;0.061;1.372;%2.0
2025-10-05 20:00:00;0,2;0,13;0,21;11;17;10;1.457;0.055;1.401;%5.0
2025-10-05 21:00:00;0,2;0,16;0,2;11;15;10;1.454;0.064;1.390;%3.0
2025-10-05 22:00:00;0,21;0,17;0,21;11;23;10;1.464;0.070;1.393;%6.0
2025-10-05 23:00:00;0,2;0,14;0,2;10;15;10;1.459;0.058;1.401;%2.0
2025-10-06 00:00:00;0,2;0,15;0,2;11;20;11;1.441;0.059;1.382;%2.0
2025-10-06 01:00:00;0,2;0,15;0,2;11;18;10;1.464;0.059;1.405;%2.0
2025-10-06 02:00:00;0,21;0,14;0,21;10;14;10;1.468;0.069;1.399;%6.0
2025-10-06 03:00:00;0,2;0,18;0,2;11;16;11;1.485;0.069;1.416;%4.0
2025-10-06 04:00:00;0,2;0,15;0,2;11;15;10;1.471;0.058;1.413;%4.0
2025-10-06 05:00:00;0,2;0,15;0,2;11;15;11;1.468;0.065;1.404;%4.0
2025-10-06 06:00:00;0,2;0,14;0,2;10;14;10;1.459;0.065;1.394;%4.0
2025-10-06 07:00:00;0,2;0,15;0,21;10;15;10;1.445;0.060;1.385;%6.0
2025-10-06 08:00:00;0,2;0,14;0,2;11;16;10;1.449;0.058;1.391;%2.0
2025-10-06 09:00:00;0,2;0,14;0,2;11;19;10;1.435;0.060;1.375;%2.0
2025-10-06 10:00:00;0,21;0,16;0,21;11;20;10;1.458;0.069;1.389;%6.0
2025-10-06 11:00:00;0,21;0,14;0,21;11;15;10;1.461;0.059;1.402;%5.0
2025-10-06 12:00:00;0,2;0,14;0,2;11;15;10;1.459;0.059;1.400;%1.0
2025-10-06 13:00:00;0,2;0,14;0,2;11;16;10;1.384;0.058;1.326;%1.0
2025-10-06 14:00:00;0,2;0,15;0,2;10;27;10;0.200;0.007;0.193;%1.0
2025-10-06 15:00:00;0,2;0,18;0,2;10;24;10;0.204;0.009;0.194;%3.0
2025-10-06 16:00:00;0,21;0,31;0,21;11;27;10;0.211;0.013;0.198;%3.0
2025-10-06 17:00:00;0,2;0,14;0,2;10;27;9;0.204;0.007;0.196;%1.0
2025-10-06 18:00:00;0,2;0,17;0,2;10;27;10;0.205;0.007;0.198;%1.0
2025-10-06 19:00:00;0,2;0,2;0,2;10;27;10;0.204;0.008;0.197;%1.0
2025-10-06 20:00:00;0,2;0,16;0,21;10;25;10;0.203;0.008;0.195;%3.0
2025-10-06 21:00:00;0,2;0,19;0,2;10;27;10;0.201;0.008;0.193;%1.0
2025-10-06 22:00:00;0,2;0,16;0,2;10;26;10;0.198;0.008;0.190;%2.0
2025-10-06 23:00:00;0,2;0,18;0,2;10;25;10;0.201;0.009;0.192;%1.0
2025-10-07 00:00:00;0,2;0,14;0,2;10;28;10;0.201;0.007;0.194;%1.0
2025-10-07 01:00:00;0,2;0,15;0,2;10;27;9;0.205;0.008;0.197;%1.0
2025-10-07 02:00:00;0,2;0,17;0,2;10;24;10;0.204;0.009;0.195;%3.0
2025-10-07 03:00:00;0,22;0,31;0,21;11;21;10;0.215;0.020;0.194;%3.0
2025-10-07 04:00:00;0,2;0,14;0,2;11;15;10;19.168;0.838;18.330;%2.0
2025-10-07 05:00:00;0,2;0,13;0,2;11;15;10;1.465;0.060;1.406;%2.0
2025-10-07 06:00:00;0,2;0,15;0,2;11;17;10;1.472;0.072;1.400;%2.0
2025-10-07 07:00:00;0,21;0,16;0,21;11;17;10;1.456;0.062;1.394;%6.0
2025-10-07 08:00:00;0,21;0,2;0,21;11;24;10;1.500;0.097;1.402;%6.0
2025-10-07 09:00:00;0,19;0,14;0,2;11;18;10;1.444;0.064;1.380;%2.0
2025-10-07 10:00:00;0,2;0,15;0,2;11;23;10;1.456;0.059;1.398;%2.0
2025-10-07 11:00:00;0,19;0,14;0,2;11;16;10;1.447;0.061;1.387;%2.0
2025-10-07 12:00:00;0,21;0,15;0,21;11;16;10;1.464;0.067;1.398;%6.0
2025-10-07 13:00:00;0,21;0,14;0,21;11;18;10;1.455;0.060;1.395;%6.0
2025-10-07 14:00:00;0,2;0,15;0,2;11;16;10;1.464;0.061;1.403;%2.0
2025-10-07 15:00:00;0,2;0,13;0,2;11;15;10;1.462;0.058;1.403;%2.0
2025-10-07 16:00:00;0,2;0,14;0,21;10;14;10;1.460;0.065;1.395;%6.0
2025-10-07 17:00:00;0,2;0,18;0,2;11;16;10;1.475;0.077;1.398;%2.0
2025-10-07 18:00:00;0,21;0,21;0,21;11;15;10;1.465;0.082;1.383;%6.0
2025-10-07 19:00:00;0,2;0,25;0,2;11;19;10;1.524;0.121;1.403;%2.0
2025-10-07 20:00:00;0,2;0,17;0,2;11;14;11;1.475;0.082;1.393;%2.0
2025-10-07 21:00:00;0,2;0,17;0,2;11;15;10;1.467;0.076;1.391;%2.0
2025-10-07 22:00:00;0,21;0,19;0,21;11;21;10;1.450;0.073;1.378;%6.0
2025-10-07 23:00:00;0,21;0,21;0,21;11;20;10;1.471;0.080;1.390;%6.0
2025-10-08 00:00:00;0,2;0,23;0,2;11;18;10;1.501;0.101;1.400;%2.0
2025-10-08 01:00:00;0,2;0,16;0,2;11;13;11;1.429;0.077;1.352;%2.0
2025-10-08 02:00:00;0,2;0,16;0,2;11;16;10;1.489;0.072;1.417;%2.0
2025-10-08 03:00:00;0,21;0,22;0,21;11;16;11;1.243;0.076;1.167;%3.0
2025-10-08 04:00:00;0,21;0,2;0,21;11;25;10;0.197;0.008;0.189;%3.0
2025-10-08 05:00:00;0,2;0,18;0,2;10;25;10;0.201;0.009;0.192;%1.0
2025-10-08 06:00:00;0,2;0,17;0,2;10;25;10;0.201;0.008;0.193;%1.0
2025-10-08 07:00:00;0,2;0,18;0,2;11;25;10;0.199;0.009;0.190;%1.0
2025-10-08 08:00:00;0,21;0,18;0,21;10;27;10;0.202;0.007;0.194;%3.0
2025-10-08 09:00:00;0,21;0,18;0,21;11;30;10;0.204;0.010;0.194;%3.0
2025-10-08 10:00:00;0,2;0,16;0,2;10;27;10;0.202;0.007;0.195;%1.0
2025-10-08 11:00:00;0,2;0,17;0,2;10;24;10;0.208;0.009;0.199;%1.0
2025-10-08 12:00:00;0,2;0,16;0,2;11;28;10;0.200;0.008;0.192;%1.0
2025-10-08 13:00:00;0,2;0,17;0,21;10;23;10;0.201;0.010;0.192;%3.0
2025-10-08 14:00:00;0,2;0,14;0,2;10;28;10;0.199;0.007;0.192;%2.0
2025-10-08 15:00:00;0,2;0,16;0,2;11;28;10;0.198;0.008;0.190;%1.0
2025-10-08 16:00:00;0,2;0,14;0,2;10;27;10;0.198;0.007;0.191;%1.0
2025-10-08 17:00:00;0,2;0,18;0,2;11;15;10;18.328;0.969;17.359;%1.0
2025-10-08 18:00:00;0,21;0,17;0,21;11;14;10;1.470;0.079;1.391;%6.0
2025-10-08 19:00:00;0,21;0,18;0,21;11;15;10;1.465;0.075;1.390;%5.0
2025-10-08 20:00:00;0,2;0,18;0,2;11;15;10;1.470;0.076;1.395;%2.0
2025-10-08 21:00:00;0,19;0,16;0,2;11;15;10;1.470;0.070;1.400;%2.0
2025-10-08 22:00:00;0,2;0,21;0,2;11;22;11;1.485;0.092;1.393;%3.0
2025-10-08 23:00:00;0,2;0,19;0,2;11;16;10;1.475;0.073;1.402;%5.0
2025-10-09 00:00:00;0,21;0,19;0,21;11;17;10;1.456;0.071;1.384;%5.0
2025-10-09 01:00:00;0,2;0,18;0,2;11;16;10;1.466;0.070;1.395;%2.0
2025-10-09 02:00:00;0,2;0,15;0,2;11;16;10;1.462;0.069;1.392;%2.0
2025-10-09 03:00:00;0,2;0,19;0,2;11;16;11;1.475;0.071;1.403;%2.0
2025-10-09 04:00:00;0,21;0,16;0,21;11;19;10;1.471;0.064;1.407;%6.0
2025-10-09 05:00:00;0,21;0,16;0,21;11;16;11;1.454;0.063;1.391;%6.0
2025-10-09 06:00:00;0,2;0,14;0,2;11;16;10;1.467;0.065;1.402;%2.0
2025-10-09 07:00:00;0,19;0,14;0,2;11;16;10;1.432;0.060;1.372;%2.0
2025-10-09 08:00:00;0,2;0,13;0,2;11;16;10;1.453;0.056;1.397;%2.0
2025-10-09 09:00:00;0,21;0,15;0,21;11;19;10;1.451;0.061;1.390;%6.0
2025-10-09 10:00:00;0,2;0,17;0,21;11;21;10;1.462;0.068;1.394;%6.0
2025-10-09 11:00:00;0,2;0,14;0,2;11;16;10;1.472;0.059;1.413;%2.0
2025-10-09 12:00:00;0,2;0,14;0,2;11;16;10;1.459;0.062;1.397;%2.0
2025-10-09 13:00:00;0,2;0,15;0,2;11;16;10;1.460;0.064;1.396;%2.0
2025-10-09 14:00:00;0,21;0,16;0,21;11;19;10;1.470;0.069;1.401;%5.0
2025-10-09 15:00:00;0,2;0,16;0,21;11;15;10;1.455;0.065;1.390;%4.0
2025-10-09 16:00:00;0,2;0,14;0,2;11;15;10;1.484;0.062;1.422;%1.0
2025-10-09 17:00:00;0,2;0,19;0,2;11;22;10;0.556;0.029;0.527;%1.0
2025-10-09 18:00:00;0,2;0,23;0,2;10;27;10;0.203;0.008;0.195;%1.0
2025-10-09 19:00:00;0,21;0,21;0,21;10;24;10;0.201;0.009;0.192;%3.0
2025-10-09 20:00:00;0,2;0,15;0,21;11;27;10;0.200;0.007;0.193;%3.0
2025-10-09 21:00:00;0,2;0,21;0,2;11;31;10;0.201;0.008;0.193;%1.0
2025-10-09 22:00:00;0,2;0,14;0,2;10;27;10;0.200;0.007;0.193;%1.0
2025-10-09 23:00:00;0,2;0,16;0,2;11;25;10;0.198;0.009;0.190;%1.0
2025-10-10 00:00:00;0,2;0,13;0,21;11;28;10;0.193;0.007;0.186;%2.0
2025-10-10 01:00:00;0,2;0,16;0,2;11;27;10;0.197;0.008;0.189;%1.0
2025-10-10 02:00:00;0,2;0,16;0,2;10;27;10;0.203;0.007;0.196;%3.0
2025-10-10 03:00:00;0,21;0,32;0,2;12;21;11;0.217;0.022;0.196;%1.0
2025-10-10 04:00:00;0,2;0,18;0,2;10;27;10;0.209;0.008;0.202;%1.0
2025-10-10 05:00:00;0,2;0,17;0,2;10;25;10;0.206;0.009;0.197;%2.0
2025-10-10 06:00:00;0,2;0,13;0,2;10;27;10;0.201;0.007;0.194;%2.0
2025-10-10 07:00:00;0,2;0,15;0,2;11;15;10;18.882;0.842;18.040;%5.0
2025-10-10 08:00:00;0,2;0,15;0,2;11;17;10;1.467;0.065;1.402;%2.0
2025-10-10 09:00:00;0,19;0,14;0,2;11;18;10;1.446;0.063;1.383;%2.0
2025-10-10 10:00:00;0,2;0,17;0,21;11;24;10;1.477;0.063;1.415;%5.0
2025-10-10 11:00:00;0,2;0,14;0,2;11;14;10;1.464;0.064;1.400;%3.0
2025-10-10 12:00:00;0,2;0,16;0,21;11;14;10;1.474;0.073;1.401;%6.0
2025-10-10 13:00:00;0,2;0,15;0,2;11;16;10;1.473;0.064;1.409;%2.0
2025-10-10 14:00:00;0,19;0,14;0,2;11;16;10;1.453;0.062;1.391;%2.0
2025-10-10 15:00:00;0,21;0,15;0,21;11;15;10;1.485;0.067;1.418;%6.0
2025-10-10 16:00:00;0,2;0,14;0,2;11;14;10;1.458;0.070;1.389;%4.0
2025-10-10 17:00:00;0,2;0,15;0,2;10;14;10;1.477;0.066;1.410;%4.0
2025-10-10 18:00:00;0,2;0,14;0,2;11;15;10;1.471;0.063;1.408;%2.0
2025-10-10 19:00:00;0,2;0,15;0,2;11;16;10;1.474;0.062;1.413;%2.0
2025-10-10 20:00:00;0,2;0,14;0,2;11;16;10;1.486;0.072;1.414;%4.0
2025-10-10 21:00:00;0,2;0,15;0,2;11;17;10;1.454;0.062;1.392;%4.0
2025-10-10 22:00:00;0,21;0,18;0,21;11;25;10;1.461;0.065;1.396;%6.0
2025-10-10 23:00:00;0,19;0,13;0,2;10;15;10;1.445;0.059;1.386;%2.0
2025-10-11 00:00:00;0,2;0,13;0,2;11;13;10;1.468;0.070;1.398;%2.0
2025-10-11 01:00:00;0,2;0,18;0,2;11;18;10;1.478;0.076;1.402;%2.0
2025-10-11 02:00:00;0,21;0,19;0,21;11;15;10;1.476;0.086;1.390;%6.0
2025-10-11 03:00:00;0,2;0,21;0,2;11;16;11;1.479;0.085;1.394;%3.0
2025-10-11 04:00:00;0,2;0,17;0,21;11;14;10;1.456;0.073;1.383;%4.0
2025-10-11 05:00:00;0,2;0,22;0,2;11;18;10;1.493;0.091;1.402;%1.0
2025-10-11 06:00:00;0,2;0,17;0,2;11;16;11;1.302;0.058;1.244;%1.0
2025-10-11 07:00:00;0,21;0,23;0,21;11;27;10;0.201;0.009;0.192;%3.0
2025-10-11 08:00:00;0,2;0,15;0,21;11;27;10;0.196;0.007;0.188;%3.0
2025-10-11 09:00:00;0,2;0,17;0,2;11;34;10;0.202;0.009;0.193;%1.0
2025-10-11 10:00:00;0,2;0,16;0,2;11;25;10;0.200;0.008;0.191;%1.0
2025-10-11 11:00:00;0,2;0,17;0,2;11;25;10;0.203;0.009;0.194;%1.0
2025-10-11 12:00:00;0,21;0,16;0,21;11;27;10;0.195;0.007;0.188;%3.0
2025-10-11 13:00:00;0,2;0,18;0,21;11;27;10;0.200;0.009;0.191;%3.0
2025-10-11 14:00:00;0,2;0,14;0,2;10;28;10;0.200;0.007;0.193;%1.0
2025-10-11 15:00:00;0,2;0,19;0,2;10;23;10;0.207;0.010;0.197;%1.0
2025-10-11 16:00:00;0,2;0,14;0,2;10;27;10;0.203;0.007;0.196;%1.0
2025-10-11 17:00:00;0,2;0,2;0,2;10;24;10;0.208;0.010;0.199;%3.0
2025-10-11 18:00:00;0,21;0,2;0,21;10;27;10;0.202;0.007;0.195;%3.0
2025-10-11 19:00:00;0,2;0,22;0,2;11;24;10;0.203;0.009;0.193;%1.0
2025-10-11 20:00:00;0,2;0,15;0,2;10;27;10;0.201;0.007;0.194;%1.0
2025-10-11 21:00:00;0,2;0,16;0,2;10;26;10;0.206;0.008;0.198;%1.0
2025-10-11 22:00:00;0,2;0,14;0,21;10;27;10;0.204;0.007;0.196;%3.0
2025-10-11 23:00:00;0,2;0,19;0,2;10;27;10;0.206;0.009;0.197;%1.0
2025-10-12 00:00:00;0,2;0,15;0,2;10;27;10;0.203;0.007;0.196;%3.0
2025-10-12 01:00:00;0,2;0,18;0,2;11;23;10;0.202;0.009;0.193;%1.0
2025-10-12 02:00:00;0,2;0,15;0,2;11;27;10;0.199;0.007;0.192;%1.0
2025-10-12 03:00:00;0,21;0,31;0,2;12;21;11;0.214;0.021;0.192;%1.0
2025-10-12 04:00:00;0,21;0,2;0,21;11;24;10;0.197;0.009;0.189;%3.0
2025-10-12 05:00:00;0,21;0,2;0,21;10;22;10;0.203;0.010;0.192;%3.0
2025-10-12 06:00:00;0,2;0,17;0,2;10;26;10;0.201;0.008;0.194;%1.0
2025-10-12 07:00:00;0,2;0,22;0,2;11;24;10;0.209;0.010;0.199;%1.0
2025-10-12 08:00:00;0,2;0,13;0,2;10;27;10;0.202;0.007;0.195;%1.0
2025-10-12 09:00:00;0,21;0,18;0,21;11;36;10;0.206;0.009;0.197;%3.0
2025-10-12 10:00:00;0,2;0,17;0,2;10;27;10;0.201;0.008;0.194;%2.0
2025-10-12 11:00:00;0,2;0,18;0,2;11;28;10;0.201;0.008;0.192;%1.0
2025-10-12 12:00:00;0,2;0,13;0,2;11;29;10;0.199;0.007;0.192;%1.0
2025-10-12 13:00:00;0,2;0,16;0,2;11;26;10;0.199;0.008;0.191;%1.0
2025-10-12 14:00:00;0,2;0,14;0,2;10;28;10;0.201;0.007;0.194;%3.0
2025-10-12 15:00:00;0,2;0,17;0,2;11;15;10;42.197;2.055;40.143;%2.0
2025-10-12 16:00:00;0,2;0,12;0,21;11;14;10;1.459;0.061;1.398;%5.0
2025-10-12 17:00:00;0,2;0,14;0,2;11;19;10;1.451;0.059;1.392;%2.0
2025-10-12 18:00:00;0,2;0,14;0,2;11;17;10;1.469;0.057;1.412;%2.0
2025-10-12 19:00:00;0,21;0,14;0,21;11;15;10;1.456;0.057;1.400;%6.0
2025-10-12 20:00:00;0,2;0,13;0,2;11;15;10;1.460;0.066;1.395;%4.0
2025-10-12 21:00:00;0,2;0,13;0,2;11;15;10;1.448;0.057;1.392;%4.0
2025-10-12 22:00:00;0,19;0,15;0,2;11;22;10;1.450;0.062;1.388;%2.0
2025-10-12 23:00:00;0,19;0,13;0,2;11;15;10;1.450;0.059;1.391;%2.0
2025-10-13 00:00:00;0,2;0,13;0,21;11;14;10;1.459;0.063;1.397;%6.0
2025-10-13 01:00:00;0,2;0,13;0,21;11;15;10;1.450;0.056;1.394;%6.0
2025-10-13 02:00:00;0,19;0,13;0,2;10;15;10;1.446;0.053;1.393;%2.0
2025-10-13 03:00:00;0,2;0,18;0,2;11;17;10;1.464;0.068;1.396;%2.0
2025-10-13 04:00:00;0,2;0,12;0,2;11;13;10;1.469;0.063;1.407;%2.0
2025-10-13 05:00:00;0,21;0,13;0,21;10;15;10;1.460;0.056;1.404;%6.0
2025-10-13 06:00:00;0,2;0,13;0,21;11;16;10;1.452;0.053;1.399;%5.0
2025-10-13 07:00:00;0,2;0,14;0,2;11;17;10;1.469;0.060;1.409;%1.0
2025-10-13 08:00:00;0,19;0,13;0,2;11;16;10;1.429;0.061;1.368;%1.0
2025-10-13 09:00:00;0,2;0,16;0,2;11;22;11;0.501;0.021;0.480;%3.0
2025-10-13 10:00:00;0,2;0,15;0,2;10;26;10;0.202;0.008;0.195;%1.0
2025-10-13 11:00:00;0,2;0,2;0,2;10;24;10;0.208;0.010;0.198;%2.0
2025-10-13 12:00:00;0,2;0,17;0,2;10;25;10;0.199;0.008;0.191;%1.0
2025-10-13 13:00:00;0,2;0,13;0,2;11;15;10;6.242;0.248;5.994;%1.0
2025-10-13 14:00:00;0,2;0,13;0,21;10;16;10;1.454;0.054;1.400;%6.0
2025-10-13 15:00:00;0,19;0,13;0,2;10;16;10;1.459;0.054;1.405;%2.0
2025-10-13 16:00:00;0,2;0,14;0,21;10;15;10;1.464;0.063;1.400;%6.0
2025-10-13 17:00:00;0,19;0,12;0,2;10;15;10;1.471;0.056;1.415;%2.0
2025-10-13 18:00:00;0,2;0,13;0,2;11;16;10;1.451;0.054;1.398;%2.0
2025-10-13 19:00:00;0,2;0,13;0,2;10;13;10;1.475;0.066;1.409;%2.0
2025-10-13 20:00:00;0,2;0,13;0,21;11;15;10;1.461;0.056;1.405;%3.0
2025-10-13 21:00:00;0,21;0,14;0,21;11;15;10;0.920;0.038;0.882;%3.0
2025-10-13 22:00:00;0,19;0,13;0,2;10;28;10;0.202;0.007;0.195;%1.0
2025-10-13 23:00:00;0,2;0,17;0,2;10;24;10;0.208;0.009;0.199;%1.0
2025-10-14 00:00:00;0,2;0,14;0,2;10;27;10;0.205;0.007;0.198;%3.0
2025-10-14 01:00:00;0,2;0,18;0,2;10;26;10;0.207;0.009;0.198;%1.0
2025-10-14 02:00:00;0,2;0,16;0,2;10;27;10;0.206;0.007;0.198;%3.0
2025-10-14 03:00:00;0,21;0,3;0,2;11;21;10;0.226;0.023;0.204;%1.0
2025-10-14 04:00:00;0,2;0,12;0,2;11;15;10;9.520;0.390;9.130;%1.0
2025-10-14 05:00:00;0,19;0,12;0,2;11;15;10;1.458;0.056;1.402;%2.0
2025-10-14 06:00:00;0,21;0,13;0,21;11;18;10;1.458;0.055;1.403;%6.0
2025-10-14 07:00:00;0,2;0,18;0,21;11;22;10;1.489;0.096;1.393;%5.0
2025-10-14 08:00:00;0,2;0,14;0,2;11;15;10;1.460;0.059;1.402;%3.0
2025-10-14 09:00:00;0,2;0,18;0,2;11;18;10;1.484;0.075;1.409;%2.0
2025-10-14 10:00:00;0,2;0,2;0,2;11;19;10;1.484;0.083;1.401;%2.0
2025-10-14 11:00:00;0,21;0,17;0,21;11;14;10;1.486;0.077;1.409;%6.0
2025-10-14 12:00:00;0,2;0,16;0,2;11;17;10;1.460;0.066;1.393;%3.0
2025-10-14 13:00:00;0,2;0,16;0,2;10;14;10;1.460;0.066;1.394;%5.0
2025-10-14 14:00:00;0,2;0,17;0,2;10;16;10;1.461;0.064;1.397;%2.0
2025-10-14 15:00:00;0,2;0,2;0,2;11;17;10;1.478;0.088;1.390;%2.0
2025-10-14 16:00:00;0,2;0,16;0,2;10;15;10;1.478;0.065;1.413;%2.0
2025-10-14 17:00:00;0,2;0,16;0,21;10;14;10;1.458;0.066;1.392;%6.0
2025-10-14 18:00:00;0,21;0,17;0,21;10;15;10;1.452;0.063;1.388;%6.0
2025-10-14 19:00:00;0,2;0,17;0,2;11;15;10;1.472;0.078;1.394;%2.0
2025-10-14 20:00:00;0,19;0,14;0,2;11;16;10;1.467;0.060;1.407;%1.0
2025-10-14 21:00:00;0,2;0,16;0,2;11;15;10;1.436;0.071;1.365;%1.0
2025-10-14 22:00:00;0,2;0,21;0,2;11;22;10;0.832;0.048;0.784;%3.0
2025-10-14 23:00:00;0,2;0,2;0,2;11;24;10;0.204;0.010;0.194;%1.0
2025-10-15 00:00:00;0,2;0,15;0,2;10;28;10;0.199;0.007;0.192;%3.0
2025-10-15 01:00:00;0,2;0,17;0,2;11;26;10;0.203;0.009;0.194;%1.0
2025-10-15 02:00:00;0,2;0,14;0,2;10;27;10;0.203;0.007;0.196;%1.0
2025-10-15 03:00:00;0,2;0,19;0,2;11;15;10;7.318;0.404;6.914;%3.0
2025-10-15 04:00:00;0,21;0,22;0,2;11;18;10;1.501;0.090;1.410;%5.0
2025-10-15 05:00:00;0,2;0,18;0,21;10;14;10;1.465;0.071;1.394;%6.0
2025-10-15 06:00:00;0,2;0,16;0,2;11;15;10;1.465;0.076;1.389;%2.0
2025-10-15 07:00:00;0,2;0,16;0,2;11;16;10;1.453;0.068;1.385;%2.0
2025-10-15 08:00:00;0,2;0,15;0,2;11;16;10;1.454;0.066;1.388;%2.0
2025-10-15 09:00:00;0,2;0,15;0,21;11;17;10;1.461;0.065;1.396;%4.0
2025-10-15 10:00:00;0,2;0,19;0,21;11;18;10;1.369;0.077;1.292;%3.0
2025-10-15 11:00:00;0,2;0,19;0,21;11;16;10;0.851;0.039;0.812;%1.0
2025-10-15 12:00:00;0,2;0,15;0,2;10;28;10;0.204;0.007;0.196;%1.0
2025-10-15 13:00:00;0,2;0,15;0,2;10;26;10;0.201;0.008;0.193;%1.0
2025-10-15 14:00:00;0,2;0,15;0,21;10;26;10;0.201;0.008;0.194;%3.0
2025-10-15 15:00:00;0,21;0,2;0,21;10;23;10;0.203;0.010;0.193;%2.0
2025-10-15 16:00:00;0,2;0,19;0,2;10;24;10;0.204;0.009;0.195;%1.0
2025-10-15 17:00:00;0,2;0,18;0,2;10;26;10;0.201;0.009;0.192;%1.0
2025-10-15 18:00:00;0,2;0,15;0,2;11;14;10;9.792;0.432;9.360;%1.0
2025-10-15 19:00:00;0,2;0,13;0,21;10;15;10;1.442;0.057;1.385;%6.0
2025-10-15 20:00:00;0,2;0,14;0,2;11;20;10;1.471;0.076;1.394;%5.0
2025-10-15 21:00:00;0,2;0,13;0,2;11;16;10;1.432;0.056;1.375;%3.0
2025-10-15 22:00:00;0,19;0,16;0,2;11;20;10;1.459;0.063;1.396;%2.0
2025-10-15 23:00:00;0,19;0,13;0,2;11;16;10;1.454;0.057;1.397;%2.0
2025-10-16 00:00:00;0,2;0,12;0,2;10;15;10;1.459;0.056;1.403;%3.0
2025-10-16 01:00:00;0,2;0,14;0,21;11;17;10;1.460;0.065;1.396;%5.0
2025-10-16 02:00:00;0,2;0,12;0,2;11;16;10;1.436;0.055;1.382;%6.0
2025-10-16 03:00:00;0,2;0,17;0,2;11;16;10;1.479;0.065;1.415;%2.0
2025-10-16 04:00:00;0,19;0,13;0,2;11;14;10;1.470;0.064;1.406;%2.0
2025-10-16 05:00:00;0,19;0,12;0,2;11;16;10;1.453;0.055;1.397;%2.0
2025-10-16 06:00:00;0,21;0,11;0,21;11;16;10;1.446;0.054;1.393;%6.0
2025-10-16 07:00:00;0,19;0,14;0,2;11;18;10;1.440;0.056;1.384;%2.0
2025-10-16 08:00:00;0,2;0,13;0,21;10;14;10;1.449;0.062;1.388;%5.0
2025-10-16 09:00:00;0,2;0,13;0,2;11;18;10;1.453;0.055;1.397;%2.0
2025-10-16 10:00:00;0,19;0,16;0,2;11;21;10;1.454;0.061;1.393;%1.0
2025-10-16 11:00:00;0,2;0,12;0,2;11;17;10;1.442;0.054;1.388;%2.0
2025-10-16 12:00:00;0,22;0,14;0,22;11;16;11;0.583;0.030;0.554;%3.0
2025-10-16 13:00:00;0,2;0,19;0,21;11;26;10;0.202;0.009;0.193;%3.0
2025-10-16 14:00:00;0,2;0,18;0,2;11;28;10;0.204;0.007;0.196;%1.0
2025-10-16 15:00:00;0,2;0,17;0,2;10;25;9;0.211;0.009;0.202;%1.0
2025-10-16 16:00:00;0,2;0,15;0,2;10;27;10;0.201;0.007;0.194;%3.0
2025-10-16 17:00:00;0,2;0,11;0,2;11;13;10;7.377;0.289;7.088;%2.0
2025-10-16 18:00:00;0,21;0,16;0,21;11;17;10;1.448;0.057;1.392;%5.0
2025-10-16 19:00:00;0,2;0,14;0,2;11;15;10;1.476;0.065;1.411;%2.0
2025-10-16 20:00:00;0,19;0,12;0,2;10;15;10;1.454;0.055;1.399;%2.0
2025-10-16 21:00:00;0,21;0,13;0,21;11;17;10;1.458;0.056;1.402;%6.0
2025-10-16 22:00:00;0,2;0,16;0,21;11;21;10;1.477;0.060;1.416;%4.0
2025-10-16 23:00:00;0,2;0,14;0,2;11;14;10;1.462;0.067;1.395;%2.0
2025-10-17 00:00:00;0,2;0,13;0,2;11;17;10;1.219;0.052;1.166;%1.0
2025-10-17 01:00:00;0,19;0,13;0,2;10;15;10;1.001;0.040;0.961;%1.0
2025-10-17 02:00:00;0,2;0,16;0,21;10;26;10;0.201;0.008;0.193;%2.0
2025-10-17 03:00:00;0,21;0,3;0,2;12;21;10;0.216;0.022;0.193;%1.0
2025-10-17 04:00:00;0,21;0,21;0,21;10;25;10;0.203;0.008;0.195;%3.0
2025-10-17 05:00:00;0,2;0,2;0,2;10;23;10;0.208;0.010;0.198;%1.0
2025-10-17 06:00:00;0,2;0,18;0,2;10;24;10;0.209;0.009;0.200;%1.0
2025-10-17 07:00:00;0,21;0,21;0,21;11;25;10;0.204;0.010;0.194;%3.0
2025-10-17 08:00:00;0,2;0,18;0,2;11;28;10;0.200;0.007;0.192;%1.0
2025-10-17 09:00:00;0,2;0,12;0,2;11;14;10;10.951;0.434;10.518;%4.0
2025-10-17 10:00:00;0,19;0,15;0,2;11;17;10;1.469;0.071;1.398;%2.0
2025-10-17 11:00:00;0,19;0,14;0,2;11;19;10;1.468;0.060;1.407;%2.0
2025-10-17 12:00:00;0,2;0,13;0,21;10;15;10;1.467;0.055;1.412;%6.0
2025-10-17 13:00:00;0,2;0,17;0,21;11;15;11;1.572;0.070;1.502;%6.0
2025-10-17 14:00:00;0,19;0,14;0,2;11;15;10;1.491;0.058;1.433;%2.0
2025-10-17 15:00:00;0,19;0,13;0,2;11;17;10;1.464;0.058;1.406;%2.0
2025-10-17 16:00:00;0,2;0,17;0,2;11;16;10;1.495;0.073;1.422;%2.0
2025-10-17 17:00:00;0,21;0,19;0,21;11;14;10;1.483;0.089;1.394;%6.0
2025-10-17 18:00:00;0,21;0,23;0,21;11;19;10;1.514;0.099;1.415;%6.0
2025-10-17 19:00:00;0,2;0,18;0,2;11;15;10;1.463;0.069;1.394;%2.0
2025-10-17 20:00:00;0,2;0,16;0,2;11;15;10;1.469;0.070;1.399;%2.0
2025-10-17 21:00:00;0,2;0,17;0,2;10;14;10;1.486;0.082;1.404;%2.0
2025-10-17 22:00:00;0,21;0,2;0,21;11;19;10;1.459;0.077;1.382;%6.0
2025-10-17 23:00:00;0,2;0,18;0,2;11;15;10;1.490;0.074;1.416;%3.0
2025-10-18 00:00:00;0,2;0,17;0,2;11;16;10;1.460;0.076;1.383;%4.0
2025-10-18 01:00:00;0,2;0,16;0,2;11;15;10;1.466;0.070;1.396;%1.0
2025-10-18 02:00:00;0,19;0,16;0,2;11;16;10;1.468;0.068;1.400;%1.0
2025-10-18 03:00:00;0,21;0,25;0,2;11;19;11;0.570;0.039;0.531;%3.0
2025-10-18 04:00:00;0,2;0,21;0,2;10;24;9;0.206;0.009;0.197;%1.0
2025-10-18 05:00:00;0,21;0,2;0,21;10;24;9;0.209;0.010;0.199;%3.0
2025-10-18 06:00:00;0,2;0,18;0,2;11;14;10;5.003;0.261;4.742;%1.0
2025-10-18 07:00:00;0,2;0,17;0,2;11;14;10;1.493;0.080;1.413;%2.0
2025-10-18 08:00:00;0,21;0,26;0,21;11;21;10;1.540;0.131;1.409;%6.0
2025-10-18 09:00:00;0,21;0,24;0,2;11;19;10;1.531;0.108;1.424;%4.0
2025-10-18 10:00:00;0,2;0,2;0,2;11;18;10;1.470;0.084;1.386;%4.0
2025-10-18 11:00:00;0,2;0,17;0,2;11;14;10;1.474;0.086;1.387;%2.0
2025-10-18 12:00:00;0,2;0,17;0,2;11;15;10;1.457;0.069;1.387;%2.0
2025-10-18 13:00:00;0,2;0,16;0,21;11;16;10;1.479;0.070;1.410;%3.0
2025-10-18 14:00:00;0,2;0,16;0,2;11;14;10;1.352;0.068;1.284;%2.0
2025-10-18 15:00:00;0,21;0,26;0,21;11;22;10;0.651;0.053;0.598;%3.0
2025-10-18 16:00:00;0,2;0,16;0,2;10;26;10;0.200;0.008;0.193;%1.0
2025-10-18 17:00:00;0,2;0,16;0,2;10;25;10;0.200;0.009;0.192;%1.0
2025-10-18 18:00:00;0,2;0,14;0,21;10;28;10;0.203;0.007;0.196;%3.0
2025-10-18 19:00:00;0,21;0,25;0,2;11;27;10;0.205;0.008;0.197;%3.0
2025-10-18 20:00:00;0,2;0,15;0,2;10;27;10;0.200;0.007;0.192;%1.0
2025-10-18 21:00:00;0,2;0,18;0,2;10;25;10;0.203;0.009;0.194;%1.0
2025-10-18 22:00:00;0,2;0,18;0,2;11;15;10;10.079;0.523;9.556;%2.0
2025-10-18 23:00:00;0,2;0,17;0,2;11;16;10;1.462;0.064;1.398;%4.0
2025-10-19 00:00:00;0,2;0,13;0,21;11;16;10;1.446;0.052;1.394;%6.0
2025-10-19 01:00:00;0,19;0,13;0,2;10;16;10;1.459;0.061;1.398;%2.0
2025-10-19 02:00:00;0,19;0,13;0,2;11;17;10;1.431;0.051;1.380;%2.0
2025-10-19 03:00:00;0,2;0,17;0,2;11;16;10;1.481;0.067;1.414;%2.0
2025-10-19 04:00:00;0,21;0,14;0,21;11;15;11;1.459;0.063;1.396;%6.0
2025-10-19 05:00:00;0,21;0,13;0,21;11;16;10;1.467;0.053;1.413;%6.0
2025-10-19 06:00:00;0,19;0,12;0,2;11;16;10;1.451;0.050;1.402;%2.0
2025-10-19 07:00:00;0,2;0,13;0,2;11;16;10;1.458;0.053;1.404;%2.0
2025-10-19 08:00:00;0,19;0,12;0,2;10;15;10;1.468;0.060;1.408;%2.0
2025-10-19 09:00:00;0,2;0,13;0,21;11;17;11;1.449;0.056;1.393;%6.0
2025-10-19 10:00:00;0,21;0,18;0,21;11;23;10;1.487;0.066;1.421;%6.0
2025-10-19 11:00:00;0,19;0,12;0,2;10;15;10;1.459;0.062;1.397;%2.0
2025-10-19 12:00:00;0,19;0,12;0,2;10;15;10;1.451;0.052;1.399;%2.0
2025-10-19 13:00:00;0,21;0,14;0,21;11;17;10;1.469;0.059;1.410;%5.0
2025-10-19 14:00:00;0,2;0,12;0,2;11;15;10;1.464;0.054;1.410;%2.0
2025-10-19 15:00:00;0,2;0,14;0,2;11;16;10;1.460;0.065;1.395;%3.0
2025-10-19 16:00:00;0,19;0,13;0,2;11;17;10;1.097;0.041;1.056;%1.0
2025-10-19 17:00:00;0,2;0,2;0,2;10;22;10;0.203;0.011;0.192;%1.0
2025-10-19 18:00:00;0,21;0,21;0,21;10;23;10;0.201;0.009;0.191;%3.0
2025-10-19 19:00:00;0,21;0,27;0,21;10;23;10;0.208;0.011;0.197;%3.0
2025-10-19 20:00:00;0,2;0,13;0,2;11;15;10;5.611;0.223;5.388;%1.0
2025-10-19 21:00:00;0,19;0,12;0,2;10;15;10;1.450;0.055;1.395;%2.0
2025-10-19 22:00:00;0,21;0,15;0,21;11;19;10;1.479;0.070;1.408;%6.0
2025-10-19 23:00:00;0,19;0,14;0,2;11;16;10;1.441;0.059;1.382;%2.0
2025-10-20 00:00:00;0,21;0,12;0,21;11;15;10;1.470;0.053;1.417;%6.0
2025-10-20 01:00:00;0,19;0,13;0,2;11;16;10;1.469;0.063;1.407;%2.0
2025-10-20 02:00:00;0,2;0,12;0,2;11;16;10;1.462;0.052;1.410;%2.0
2025-10-20 03:00:00;0,21;0,19;0,21;11;17;10;1.483;0.067;1.415;%4.0
2025-10-20 04:00:00;0,2;0,17;0,2;11;18;10;0.702;0.029;0.673;%3.0
2025-10-20 05:00:00;0,2;0,19;0,2;10;25;10;0.203;0.009;0.194;%1.0
2025-10-20 06:00:00;0,2;0,16;0,2;10;25;10;0.204;0.008;0.196;%1.0
2025-10-20 07:00:00;0,2;0,18;0,2;10;25;10;0.209;0.009;0.200;%3.0
2025-10-20 08:00:00;0,2;0,18;0,2;10;25;10;0.205;0.008;0.197;%3.0
2025-10-20 09:00:00;0,2;0,18;0,2;11;32;10;0.205;0.010;0.195;%1.0
2025-10-20 10:00:00;0,2;0,16;0,2;10;25;10;0.200;0.008;0.192;%1.0
2025-10-20 11:00:00;0,2;0,19;0,2;10;23;10;0.206;0.011;0.195;%1.0
2025-10-20 12:00:00;0,21;0,17;0,21;10;25;10;0.204;0.008;0.195;%3.0
2025-10-20 13:00:00;0,2;0,18;0,2;10;24;10;0.203;0.009;0.194;%1.0
2025-10-20 14:00:00;0,2;0,19;0,2;10;24;10;0.205;0.009;0.196;%3.0
2025-10-20 15:00:00;0,2;0,22;0,2;10;25;10;0.209;0.011;0.198;%1.0
2025-10-20 16:00:00;0,2;0,17;0,2;10;25;10;0.203;0.008;0.195;%1.0
2025-10-20 17:00:00;0,21;0,21;0,21;10;23;10;0.203;0.011;0.193;%3.0
2025-10-20 18:00:00;0,2;0,21;0,2;11;24;10;0.195;0.009;0.186;%1.0
2025-10-20 19:00:00;0,21;0,24;0,21;11;24;10;0.202;0.010;0.192;%3.0
2025-10-20 20:00:00;0,2;0,19;0,2;10;24;10;0.202;0.009;0.193;%1.0
2025-10-20 21:00:00;0,2;0,18;0,2;10;23;10;0.204;0.010;0.194;%1.0
2025-10-20 22:00:00;0,2;0,15;0,2;10;25;10;0.201;0.008;0.193;%1.0
2025-10-20 23:00:00;0,21;0,2;0,21;10;23;10;0.206;0.010;0.197;%3.0
2025-10-21 00:00:00;0,2;0,19;0,2;10;25;10;0.203;0.008;0.194;%3.0
2025-10-21 01:00:00;0,2;0,18;0,2;10;24;10;0.211;0.009;0.202;%1.0
2025-10-21 02:00:00;0,2;0,17;0,2;10;28;10;0.203;0.008;0.196;%1.0
2025-10-21 03:00:00;0,21;0,3;0,2;12;22;10;0.219;0.022;0.197;%1.0
2025-10-21 04:00:00;0,21;0,21;0,21;10;27;10;0.204;0.007;0.197;%3.0
2025-10-21 05:00:00;0,21;0,19;0,21;10;25;10;0.204;0.009;0.195;%3.0
2025-10-21 06:00:00;0,2;0,14;0,2;11;14;10;33.755;1.461;32.294;%1.0
2025-10-21 07:00:00;0,2;0,21;0,2;11;24;10;1.483;0.097;1.386;%2.0
2025-10-21 08:00:00;0,2;0,14;0,2;11;14;10;1.472;0.069;1.403;%3.0
2025-10-21 09:00:00;0,21;0,16;0,21;11;18;10;1.479;0.062;1.417;%5.0
2025-10-21 10:00:00;0,21;0,19;0,21;11;19;10;1.468;0.072;1.397;%6.0
2025-10-21 11:00:00;0,2;0,16;0,2;10;14;10;1.494;0.073;1.421;%2.0
2025-10-21 12:00:00;0,2;0,17;0,2;11;15;10;1.466;0.069;1.397;%2.0
2025-10-21 13:00:00;0,2;0,14;0,2;11;17;10;1.461;0.060;1.401;%3.0
2025-10-21 14:00:00;0,2;0,17;0,21;11;14;10;1.480;0.075;1.404;%5.0
2025-10-21 15:00:00;0,2;0,18;0,21;11;15;10;1.470;0.081;1.389;%6.0
2025-10-21 16:00:00;0,2;0,23;0,2;11;17;10;1.506;0.107;1.399;%2.0
2025-10-21 17:00:00;0,19;0,17;0,2;11;15;10;1.465;0.076;1.389;%2.0
2025-10-21 18:00:00;0,21;0,18;0,21;11;15;10;1.472;0.083;1.389;%6.0
2025-10-21 19:00:00;0,2;0,2;0,2;11;16;10;1.476;0.082;1.393;%3.0
2025-10-21 20:00:00;0,2;0,17;0,2;10;14;10;1.467;0.069;1.398;%5.0
2025-10-21 21:00:00;0,2;0,17;0,2;11;15;10;1.479;0.081;1.398;%2.0
2025-10-21 22:00:00;0,2;0,17;0,2;11;19;10;1.461;0.074;1.387;%2.0
2025-10-21 23:00:00;0,21;0,17;0,21;11;15;10;1.482;0.068;1.414;%6.0
2025-10-22 00:00:00;0,2;0,18;0,21;11;15;11;1.470;0.077;1.393;%5.0
2025-10-22 01:00:00;0,2;0,17;0,2;11;13;10;1.491;0.079;1.412;%3.0
2025-10-22 02:00:00;0,2;0,15;0,2;11;14;10;1.464;0.066;1.398;%2.0
2025-10-22 03:00:00;0,2;0,2;0,2;11;17;10;1.480;0.081;1.399;%2.0
2025-10-22 04:00:00;0,21;0,16;0,21;10;13;10;1.486;0.074;1.412;%5.0
2025-10-22 05:00:00;0,2;0,19;0,2;11;18;10;1.477;0.073;1.405;%1.0
2025-10-22 06:00:00;0,21;0,17;0,21;10;16;10;1.297;0.057;1.240;%3.0
2025-10-22 07:00:00;0,19;0,15;0,2;11;17;10;0.798;0.032;0.765;%1.0
2025-10-22 08:00:00;0,2;0,19;0,2;11;27;10;0.203;0.008;0.195;%1.0
2025-10-22 09:00:00;0,2;0,18;0,2;11;32;10;0.201;0.010;0.191;%1.0
2025-10-22 10:00:00;0,2;0,15;0,2;10;26;10;0.200;0.008;0.192;%3.0
2025-10-22 11:00:00;0,2;0,19;0,21;11;27;10;0.204;0.009;0.195;%3.0
2025-10-22 12:00:00;0,2;0,18;0,2;11;26;10;0.200;0.008;0.191;%1.0
2025-10-22 13:00:00;0,2;0,18;0,2;10;24;10;0.203;0.010;0.193;%1.0
2025-10-22 14:00:00;0,2;0,15;0,2;10;27;10;0.200;0.008;0.192;%1.0
2025-10-22 15:00:00;0,21;0,19;0,21;10;24;10;0.205;0.010;0.195;%3.0
2025-10-22 16:00:00;0,2;0,15;0,2;10;27;10;0.205;0.007;0.198;%3.0
2025-10-22 17:00:00;0,2;0,22;0,2;14;87;10;0.208;0.012;0.196;%1.0
2025-10-22 18:00:00;0,2;0,18;0,2;12;68;10;0.200;0.009;0.191;%1.0
2025-10-22 19:00:00;0,2;0,24;0,2;11;25;10;0.198;0.010;0.189;%1.0
2025-10-22 20:00:00;0,21;0,18;0,21;10;26;10;0.201;0.008;0.193;%3.0
2025-10-22 21:00:00;0,2;0,12;0,2;11;16;10;18.596;0.750;17.846;%5.0
2025-10-22 22:00:00;0,2;0,16;0,2;11;21;10;1.471;0.064;1.408;%2.0
2025-10-22 23:00:00;0,19;0,12;0,2;11;15;11;1.458;0.057;1.400;%2.0
2025-10-23 00:00:00;0,19;0,12;0,2;11;14;10;1.455;0.062;1.393;%2.0
2025-10-23 01:00:00;0,2;0,13;0,21;11;15;10;1.460;0.057;1.403;%6.0
2025-10-23 02:00:00;0,2;0,13;0,2;11;15;10;1.447;0.056;1.391;%5.0
2025-10-23 03:00:00;0,2;0,2;0,2;11;19;10;1.490;0.075;1.415;%3.0
2025-10-23 04:00:00;0,19;0,13;0,2;11;15;10;1.459;0.064;1.395;%2.0
2025-10-23 05:00:00;0,2;0,13;0,2;11;17;10;1.464;0.056;1.408;%2.0
2025-10-23 06:00:00;0,2;0,14;0,21;10;17;10;1.460;0.059;1.401;%6.0
2025-10-23 07:00:00;0,19;0,13;0,2;10;14;10;1.461;0.064;1.396;%2.0
2025-10-23 08:00:00;0,2;0,13;0,21;10;15;10;1.461;0.055;1.406;%6.0
2025-10-23 09:00:00;0,19;0,13;0,2;11;17;10;1.465;0.057;1.408;%2.0
2025-10-23 10:00:00;0,2;0,17;0,2;11;21;10;1.481;0.072;1.409;%2.0
2025-10-23 11:00:00;0,2;0,14;0,21;11;16;10;1.461;0.058;1.403;%6.0
2025-10-23 12:00:00;0,2;0,15;0,2;11;16;10;1.480;0.058;1.422;%2.0
2025-10-23 13:00:00;0,2;0,15;0,21;11;17;10;1.450;0.056;1.393;%6.0
2025-10-23 14:00:00;0,2;0,14;0,2;11;15;10;1.481;0.065;1.416;%2.0
2025-10-23 15:00:00;0,2;0,14;0,2;11;16;10;1.473;0.060;1.413;%2.0
2025-10-23 16:00:00;0,2;0,12;0,21;11;16;10;1.443;0.052;1.391;%6.0
2025-10-23 17:00:00;0,2;0,13;0,2;11;14;10;1.471;0.064;1.407;%3.0
2025-10-23 18:00:00;0,2;0,13;0,21;11;15;10;1.435;0.054;1.381;%4.0
2025-10-23 19:00:00;0,19;0,14;0,2;11;17;10;1.440;0.059;1.380;%1.0
2025-10-23 20:00:00;0,19;0,13;0,2;10;15;10;1.409;0.060;1.349;%1.0
2025-10-23 21:00:00;0,21;0,19;0,21;11;25;10;0.199;0.009;0.190;%3.0
2025-10-23 22:00:00;0,2;0,18;0,2;10;23;10;0.206;0.009;0.197;%1.0
2025-10-23 23:00:00;0,21;0,19;0,21;10;25;10;0.207;0.009;0.198;%3.0
2025-10-24 00:00:00;0,2;0,16;0,2;10;26;10;0.204;0.008;0.196;%1.0
2025-10-24 01:00:00;0,2;0,18;0,2;10;25;10;0.207;0.010;0.197;%1.0
2025-10-24 02:00:00;0,2;0,18;0,2;10;25;10;0.201;0.008;0.193;%1.0
2025-10-24 03:00:00;0,22;0,31;0,21;12;21;11;0.220;0.023;0.196;%3.0
2025-10-24 04:00:00;0,21;0,22;0,21;10;25;10;0.201;0.008;0.193;%3.0
2025-10-24 05:00:00;0,2;0,18;0,2;11;25;10;0.203;0.009;0.194;%1.0
2025-10-24 06:00:00;0,2;0,15;0,2;10;27;10;0.199;0.007;0.191;%1.0
2025-10-24 07:00:00;0,2;0,19;0,2;10;25;10;0.203;0.010;0.193;%1.0
2025-10-24 08:00:00;0,2;0,15;0,2;10;26;10;0.201;0.008;0.194;%2.0
2025-10-24 09:00:00;0,21;0,2;0,21;11;31;10;0.202;0.010;0.192;%2.0
2025-10-24 10:00:00;0,21;0,2;0,21;10;23;10;0.205;0.009;0.196;%3.0
2025-10-24 11:00:00;0,2;0,15;0,2;11;15;10;19.206;0.875;18.331;%2.0
2025-10-24 12:00:00;0,19;0,14;0,2;10;13;10;1.462;0.073;1.389;%2.0
2025-10-24 13:00:00;0,2;0,21;0,2;11;16;10;1.515;0.097;1.418;%3.0
2025-10-24 14:00:00;0,21;0,19;0,21;11;23;10;1.485;0.080;1.406;%6.0
2025-10-24 15:00:00;0,21;0,21;0,21;11;20;11;1.494;0.080;1.413;%6.0
2025-10-24 16:00:00;0,2;0,16;0,2;11;13;10;1.506;0.076;1.429;%2.0
2025-10-24 17:00:00;0,19;0,15;0,2;10;15;10;1.465;0.068;1.397;%2.0
2025-10-24 18:00:00;0,21;0,17;0,21;11;17;10;1.472;0.071;1.401;%6.0
2025-10-24 19:00:00;0,2;0,18;0,2;11;14;10;1.481;0.086;1.396;%2.0
2025-10-24 20:00:00;0,21;0,14;0,21;11;16;10;1.460;0.063;1.396;%4.0
2025-10-24 21:00:00;0,2;0,16;0,2;11;15;10;1.442;0.066;1.376;%1.0
2025-10-24 22:00:00;0,2;0,2;0,2;11;22;10;0.946;0.052;0.894;%1.0
2025-10-24 23:00:00;0,2;0,18;0,2;10;24;10;0.205;0.009;0.196;%3.0
2025-10-25 00:00:00;0,2;0,17;0,2;10;26;10;0.203;0.008;0.194;%1.0
2025-10-25 01:00:00;0,2;0,17;0,2;10;25;10;0.203;0.009;0.194;%3.0
2025-10-25 02:00:00;0,2;0,16;0,2;11;26;10;0.197;0.008;0.190;%1.0
2025-10-25 03:00:00;0,21;0,3;0,2;12;22;10;0.217;0.022;0.195;%1.0
2025-10-25 04:00:00;0,2;0,2;0,2;11;29;10;0.199;0.007;0.192;%1.0
2025-10-25 05:00:00;0,21;0,18;0,21;10;23;10;0.201;0.009;0.192;%3.0
2025-10-25 06:00:00;0,2;0,19;0,21;10;24;10;0.198;0.009;0.190;%3.0
2025-10-25 07:00:00;0,2;0,22;0,2;11;27;10;0.201;0.010;0.191;%1.0
2025-10-25 08:00:00;0,2;0,17;0,2;11;14;10;13.563;0.709;12.853;%1.0
2025-10-25 09:00:00;0,2;0,15;0,2;11;16;10;1.487;0.073;1.414;%2.0
2025-10-25 10:00:00;0,21;0,2;0,21;11;20;10;1.484;0.079;1.405;%6.0
2025-10-25 11:00:00;0,2;0,18;0,21;11;15;10;1.476;0.080;1.396;%6.0
2025-10-25 12:00:00;0,2;0,2;0,2;11;17;10;1.482;0.081;1.401;%2.0
2025-10-25 13:00:00;0,2;0,17;0,2;11;17;10;1.482;0.072;1.410;%2.0
2025-10-25 14:00:00;0,21;0,14;0,21;11;16;10;1.460;0.067;1.393;%4.0
2025-10-25 15:00:00;0,2;0,13;0,2;11;15;10;1.468;0.060;1.408;%1.0
2025-10-25 16:00:00;0,21;0,14;0,21;11;15;10;1.236;0.049;1.187;%3.0
2025-10-25 17:00:00;0,2;0,21;0,2;10;24;10;0.206;0.011;0.195;%1.0
2025-10-25 18:00:00;0,2;0,17;0,2;10;24;10;0.201;0.009;0.193;%1.0
2025-10-25 19:00:00;0,2;0,21;0,2;10;23;10;0.209;0.010;0.199;%1.0
2025-10-25 20:00:00;0,21;0,2;0,21;10;22;10;0.204;0.010;0.194;%3.0
2025-10-25 21:00:00;0,2;0,2;0,2;10;23;10;0.202;0.010;0.192;%3.0
2025-10-25 22:00:00;0,2;0,18;0,2;10;25;10;0.202;0.008;0.194;%1.0
2025-10-25 23:00:00;0,2;0,21;0,2;10;21;10;0.206;0.012;0.194;%1.0
2025-10-26 00:00:00;0,2;0,17;0,2;11;26;10;0.199;0.008;0.191;%1.0
2025-10-26 01:00:00;0,21;0,25;0,21;11;24;10;0.206;0.012;0.195;%3.0
2025-10-26 02:00:00;0,21;0,21;0,21;11;26;10;0.201;0.009;0.192;%3.0
2025-10-26 03:00:00;0,21;0,31;0,2;12;22;11;0.215;0.022;0.193;%1.0
2025-10-26 04:00:00;0,2;0,19;0,2;10;25;10;0.206;0.008;0.198;%1.0
2025-10-26 05:00:00;0,2;0,17;0,2;10;25;10;0.207;0.009;0.197;%1.0
2025-10-26 06:00:00;0,2;0,16;0,21;10;25;10;0.202;0.009;0.193;%3.0
2025-10-26 07:00:00;0,2;0,21;0,2;11;26;10;0.204;0.010;0.195;%1.0
2025-10-26 08:00:00;0,2;0,17;0,2;10;26;10;0.205;0.008;0.198;%2.0
2025-10-26 09:00:00;0,2;0,19;0,2;11;30;10;0.206;0.010;0.195;%1.0
2025-10-26 10:00:00;0,2;0,15;0,2;10;26;10;0.199;0.008;0.191;%1.0
2025-10-26 11:00:00;0,21;0,18;0,21;10;24;10;0.201;0.010;0.191;%3.0
2025-10-26 12:00:00;0,21;0,19;0,21;11;24;10;0.196;0.009;0.187;%3.0
2025-10-26 13:00:00;0,2;0,2;0,2;11;25;10;0.202;0.010;0.192;%1.0
2025-10-26 14:00:00;0,2;0,18;0,2;10;23;10;0.204;0.010;0.194;%1.0
2025-10-26 15:00:00;0,2;0,18;0,2;10;23;10;0.209;0.010;0.199;%1.0
2025-10-26 16:00:00;0,21;0,18;0,21;10;26;10;0.204;0.008;0.196;%3.0
2025-10-26 17:00:00;0,21;0,22;0,2;10;24;10;0.208;0.011;0.197;%3.0
2025-10-26 18:00:00;0,2;0,15;0,2;10;28;10;0.204;0.007;0.197;%1.0
2025-10-26 19:00:00;0,2;0,13;0,2;11;14;10;34.548;1.477;33.071;%2.0
2025-10-26 20:00:00;0,19;0,14;0,2;11;15;10;1.466;0.069;1.398;%2.0
2025-10-26 21:00:00;0,21;0,13;0,21;11;15;10;1.468;0.057;1.410;%6.0
2025-10-26 22:00:00;0,2;0,18;0,21;11;24;10;1.470;0.065;1.405;%6.0
2025-10-26 23:00:00;0,19;0,14;0,2;10;14;10;1.475;0.068;1.406;%2.0
2025-10-27 00:00:00;0,19;0,13;0,2;11;18;10;1.453;0.062;1.391;%2.0
2025-10-27 01:00:00;0,2;0,13;0,2;11;15;10;1.480;0.063;1.417;%4.0
2025-10-27 02:00:00;0,2;0,14;0,2;11;14;10;1.476;0.067;1.410;%4.0
2025-10-27 03:00:00;0,21;0,19;0,21;11;16;10;1.483;0.071;1.411;%6.0
2025-10-27 04:00:00;0,19;0,14;0,2;10;15;10;1.481;0.061;1.420;%2.0
2025-10-27 05:00:00;0,2;0,14;0,2;11;14;10;1.483;0.068;1.415;%2.0
2025-10-27 06:00:00;0,21;0,14;0,21;11;15;10;1.473;0.058;1.415;%6.0
2025-10-27 07:00:00;0,2;0,15;0,21;11;16;10;1.483;0.058;1.426;%6.0
2025-10-27 08:00:00;0,19;0,14;0,2;10;14;10;1.475;0.064;1.411;%2.0
2025-10-27 09:00:00;0,19;0,14;0,2;11;18;10;1.460;0.059;1.401;%2.0
2025-10-27 10:00:00;0,2;0,16;0,2;11;23;10;1.460;0.060;1.400;%2.0
2025-10-27 11:00:00;0,21;0,15;0,21;11;16;10;1.450;0.063;1.387;%6.0
2025-10-27 12:00:00;0,2;0,13;0,2;10;14;10;1.465;0.066;1.398;%5.0
2025-10-27 13:00:00;0,2;0,17;0,2;11;17;10;1.469;0.070;1.400;%2.0
2025-10-27 14:00:00;0,2;0,19;0,2;11;15;10;1.480;0.081;1.400;%2.0
2025-10-27 15:00:00;0,2;0,17;0,2;11;14;10;1.509;0.086;1.423;%2.0
2025-10-27 16:00:00;0,21;0,16;0,21;10;15;10;1.483;0.065;1.417;%5.0
2025-10-27 17:00:00;0,2;0,17;0,2;11;14;10;1.419;0.073;1.346;%1.0
2025-10-27 18:00:00;0,21;0,18;0,21;11;14;10;1.417;0.079;1.338;%3.0
2025-10-27 19:00:00;0,2;0,23;0,2;11;24;10;0.202;0.010;0.191;%1.0
2025-10-27 20:00:00;0,2;0,16;0,2;11;26;10;0.198;0.008;0.190;%1.0
2025-10-27 21:00:00;0,21;0,19;0,21;11;24;10;0.201;0.010;0.191;%3.0
2025-10-27 22:00:00;0,2;0,17;0,2;10;23;10;0.201;0.009;0.192;%1.0
2025-10-27 23:00:00;0,21;0,19;0,21;10;24;10;0.202;0.010;0.192;%3.0
2025-10-28 00:00:00;0,2;0,17;0,2;10;26;10;0.202;0.008;0.194;%1.0
2025-10-28 01:00:00;0,2;0,19;0,2;10;23;10;0.207;0.010;0.197;%1.0
2025-10-28 02:00:00;0,2;0,17;0,2;10;24;10;0.207;0.009;0.198;%3.0
2025-10-28 03:00:00;0,22;0,31;0,21;11;21;10;0.221;0.023;0.198;%3.0
2025-10-28 04:00:00;0,2;0,23;0,2;11;21;10;0.202;0.011;0.192;%1.0
2025-10-28 05:00:00;0,2;0,19;0,2;11;26;10;0.205;0.010;0.195;%1.0
2025-10-28 06:00:00;0,2;0,18;0,2;10;24;10;0.206;0.009;0.197;%1.0
2025-10-28 07:00:00;0,21;0,21;0,21;10;25;10;0.214;0.011;0.204;%3.0
2025-10-28 08:00:00;0,2;0,19;0,2;11;16;10;18.249;1.027;17.222;%3.0
2025-10-28 09:00:00;0,2;0,17;0,2;11;18;10;1.465;0.070;1.394;%4.0
2025-10-28 10:00:00;0,2;0,18;0,2;11;18;10;1.475;0.083;1.392;%2.0
2025-10-28 11:00:00;0,2;0,17;0,2;11;16;10;1.456;0.071;1.385;%2.0
2025-10-28 12:00:00;0,21;0,16;0,21;10;15;10;1.462;0.067;1.395;%6.0
2025-10-28 13:00:00;0,2;0,18;0,2;11;14;10;1.472;0.090;1.382;%3.0
2025-10-28 14:00:00;0,2;0,17;0,2;11;15;10;1.458;0.066;1.391;%5.0
2025-10-28 15:00:00;0,2;0,15;0,2;11;15;10;1.474;0.068;1.406;%2.0
2025-10-28 16:00:00;0,2;0,17;0,2;11;15;10;1.484;0.084;1.400;%2.0
2025-10-28 17:00:00;0,21;0,19;0,21;11;16;10;1.496;0.077;1.419;%5.0
2025-10-28 18:00:00;0,2;0,17;0,21;11;15;10;1.432;0.067;1.365;%3.0
2025-10-28 19:00:00;0,2;0,13;0,2;11;16;10;1.120;0.045;1.075;%1.0
2025-10-28 20:00:00;0,2;0,18;0,2;11;28;10;0.205;0.009;0.196;%1.0
2025-10-28 21:00:00;0,2;0,18;0,2;10;25;10;0.208;0.009;0.198;%1.0
2025-10-28 22:00:00;0,2;0,19;0,2;10;25;10;0.207;0.009;0.199;%3.0
2025-10-28 23:00:00;0,2;0,2;0,2;10;25;10;0.207;0.010;0.198;%3.0
2025-10-29 00:00:00;0,2;0,18;0,2;10;24;10;0.206;0.009;0.197;%1.0
2025-10-29 01:00:00;0,2;0,19;0,2;11;25;10;0.204;0.010;0.194;%1.0
2025-10-29 02:00:00;0,2;0,17;0,2;11;24;10;0.199;0.009;0.190;%1.0
2025-10-29 03:00:00;0,22;0,3;0,21;12;22;10;0.220;0.023;0.197;%3.0
2025-10-29 04:00:00;0,21;0,21;0,21;10;24;10;0.203;0.009;0.194;%3.0
2025-10-29 05:00:00;0,2;0,12;0,2;11;14;10;13.158;0.535;12.624;%2.0
2025-10-29 06:00:00;0,19;0,12;0,2;11;15;10;1.451;0.055;1.395;%2.0
2025-10-29 07:00:00;0,2;0,15;0,2;11;18;10;1.475;0.071;1.404;%2.0
2025-10-29 08:00:00;0,21;0,13;0,21;11;16;10;1.478;0.059;1.419;%6.0
2025-10-29 09:00:00;0,2;0,16;0,2;11;23;10;1.455;0.065;1.390;%3.0
2025-10-29 10:00:00;0,2;0,17;0,2;11;20;10;1.449;0.065;1.384;%4.0
2025-10-29 11:00:00;0,19;0,13;0,2;11;14;10;1.452;0.068;1.384;%2.0
2025-10-29 12:00:00;0,19;0,13;0,2;11;15;10;1.444;0.059;1.385;%1.0
2025-10-29 13:00:00;0,19;0,12;0,2;11;15;10;1.450;0.057;1.393;%1.0
2025-10-29 14:00:00;0,21;0,22;0,21;11;25;10;0.212;0.010;0.202;%3.0
2025-10-29 15:00:00;0,21;0,24;0,21;11;23;10;0.207;0.011;0.197;%3.0
2025-10-29 16:00:00;0,2;0,18;0,2;10;25;10;0.202;0.008;0.194;%1.0
2025-10-29 17:00:00;0,2;0,19;0,2;10;23;10;0.210;0.010;0.200;%1.0
2025-10-29 18:00:00;0,2;0,17;0,2;10;26;10;0.208;0.008;0.200;%1.0
2025-10-29 19:00:00;0,21;0,24;0,21;10;24;10;0.210;0.010;0.200;%3.0
2025-10-29 20:00:00;0,2;0,22;0,2;10;25;10;0.207;0.009;0.197;%3.0
2025-10-29 21:00:00;0,2;0,18;0,2;10;24;10;0.205;0.010;0.195;%1.0
2025-10-29 22:00:00;0,2;0,16;0,2;10;27;10;0.203;0.008;0.196;%1.0
2025-10-29 23:00:00;0,2;0,14;0,2;11;14;11;13.023;0.570;12.453;%6.0
2025-10-30 00:00:00;0,19;0,12;0,2;11;15;10;1.457;0.055;1.402;%2.0
2025-10-30 01:00:00;0,2;0,14;0,21;11;17;10;1.463;0.056;1.407;%5.0
2025-10-30 02:00:00;0,19;0,12;0,2;11;15;10;1.475;0.061;1.414;%2.0
2025-10-30 03:00:00;0,2;0,18;0,2;11;17;11;1.469;0.068;1.401;%2.0
2025-10-30 04:00:00;0,2;0,12;0,2;10;15;10;1.481;0.055;1.425;%3.0
2025-10-30 05:00:00;0,2;0,13;0,2;11;14;10;1.469;0.063;1.406;%5.0
2025-10-30 06:00:00;0,2;0,14;0,21;11;16;10;1.465;0.058;1.406;%6.0
2025-10-30 07:00:00;0,19;0,13;0,2;10;15;10;1.464;0.056;1.408;%2.0
2025-10-30 08:00:00;0,19;0,12;0,2;11;14;10;1.463;0.064;1.399;%2.0
2025-10-30 09:00:00;0,2;0,13;0,2;11;19;10;1.482;0.059;1.423;%2.0
2025-10-30 10:00:00;0,21;0,17;0,21;11;21;10;1.458;0.065;1.393;%6.0
2025-10-30 11:00:00;0,2;0,15;0,21;11;15;10;1.488;0.070;1.418;%6.0
2025-10-30 12:00:00;0,2;0,14;0,2;11;17;11;1.471;0.061;1.410;%2.0
2025-10-30 13:00:00;0,19;0,14;0,2;11;18;10;1.461;0.063;1.399;%2.0
2025-10-30 14:00:00;0,2;0,13;0,21;10;14;10;1.509;0.064;1.444;%4.0
2025-10-30 15:00:00;0,21;0,16;0,21;11;18;11;1.294;0.055;1.239;%3.0
2025-10-30 16:00:00;0,2;0,18;0,2;10;25;10;0.204;0.009;0.195;%1.0
2025-10-30 17:00:00;0,2;0,2;0,2;10;25;10;0.209;0.011;0.199;%1.0
2025-10-30 18:00:00;0,2;0,18;0,2;10;24;10;0.207;0.009;0.198;%1.0
2025-10-30 19:00:00;0,2;0,16;0,2;11;14;11;5.483;0.261;5.222;%4.0
2025-10-30 20:00:00;0,21;0,2;0,21;11;14;10;1.501;0.093;1.408;%6.0
2025-10-30 21:00:00;0,2;0,2;0,2;11;16;10;1.488;0.084;1.404;%2.0
2025-10-30 22:00:00;0,2;0,23;0,2;11;21;10;1.502;0.100;1.402;%2.0
2025-10-30 23:00:00;0,2;0,18;0,2;11;14;10;1.515;0.094;1.421;%2.0
2025-10-31 00:00:00;0,21;0,2;0,21;11;16;10;1.477;0.084;1.393;%6.0
2025-10-31 01:00:00;0,21;0,23;0,21;11;15;10;1.535;0.107;1.428;%5.0
2025-10-31 02:00:00;0,2;0,19;0,2;11;14;10;1.494;0.095;1.399;%1.0
2025-10-31 03:00:00;0,2;0,2;0,2;11;16;10;1.502;0.089;1.413;%1.0
2025-10-31 04:00:00;0,2;0,22;0,2;11;16;10;0.764;0.046;0.718;%2.0
2025-10-31 05:00:00;0,2;0,2;0,2;10;24;10;0.213;0.010;0.203;%2.0
2025-10-31 06:00:00;0,21;0,17;0,21;10;26;10;0.204;0.008;0.196;%3.0
2025-10-31 07:00:00;0,2;0,2;0,2;11;25;10;0.203;0.010;0.194;%1.0
2025-10-31 08:00:00;0,2;0,17;0,2;10;26;10;0.204;0.008;0.196;%1.0
2025-10-31 09:00:00;0,21;0,19;0,21;11;31;10;0.210;0.010;0.199;%3.0
2025-10-31 10:00:00;0,2;0,22;0,2;11;29;10;0.205;0.008;0.196;%2.0
2025-10-31 11:00:00;0,2;0,2;0,2;10;23;10;0.204;0.010;0.193;%2.0
2025-10-31 12:00:00;0,2;0,19;0,2;10;22;10;0.204;0.010;0.194;%1.0
2025-10-31 13:00:00;0,2;0,22;0,2;11;16;11;12.655;0.869;11.786;%2.0
2025-10-31 14:00:00;0,21;0,19;0,21;11;15;10;1.482;0.091;1.391;%6.0
2025-10-31 15:00:00;0,2;0,23;0,2;11;19;11;1.526;0.100;1.426;%3.0
2025-10-31 16:00:00;0,21;0,23;0,21;11;17;11;1.538;0.126;1.412;%5.0
2025-10-31 17:00:00;0,2;0,19;0,2;11;15;10;1.514;0.088;1.426;%2.0
2025-10-31 18:00:00;0,2;0,21;0,2;11;20;10;1.519;0.093;1.427;%2.0
2025-10-31 19:00:00;0,21;0,21;0,21;11;15;10;1.516;0.104;1.412;%6.0
2025-10-31 20:00:00;0,21;0,24;0,21;11;17;10;1.537;0.109;1.428;%6.0
2025-10-31 21:00:00;0,2;0,23;0,2;11;18;10;1.527;0.101;1.426;%2.0
2025-10-31 22:00:00;0,2;0,22;0,2;11;20;10;1.521;0.120;1.401;%2.0
2025-10-31 23:00:00;0,2;0,18;0,2;11;16;10;1.489;0.078;1.411;%2.0
2025-11-01 00:00:00;0,2;0,2;0,2;11;16;11;1.486;0.088;1.398;%3.0
2025-11-01 01:00:00;0,2;0,17;0,21;11;15;11;1.491;0.085;1.406;%5.0
2025-11-01 02:00:00;0,21;0,15;0,21;11;16;10;1.482;0.063;1.418;%5.0
2025-11-01 03:00:00;0,2;0,19;0,2;11;16;11;1.488;0.077;1.411;%2.0
2025-11-01 04:00:00;0,19;0,14;0,2;11;15;11;1.482;0.074;1.408;%1.0
2025-11-01 05:00:00;0,21;0,17;0,21;11;17;10;0.777;0.036;0.741;%3.0
2025-11-01 06:00:00;0,21;0,21;0,21;10;23;10;0.203;0.010;0.194;%3.0
2025-11-01 07:00:00;0,2;0,24;0,2;11;25;10;0.206;0.011;0.195;%1.0
2025-11-01 08:00:00;0,2;0,21;0,2;11;24;10;0.201;0.010;0.191;%1.0
2025-11-01 09:00:00;0,2;0,14;0,2;11;16;11;6.025;0.263;5.761;%2.0
2025-11-01 10:00:00;0,21;0,16;0,21;11;21;10;1.511;0.079;1.433;%6.0
2025-11-01 11:00:00;0,2;0,14;0,2;11;17;11;1.455;0.059;1.396;%2.0
2025-11-01 12:00:00;0,2;0,15;0,21;11;15;11;1.494;0.072;1.422;%6.0
2025-11-01 13:00:00;0,19;0,14;0,2;11;15;10;1.476;0.062;1.413;%2.0
2025-11-01 14:00:00;0,2;0,15;0,2;11;16;11;1.468;0.063;1.405;%2.0
2025-11-01 15:00:00;0,2;0,14;0,2;11;14;10;1.494;0.074;1.421;%3.0
2025-11-01 16:00:00;0,2;0,15;0,21;11;16;11;1.457;0.069;1.388;%4.0
2025-11-01 17:00:00;0,21;0,16;0,21;11;16;10;1.481;0.074;1.407;%3.0
2025-11-01 18:00:00;0,2;0,18;0,2;11;18;11;0.643;0.030;0.613;%1.0
2025-11-01 19:00:00;0,2;0,23;0,2;10;24;10;0.203;0.011;0.193;%1.0
2025-11-01 20:00:00;0,2;0,17;0,2;10;24;10;0.208;0.009;0.199;%1.0
2025-11-01 21:00:00;0,21;0,22;0,2;10;22;10;0.211;0.011;0.200;%2.0
2025-11-01 22:00:00;0,2;0,2;0,2;10;23;10;0.202;0.009;0.193;%3.0
2025-11-01 23:00:00;0,2;0,2;0,2;10;22;10;0.206;0.011;0.195;%1.0
2025-11-02 00:00:00;0,2;0,19;0,2;10;25;10;0.201;0.009;0.192;%1.0
2025-11-02 01:00:00;0,2;0,19;0,2;10;22;10;0.207;0.011;0.196;%1.0
2025-11-02 02:00:00;0,21;0,24;0,21;11;23;10;0.209;0.014;0.195;%3.0
2025-11-02 03:00:00;0,2;0,16;0,2;11;16;11;12.524;0.592;11.932;%5.0
2025-11-02 04:00:00;0,2;0,16;0,2;11;16;10;1.493;0.061;1.432;%2.0
2025-11-02 05:00:00;0,19;0,15;0,2;11;15;10;1.502;0.074;1.428;%2.0
2025-11-02 06:00:00;0,2;0,14;0,2;11;17;11;1.466;0.060;1.406;%2.0
2025-11-02 07:00:00;0,21;0,16;0,21;11;18;10;1.475;0.064;1.411;%6.0
2025-11-02 08:00:00;0,21;0,15;0,21;11;16;10;1.477;0.063;1.414;%6.0
2025-11-02 09:00:00;0,2;0,16;0,2;11;16;11;1.492;0.079;1.414;%2.0
2025-11-02 10:00:00;0,2;0,18;0,2;11;22;10;1.484;0.067;1.417;%2.0
2025-11-02 11:00:00;0,2;0,15;0,2;11;15;10;1.485;0.076;1.410;%5.0
2025-11-02 12:00:00;0,2;0,16;0,2;11;16;10;1.492;0.065;1.427;%4.0
2025-11-02 13:00:00;0,21;0,16;0,21;11;15;10;1.483;0.065;1.418;%6.0
2025-11-02 14:00:00;0,2;0,17;0,2;11;15;10;1.495;0.077;1.418;%2.0
2025-11-02 15:00:00;0,2;0,14;0,2;11;15;10;1.483;0.066;1.416;%2.0
2025-11-02 16:00:00;0,2;0,14;0,2;11;16;10;1.463;0.064;1.399;%2.0
2025-11-02 17:00:00;0,21;0,15;0,21;11;15;10;1.491;0.074;1.418;%5.0
2025-11-02 18:00:00;0,21;0,16;0,21;11;17;11;1.432;0.061;1.371;%3.0
2025-11-02 19:00:00;0,2;0,23;0,2;11;18;10;0.543;0.029;0.514;%1.0
2025-11-02 20:00:00;0,2;0,17;0,2;10;26;10;0.200;0.008;0.192;%1.0
2025-11-02 21:00:00;0,2;0,18;0,2;11;24;10;0.203;0.010;0.193;%1.0
2025-11-02 22:00:00;0,2;0,16;0,21;10;24;10;0.207;0.008;0.199;%3.0
2025-11-02 23:00:00;0,2;0,15;0,2;11;17;11;6.299;0.293;6.006;%5.0
2025-11-03 00:00:00;0,19;0,15;0,2;11;16;10;1.485;0.063;1.422;%2.0
2025-11-03 01:00:00;0,2;0,18;0,2;11;16;10;1.513;0.092;1.421;%2.0
2025-11-03 02:00:00;0,21;0,19;0,21;11;15;10;1.489;0.084;1.405;%6.0
2025-11-03 03:00:00;0,2;0,23;0,2;11;17;11;1.523;0.101;1.422;%2.0
2025-11-03 04:00:00;0,21;0,21;0,21;11;17;11;1.504;0.094;1.411;%6.0
2025-11-03 05:00:00;0,2;0,17;0,2;11;15;10;1.485;0.075;1.410;%2.0
2025-11-03 06:00:00;0,21;0,19;0,21;11;16;11;1.483;0.074;1.409;%4.0
2025-11-03 07:00:00;0,2;0,19;0,2;11;17;10;1.405;0.086;1.319;%1.0
2025-11-03 08:00:00;0,22;0,22;0,21;11;18;10;0.766;0.041;0.725;%2.0
2025-11-03 09:00:00;0,2;0,17;0,2;11;32;10;0.204;0.009;0.195;%1.0
2025-11-03 10:00:00;;;;;;;;;;