Diyarbakir DYBTOCDELLAPP01;Latency;Read Latency;Write Latency;Avg. Size;Read Size;Write Size;Total IOPS;Read IOPS;Write IOPS;CPU Utilization
2025-10-04 11:31:03;;;;;;;;;;
2025-10-04 12:00:00;0,73;1,09;0,28;298;514;25;2.691;1.500;1.191;%7.0
2025-10-04 13:00:00;0,73;1,09;0,28;297;513;25;2.682;1.493;1.190;%7.0
2025-10-04 14:00:00;0,73;1,09;0,28;297;513;25;2.684;1.494;1.190;%7.0
2025-10-04 15:00:00;0,73;1,09;0,28;297;514;24;2.682;1.496;1.187;%7.0
2025-10-04 16:00:00;0,73;1,09;0,27;298;513;24;2.671;1.495;1.176;%7.0
2025-10-04 17:00:00;0,74;1,09;0,28;298;513;25;2.677;1.496;1.181;%7.0
2025-10-04 18:00:00;0,76;1,09;0,34;301;514;35;2.704;1.501;1.203;%7.0
2025-10-04 19:00:00;0,79;1,1;0,41;302;514;46;2.735;1.497;1.238;%8.0
2025-10-04 20:00:00;0,78;1,09;0,4;302;514;45;2.731;1.496;1.235;%8.0
2025-10-04 21:00:00;0,76;1,09;0,35;300;514;37;2.712;1.493;1.219;%7.0
2025-10-04 22:00:00;0,77;1,1;0,38;302;514;41;2.713;1.497;1.217;%7.0
2025-10-04 23:00:00;0,75;1,09;0,32;300;513;32;2.703;1.501;1.202;%7.0
2025-10-05 00:00:00;0,75;1,09;0,33;299;512;33;2.693;1.491;1.202;%7.0
2025-10-05 01:00:00;0,76;1,09;0,34;301;513;35;2.702;1.500;1.202;%7.0
2025-10-05 02:00:00;0,74;1,09;0,29;299;513;27;2.681;1.498;1.184;%7.0
2025-10-05 03:00:00;0,75;1,08;0,33;300;513;34;2.705;1.502;1.204;%8.0
2025-10-05 04:00:00;0,85;1,09;0,54;301;513;40;2.703;1.492;1.210;%8.0
2025-10-05 05:00:00;0,77;1,09;0,37;303;513;42;2.713;1.499;1.214;%8.0
2025-10-05 06:00:00;0,76;1,09;0,35;301;514;38;2.710;1.500;1.210;%7.0
2025-10-05 07:00:00;0,75;1,09;0,34;300;513;35;2.708;1.498;1.210;%7.0
2025-10-05 08:00:00;0,75;1,09;0,32;298;513;35;2.712;1.496;1.215;%7.0
2025-10-05 09:00:00;0,74;1,09;0,31;298;513;30;2.701;1.498;1.204;%7.0
2025-10-05 10:00:00;0,74;1,09;0,31;300;513;32;2.692;1.502;1.191;%7.0
2025-10-05 11:00:00;0,74;1,09;0,3;299;513;29;2.691;1.499;1.192;%7.0
2025-10-05 12:00:00;0,74;1,09;0,3;298;513;28;2.696;1.502;1.194;%7.0
2025-10-05 13:00:00;0,74;1,09;0,29;297;513;27;2.684;1.491;1.193;%7.0
2025-10-05 14:00:00;0,73;1,09;0,29;297;514;26;2.691;1.498;1.193;%7.0
2025-10-05 15:00:00;0,74;1,09;0,3;298;514;28;2.693;1.498;1.196;%7.0
2025-10-05 16:00:00;0,75;1,09;0,32;300;514;31;2.688;1.500;1.188;%7.0
2025-10-05 17:00:00;0,75;1,09;0,33;299;513;34;2.692;1.492;1.200;%7.0
2025-10-05 18:00:00;0,76;1,09;0,34;301;513;35;2.703;1.501;1.202;%7.0
2025-10-05 19:00:00;0,74;1,09;0,31;299;513;30;2.684;1.496;1.188;%7.0
2025-10-05 20:00:00;0,76;1,09;0,34;300;514;35;2.696;1.495;1.202;%7.0
2025-10-05 21:00:00;0,76;1,09;0,34;300;513;35;2.690;1.491;1.199;%7.0
2025-10-05 22:00:00;0,76;1,09;0,35;302;513;36;2.686;1.499;1.186;%7.0
2025-10-05 23:00:00;0,76;1,09;0,34;302;514;34;2.686;1.501;1.184;%7.0
2025-10-06 00:00:00;0,76;1,09;0,35;301;513;36;2.691;1.498;1.194;%7.0
2025-10-06 01:00:00;0,75;1,09;0,33;300;513;35;2.683;1.489;1.194;%8.0
2025-10-06 02:00:00;0,75;1,09;0,33;301;514;34;2.694;1.500;1.194;%7.0
2025-10-06 03:00:00;1,61;1,12;2,21;302;514;42;2.720;1.501;1.220;%8.0
2025-10-06 04:00:00;0,78;1,09;0,38;299;513;29;2.687;1.499;1.188;%7.0
2025-10-06 05:00:00;0,75;1,09;0,33;300;513;34;2.701;1.499;1.202;%8.0
2025-10-06 06:00:00;0,75;1,09;0,34;301;513;35;2.699;1.499;1.200;%7.0
2025-10-06 07:00:00;0,78;1,09;0,41;303;514;48;2.739;1.501;1.238;%8.0
2025-10-06 08:00:00;0,77;1,09;0,38;301;513;45;2.738;1.500;1.238;%8.0
2025-10-06 09:00:00;0,75;1,09;0,34;300;514;38;2.714;1.494;1.220;%7.0
2025-10-06 10:00:00;0,73;1,09;0,28;299;514;26;2.682;1.499;1.182;%7.0
2025-10-06 11:00:00;0,74;1,09;0,29;298;514;26;2.684;1.497;1.187;%7.0
2025-10-06 12:00:00;0,78;1,1;0,4;302;514;45;2.729;1.496;1.233;%8.0
2025-10-06 13:00:00;0,77;1,09;0,36;300;514;40;2.721;1.498;1.223;%7.0
2025-10-06 14:00:00;0,76;1,09;0,35;300;514;37;2.719;1.502;1.217;%7.0
2025-10-06 15:00:00;0,77;1,09;0,37;302;514;40;2.713;1.499;1.214;%8.0
2025-10-06 16:00:00;0,75;1,09;0,32;302;514;32;2.674;1.501;1.173;%7.0
2025-10-06 17:00:00;0,73;1,09;0,28;299;514;25;2.676;1.499;1.176;%7.0
2025-10-06 18:00:00;0,74;1,09;0,31;298;513;30;2.704;1.497;1.207;%7.0
2025-10-06 19:00:00;0,79;1,09;0,43;301;514;43;2.735;1.499;1.236;%8.0
2025-10-06 20:00:00;0,77;1,09;0,37;300;514;37;2.715;1.497;1.218;%7.0
2025-10-06 21:00:00;0,8;1,09;0,44;301;514;44;2.736;1.498;1.239;%8.0
2025-10-06 22:00:00;0,8;1,1;0,45;303;514;47;2.729;1.497;1.231;%8.0
2025-10-06 23:00:00;0,8;1,1;0,44;303;514;45;2.721;1.494;1.227;%8.0
2025-10-07 00:00:00;0,8;1,09;0,45;303;513;46;2.726;1.499;1.227;%8.0
2025-10-07 01:00:00;0,79;1,09;0,42;304;514;49;2.740;1.501;1.239;%8.0
2025-10-07 02:00:00;0,78;1,09;0,4;303;514;44;2.726;1.502;1.225;%8.0
2025-10-07 03:00:00;1,37;1,12;1,67;303;514;52;2.735;1.491;1.244;%8.0
2025-10-07 04:00:00;0,81;1,09;0,45;303;513;43;2.714;1.500;1.214;%8.0
2025-10-07 05:00:00;0,77;1,09;0,39;303;514;43;2.713;1.499;1.213;%8.0
2025-10-07 06:00:00;0,77;1,09;0,38;303;514;43;2.717;1.501;1.215;%8.0
2025-10-07 07:00:00;0,77;1,09;0,38;302;514;43;2.734;1.502;1.232;%8.0
2025-10-07 08:00:00;0,77;1,09;0,37;300;513;41;2.737;1.501;1.236;%8.0
2025-10-07 09:00:00;0,77;1,09;0,38;300;513;42;2.736;1.498;1.238;%8.0
2025-10-07 10:00:00;0,79;1,09;0,44;304;514;54;2.757;1.497;1.260;%8.0
2025-10-07 11:00:00;0,78;1,09;0,39;299;514;26;2.687;1.503;1.185;%7.0
2025-10-07 12:00:00;0,73;1,09;0,28;298;514;26;2.685;1.497;1.188;%7.0
2025-10-07 13:00:00;0,75;1,09;0,32;298;513;26;2.687;1.497;1.190;%7.0
2025-10-07 14:00:00;0,8;1,09;0,45;302;514;49;2.749;1.497;1.252;%8.0
2025-10-07 15:00:00;0,8;1,1;0,46;303;514;52;2.755;1.497;1.258;%8.0
2025-10-07 16:00:00;0,78;1,09;0,4;302;514;42;2.721;1.501;1.220;%8.0
2025-10-07 17:00:00;0,79;1,09;0,42;302;514;44;2.731;1.500;1.231;%8.0
2025-10-07 18:00:00;0,73;1,09;0,27;298;514;24;2.687;1.502;1.185;%7.0
2025-10-07 19:00:00;0,75;1,09;0,33;298;514;26;2.684;1.498;1.186;%7.0
2025-10-07 20:00:00;0,78;1,09;0,4;301;514;40;2.721;1.498;1.223;%8.0
2025-10-07 21:00:00;0,76;1,09;0,36;300;514;36;2.710;1.498;1.212;%7.0
2025-10-07 22:00:00;0,77;1,09;0,38;302;514;38;2.709;1.504;1.205;%7.0
2025-10-07 23:00:00;0,77;1,09;0,36;301;513;35;2.703;1.501;1.203;%7.0
2025-10-08 00:00:00;0,77;1,09;0,37;301;513;37;2.714;1.504;1.210;%7.0
2025-10-08 01:00:00;0,78;1,09;0,4;303;513;46;2.730;1.499;1.231;%8.0
2025-10-08 02:00:00;0,76;1,09;0,35;301;514;37;2.706;1.498;1.208;%7.0
2025-10-08 03:00:00;1,52;1,13;2;302;514;41;2.717;1.498;1.219;%8.0
2025-10-08 04:00:00;0,81;1,09;0,45;301;513;35;2.690;1.495;1.195;%7.0
2025-10-08 05:00:00;0,76;1,09;0,34;302;513;36;2.695;1.500;1.194;%7.0
2025-10-08 06:00:00;0,76;1,09;0,34;302;513;38;2.701;1.499;1.202;%7.0
2025-10-08 07:00:00;0,75;1,09;0,34;301;514;36;2.707;1.502;1.205;%7.0
2025-10-08 08:00:00;0,76;1,09;0,34;300;513;36;2.713;1.502;1.211;%7.0
2025-10-08 09:00:00;0,75;1,09;0,33;300;513;35;2.701;1.497;1.205;%7.0
2025-10-08 10:00:00;0,77;1,09;0,37;304;514;44;2.711;1.501;1.210;%8.0
2025-10-08 11:00:00;0,76;1,09;0,34;301;514;35;2.700;1.500;1.201;%7.0
2025-10-08 12:00:00;0,76;1,09;0,36;301;513;38;2.711;1.502;1.209;%7.0
2025-10-08 13:00:00;0,77;1,09;0,37;301;513;40;2.719;1.498;1.221;%7.0
2025-10-08 14:00:00;0,76;1,09;0,36;300;514;39;2.727;1.501;1.226;%7.0
2025-10-08 15:00:00;0,76;1,09;0,36;299;514;38;2.712;1.489;1.223;%7.0
2025-10-08 16:00:00;0,76;1,1;0,36;300;513;40;2.713;1.492;1.221;%7.0
2025-10-08 17:00:00;0,76;1,09;0,35;300;513;37;2.720;1.501;1.220;%7.0
2025-10-08 18:00:00;0,79;1,1;0,43;303;514;50;2.751;1.501;1.251;%8.0
2025-10-08 19:00:00;0,78;1,09;0,39;301;513;44;2.736;1.498;1.238;%8.0
2025-10-08 20:00:00;0,75;1,09;0,33;299;514;34;2.710;1.500;1.210;%7.0
2025-10-08 21:00:00;0,77;1,09;0,36;299;513;38;2.718;1.496;1.222;%8.0
2025-10-08 22:00:00;0,76;1,09;0,35;300;513;36;2.702;1.496;1.206;%8.0
2025-10-08 23:00:00;0,76;1,09;0,34;300;513;35;2.701;1.497;1.204;%7.0
2025-10-09 00:00:00;0,77;1,09;0,37;301;513;39;2.710;1.502;1.209;%8.0
2025-10-09 01:00:00;2,43;1,18;3,84;296;511;54;2.807;1.488;1.319;%9.0
2025-10-09 02:00:00;1;0,79;1,24;139;231;33;7.009;3.735;3.273;%14.0
2025-10-09 03:00:00;1,17;0,98;1,45;275;433;41;3.028;1.810;1.219;%12.0
2025-10-09 04:00:00;0,78;1,08;0,37;307;508;37;2.648;1.518;1.130;%13.0
2025-10-09 05:00:00;0,77;1,07;0,36;305;507;37;2.647;1.510;1.137;%8.0
2025-10-09 06:00:00;0,77;1,08;0,36;307;511;38;2.647;1.503;1.144;%7.0
2025-10-09 07:00:00;0,77;1,08;0,36;307;512;39;2.658;1.504;1.154;%7.0
2025-10-09 08:00:00;0,77;1,08;0,35;305;509;37;2.656;1.508;1.148;%7.0
2025-10-09 09:00:00;0,77;1,08;0,35;306;510;35;2.644;1.507;1.137;%7.0
2025-10-09 10:00:00;0,78;1,08;0,39;309;512;44;2.652;1.501;1.151;%8.0
2025-10-09 11:00:00;0,79;1,08;0,42;309;513;47;2.670;1.503;1.167;%8.0
2025-10-09 12:00:00;0,79;1,08;0,42;309;512;49;2.678;1.504;1.173;%8.0
2025-10-09 13:00:00;0,74;1,08;0,29;305;514;25;2.615;1.499;1.116;%7.0
2025-10-09 14:00:00;0,79;1,08;0,41;307;512;43;2.672;1.506;1.166;%8.0
2025-10-09 15:00:00;0,77;1,08;0,36;306;511;35;2.652;1.509;1.143;%7.0
2025-10-09 16:00:00;0,78;1,08;0,39;307;513;41;2.669;1.506;1.163;%7.0
2025-10-09 17:00:00;0,74;1,08;0,28;304;513;25;2.631;1.503;1.128;%7.0
2025-10-09 18:00:00;0,74;1,08;0,28;304;513;25;2.638;1.506;1.132;%6.0
2025-10-09 19:00:00;0,8;1,09;0,43;307;514;42;2.668;1.500;1.168;%8.0
2025-10-09 20:00:00;0,79;1,09;0,41;307;514;39;2.651;1.498;1.154;%7.0
2025-10-09 21:00:00;0,77;1,08;0,37;306;514;35;2.639;1.495;1.144;%7.0
2025-10-09 22:00:00;0,77;1,08;0,36;308;514;35;2.641;1.503;1.138;%7.0
2025-10-09 23:00:00;0,81;1,09;0,45;309;514;46;2.660;1.497;1.163;%8.0
2025-10-10 00:00:00;0,73;1,08;0,27;304;513;23;2.619;1.501;1.118;%7.0
2025-10-10 01:00:00;0,81;1,08;0,46;309;513;49;2.678;1.502;1.176;%8.0
2025-10-10 02:00:00;0,73;1,08;0,27;304;512;23;2.621;1.503;1.118;%7.0
2025-10-10 03:00:00;1,2;1,03;1,44;290;469;32;2.812;1.659;1.153;%7.0
2025-10-10 04:00:00;0,74;1,07;0,28;302;507;25;2.645;1.521;1.123;%7.0
2025-10-10 05:00:00;0,74;1,07;0,27;305;512;23;2.610;1.506;1.103;%7.0
2025-10-10 06:00:00;0,74;1,08;0,29;306;513;26;2.617;1.505;1.112;%7.0
2025-10-10 07:00:00;0,74;1,08;0,27;306;513;23;2.601;1.501;1.100;%6.0
2025-10-10 08:00:00;0,73;1,07;0,27;305;512;23;2.609;1.505;1.104;%6.0
2025-10-10 09:00:00;0,73;1,08;0,27;305;513;23;2.604;1.499;1.105;%6.0
2025-10-10 10:00:00;0,74;1,08;0,27;306;513;23;2.605;1.502;1.103;%7.0
2025-10-10 11:00:00;0,74;1,08;0,27;305;513;23;2.612;1.505;1.107;%7.0
2025-10-10 12:00:00;0,74;1,08;0,27;305;514;23;2.617;1.504;1.113;%7.0
2025-10-10 13:00:00;0,74;1,08;0,27;305;514;23;2.613;1.501;1.112;%7.0
2025-10-10 14:00:00;0,74;1,08;0,27;305;513;23;2.610;1.500;1.110;%7.0
2025-10-10 15:00:00;0,74;1,08;0,27;305;514;23;2.613;1.502;1.110;%7.0
2025-10-10 16:00:00;0,75;1,08;0,29;306;514;26;2.616;1.499;1.116;%7.0
2025-10-10 17:00:00;0,74;1,08;0,28;306;514;24;2.612;1.502;1.110;%7.0
2025-10-10 18:00:00;0,74;1,08;0,27;305;514;24;2.614;1.502;1.112;%7.0
2025-10-10 19:00:00;0,74;1,08;0,29;305;514;26;2.625;1.502;1.123;%7.0
2025-10-10 20:00:00;0,74;1,08;0,27;304;513;22;2.611;1.499;1.112;%7.0
2025-10-10 21:00:00;0,73;1,08;0,27;305;514;23;2.616;1.503;1.113;%7.0
2025-10-10 22:00:00;0,74;1,08;0,27;306;514;23;2.604;1.501;1.103;%7.0
2025-10-10 23:00:00;0,74;1,08;0,27;305;514;23;2.605;1.497;1.108;%7.0
2025-10-11 00:00:00;0,75;1,08;0,31;305;513;25;2.622;1.503;1.119;%7.0
2025-10-11 01:00:00;0,79;1,09;0,4;307;512;44;2.657;1.494;1.163;%8.0
2025-10-11 02:00:00;0,73;1,06;0,27;301;504;23;2.644;1.527;1.117;%7.0
2025-10-11 03:00:00;1,16;1,03;1,36;290;469;29;2.782;1.651;1.131;%7.0
2025-10-11 04:00:00;0,75;1,07;0,3;303;509;24;2.634;1.515;1.118;%7.0
2025-10-11 05:00:00;0,73;1,06;0,28;300;502;23;2.672;1.544;1.128;%7.0
2025-10-11 06:00:00;0,73;1,08;0,27;304;512;22;2.616;1.505;1.111;%7.0
2025-10-11 07:00:00;0,79;1,08;0,41;305;513;25;2.624;1.505;1.119;%7.0
2025-10-11 08:00:00;0,73;1,07;0,27;303;511;23;2.629;1.511;1.118;%7.0
2025-10-11 09:00:00;0,73;1,08;0,27;304;512;23;2.617;1.506;1.111;%7.0
2025-10-11 10:00:00;0,74;1,08;0,27;306;513;23;2.594;1.500;1.094;%7.0
2025-10-11 11:00:00;0,74;1,08;0,27;307;513;23;2.599;1.504;1.096;%7.0
2025-10-11 12:00:00;0,74;1,08;0,27;305;514;23;2.614;1.503;1.111;%7.0
2025-10-11 13:00:00;0,73;1,08;0,27;304;514;23;2.626;1.503;1.122;%7.0
2025-10-11 14:00:00;0,74;1,08;0,29;305;514;26;2.627;1.501;1.126;%7.0
2025-10-11 15:00:00;0,73;1,08;0,27;304;514;23;2.622;1.502;1.120;%7.0
2025-10-11 16:00:00;0,74;1,08;0,27;305;514;23;2.613;1.501;1.113;%7.0
2025-10-11 17:00:00;0,74;1,08;0,27;305;514;23;2.610;1.498;1.112;%7.0
2025-10-11 18:00:00;0,74;1,08;0,27;304;514;23;2.617;1.500;1.117;%7.0
2025-10-11 19:00:00;0,74;1,08;0,27;304;514;23;2.614;1.495;1.119;%7.0
2025-10-11 20:00:00;0,73;1,08;0,27;304;514;23;2.619;1.498;1.121;%7.0
2025-10-11 21:00:00;0,73;1,08;0,27;304;514;23;2.618;1.501;1.117;%7.0
2025-10-11 22:00:00;0,74;1,08;0,27;305;514;23;2.616;1.503;1.113;%7.0
2025-10-11 23:00:00;0,74;1,08;0,27;305;514;23;2.611;1.499;1.112;%7.0
2025-10-12 00:00:00;0,73;1,08;0,27;304;513;23;2.610;1.500;1.111;%7.0
2025-10-12 01:00:00;0,74;1,07;0,28;305;513;25;2.618;1.505;1.113;%7.0
2025-10-12 02:00:00;0,75;1,06;0,31;302;504;26;2.654;1.533;1.121;%7.0
2025-10-12 03:00:00;0,71;1,01;0,27;290;469;23;2.769;1.656;1.113;%7.0
2025-10-12 04:00:00;0,75;1,08;0,3;304;509;24;2.619;1.510;1.109;%7.0
2025-10-12 05:00:00;0,76;1,08;0,34;307;512;32;2.633;1.509;1.124;%7.0
2025-10-12 06:00:00;0,73;1,07;0,27;305;512;23;2.614;1.506;1.108;%7.0
2025-10-12 07:00:00;0,73;1,08;0,27;304;512;23;2.621;1.507;1.114;%7.0
2025-10-12 08:00:00;0,73;1,08;0,27;303;512;23;2.628;1.508;1.120;%7.0
2025-10-12 09:00:00;0,73;1,08;0,27;303;512;23;2.622;1.503;1.118;%7.0
2025-10-12 10:00:00;0,74;1,08;0,27;305;512;23;2.608;1.503;1.104;%7.0
2025-10-12 11:00:00;0,73;1,08;0,27;305;513;23;2.611;1.503;1.109;%7.0
2025-10-12 12:00:00;0,73;1,07;0,27;304;513;22;2.620;1.506;1.114;%7.0
2025-10-12 13:00:00;0,73;1,08;0,27;304;513;22;2.615;1.502;1.113;%7.0
2025-10-12 14:00:00;0,73;1,08;0,27;303;514;22;2.618;1.499;1.118;%6.0
2025-10-12 15:00:00;0,73;1,08;0,27;304;514;22;2.621;1.503;1.118;%7.0
2025-10-12 16:00:00;0,77;1,08;0,36;306;514;25;2.609;1.502;1.106;%7.0
2025-10-12 17:00:00;0,74;1,08;0,27;305;513;22;2.606;1.502;1.104;%7.0
2025-10-12 18:00:00;0,73;1,08;0,27;303;513;22;2.615;1.497;1.118;%7.0
2025-10-12 19:00:00;0,73;1,08;0,27;303;514;22;2.625;1.499;1.126;%7.0
2025-10-12 20:00:00;0,73;1,08;0,27;303;514;22;2.626;1.499;1.127;%7.0
2025-10-12 21:00:00;0,73;1,08;0,27;303;513;22;2.623;1.500;1.123;%7.0
2025-10-12 22:00:00;0,74;1,08;0,27;304;513;22;2.609;1.496;1.113;%7.0
2025-10-12 23:00:00;0,73;1,08;0,27;304;514;22;2.615;1.500;1.115;%7.0
2025-10-13 00:00:00;0,73;1,08;0,27;304;513;22;2.616;1.502;1.115;%7.0
2025-10-13 01:00:00;0,74;1,08;0,28;305;512;24;2.617;1.503;1.114;%7.0
2025-10-13 02:00:00;0,73;1,06;0,27;301;504;22;2.644;1.530;1.114;%7.0
2025-10-13 03:00:00;1,25;1,04;1,54;290;467;32;2.799;1.660;1.138;%7.0
2025-10-13 04:00:00;0,75;1,07;0,3;304;509;24;2.623;1.512;1.111;%7.0
2025-10-13 05:00:00;0,73;1,08;0,27;304;512;22;2.614;1.504;1.110;%7.0
2025-10-13 06:00:00;0,73;1,08;0,27;304;512;22;2.609;1.502;1.107;%7.0
2025-10-13 07:00:00;0,74;1,08;0,27;306;513;22;2.602;1.504;1.097;%7.0
2025-10-13 08:00:00;0,74;1,08;0,27;305;512;23;2.608;1.506;1.102;%7.0
2025-10-13 09:00:00;0,73;1,07;0,27;306;513;23;2.606;1.505;1.102;%6.0
2025-10-13 10:00:00;0,73;1,08;0,27;305;513;23;2.607;1.502;1.105;%7.0
2025-10-13 11:00:00;0,74;1,08;0,27;304;513;23;2.611;1.499;1.112;%7.0
2025-10-13 12:00:00;0,74;1,08;0,27;305;514;23;2.610;1.499;1.111;%7.0
2025-10-13 13:00:00;0,74;1,08;0,29;305;514;25;2.619;1.500;1.119;%7.0
2025-10-13 14:00:00;0,79;1,08;0,41;308;513;42;2.657;1.499;1.158;%8.0
2025-10-13 15:00:00;0,75;1,08;0,3;305;514;26;2.625;1.503;1.122;%7.0
2025-10-13 16:00:00;0,77;1,08;0,35;307;514;34;2.638;1.498;1.139;%7.0
2025-10-13 17:00:00;0,8;1,08;0,42;309;514;42;2.652;1.500;1.152;%8.0
2025-10-13 18:00:00;0,82;1,09;0,49;309;514;53;2.700;1.501;1.199;%8.0
2025-10-13 19:00:00;0,76;1,08;0,33;304;514;32;2.656;1.502;1.154;%7.0
2025-10-13 20:00:00;0,73;1,08;0,28;303;514;24;2.630;1.498;1.132;%7.0
2025-10-13 21:00:00;0,74;1,08;0,28;303;513;24;2.634;1.499;1.135;%7.0
2025-10-13 22:00:00;0,82;1,08;0,49;308;513;50;2.690;1.501;1.189;%8.0
2025-10-13 23:00:00;0,78;1,08;0,4;307;513;40;2.668;1.503;1.165;%7.0
2025-10-14 00:00:00;0,74;1,08;0,3;304;513;27;2.636;1.501;1.135;%7.0
2025-10-14 01:00:00;0,75;1,08;0,32;306;512;30;2.626;1.502;1.124;%7.0
2025-10-14 02:00:00;0,8;1,07;0,45;306;504;47;2.704;1.530;1.173;%8.0
2025-10-14 03:00:00;1,26;1,05;1,55;295;468;54;2.850;1.656;1.194;%8.0
2025-10-14 04:00:00;0,78;1,08;0,4;306;509;41;2.679;1.517;1.162;%7.0
2025-10-14 05:00:00;0,77;1,08;0,36;307;512;39;2.652;1.500;1.152;%7.0
2025-10-14 06:00:00;0,76;1,08;0,35;305;512;35;2.657;1.504;1.153;%7.0
2025-10-14 07:00:00;0,75;1,08;0,31;303;511;29;2.655;1.508;1.146;%7.0
2025-10-14 08:00:00;0,75;1,08;0,32;303;511;31;2.663;1.509;1.154;%7.0
2025-10-14 09:00:00;0,76;1,08;0,35;304;513;37;2.677;1.503;1.174;%7.0
2025-10-14 10:00:00;0,79;1,08;0,43;308;513;50;2.696;1.502;1.194;%8.0
2025-10-14 11:00:00;0,74;1,08;0,28;303;514;26;2.645;1.503;1.142;%7.0
2025-10-14 12:00:00;0,79;1,08;0,41;302;514;26;2.648;1.499;1.149;%7.0
2025-10-14 13:00:00;0,74;1,08;0,29;301;513;26;2.649;1.497;1.152;%7.0
2025-10-14 14:00:00;0,74;1,08;0,3;301;513;27;2.656;1.499;1.157;%7.0
2025-10-14 15:00:00;0,81;1,09;0,46;306;514;48;2.706;1.500;1.205;%8.0
2025-10-14 16:00:00;0,79;1,08;0,41;305;514;43;2.693;1.502;1.191;%7.0
2025-10-14 17:00:00;0,79;1,09;0,41;305;513;44;2.692;1.501;1.191;%8.0
2025-10-14 18:00:00;0,79;1,09;0,42;305;514;42;2.693;1.501;1.192;%7.0
2025-10-14 19:00:00;0,78;1,08;0,4;305;513;41;2.690;1.502;1.189;%8.0
2025-10-14 20:00:00;0,77;1,08;0,38;304;514;37;2.686;1.505;1.182;%7.0
2025-10-14 21:00:00;0,77;1,09;0,38;303;514;37;2.680;1.496;1.184;%8.0
2025-10-14 22:00:00;0,8;1,09;0,45;306;514;47;2.698;1.497;1.201;%8.0
2025-10-14 23:00:00;0,77;1,08;0,38;304;513;38;2.681;1.504;1.178;%7.0
2025-10-15 00:00:00;0,8;1,08;0,45;306;513;47;2.711;1.507;1.204;%8.0
2025-10-15 01:00:00;0,79;1,08;0,41;306;512;41;2.670;1.503;1.168;%7.0
2025-10-15 02:00:00;0,78;1,07;0,4;302;504;40;2.714;1.530;1.184;%8.0
2025-10-15 03:00:00;1,28;1,04;1,6;291;469;46;2.845;1.648;1.198;%8.0
2025-10-15 04:00:00;0,81;1,08;0,46;304;509;40;2.686;1.511;1.175;%8.0
2025-10-15 05:00:00;0,77;1,08;0,37;305;512;38;2.663;1.501;1.163;%7.0
2025-10-15 06:00:00;0,77;1,08;0,36;305;512;40;2.679;1.506;1.174;%7.0
2025-10-15 07:00:00;0,78;1,08;0,39;306;513;42;2.687;1.505;1.182;%8.0
2025-10-15 08:00:00;0,78;1,08;0,41;306;512;44;2.698;1.510;1.188;%8.0
2025-10-15 09:00:00;0,79;1,09;0,42;306;513;49;2.707;1.501;1.205;%8.0
2025-10-15 10:00:00;0,74;1,08;0,29;302;513;27;2.646;1.499;1.148;%7.0
2025-10-15 11:00:00;0,73;1,08;0,28;302;513;24;2.648;1.506;1.142;%7.0
2025-10-15 12:00:00;0,76;1,08;0,35;302;512;27;2.659;1.505;1.154;%7.0
2025-10-15 13:00:00;0,74;1,08;0,29;302;514;27;2.659;1.502;1.157;%7.0
2025-10-15 14:00:00;0,79;1,09;0,41;304;514;41;2.689;1.497;1.191;%8.0
2025-10-15 15:00:00;0,8;1,09;0,44;306;514;46;2.699;1.501;1.198;%8.0
2025-10-15 16:00:00;0,79;1,09;0,42;306;514;43;2.684;1.499;1.185;%8.0
2025-10-15 17:00:00;0,79;1,09;0,4;305;514;41;2.688;1.502;1.187;%8.0
2025-10-15 18:00:00;0,8;1,09;0,45;306;514;48;2.713;1.501;1.212;%8.0
2025-10-15 19:00:00;0,79;1,09;0,41;305;514;42;2.695;1.502;1.193;%8.0
2025-10-15 20:00:00;0,78;1,08;0,39;304;514;40;2.699;1.504;1.194;%7.0
2025-10-15 21:00:00;0,78;1,09;0,4;303;514;39;2.692;1.498;1.194;%8.0
2025-10-15 22:00:00;0,8;1,09;0,43;305;514;44;2.692;1.498;1.194;%8.0
2025-10-15 23:00:00;0,78;1,08;0,39;305;514;37;2.674;1.502;1.173;%7.0
2025-10-16 00:00:00;0,79;1,08;0,43;306;513;43;2.694;1.506;1.188;%8.0
2025-10-16 01:00:00;0,8;1,08;0,44;306;513;44;2.691;1.504;1.187;%8.0
2025-10-16 02:00:00;0,78;1,07;0,4;303;505;40;2.704;1.530;1.174;%7.0
2025-10-16 03:00:00;1,21;1,04;1,45;293;470;46;2.846;1.656;1.190;%8.0
2025-10-16 04:00:00;0,8;1,07;0,44;306;509;43;2.690;1.516;1.174;%7.0
2025-10-16 05:00:00;0,76;1,07;0,36;306;510;38;2.667;1.514;1.153;%7.0
2025-10-16 06:00:00;0,77;1,08;0,36;306;512;39;2.659;1.502;1.158;%8.0
2025-10-16 07:00:00;0,78;1,09;0,4;306;513;44;2.691;1.502;1.189;%8.0
2025-10-16 08:00:00;0,78;1,08;0,4;305;512;45;2.703;1.506;1.197;%8.0
2025-10-16 09:00:00;0,77;1,08;0,38;304;513;40;2.674;1.497;1.177;%8.0
2025-10-16 10:00:00;0,79;1,08;0,42;307;513;45;2.677;1.499;1.178;%8.0
2025-10-16 11:00:00;0,74;1,08;0,29;303;513;27;2.639;1.501;1.138;%7.0
2025-10-16 12:00:00;0,74;1,08;0,29;303;514;27;2.648;1.503;1.145;%7.0
2025-10-16 13:00:00;0,73;1,08;0,28;301;511;25;2.653;1.506;1.147;%7.0
2025-10-16 14:00:00;0,8;1,09;0,43;303;513;42;2.709;1.505;1.204;%8.0
2025-10-16 15:00:00;0,79;1,08;0,41;305;513;42;2.697;1.505;1.192;%8.0
2025-10-16 16:00:00;0,76;1,08;0,33;303;513;27;2.651;1.502;1.148;%7.0
2025-10-16 17:00:00;0,8;1,08;0,44;306;513;47;2.699;1.502;1.197;%8.0
2025-10-16 18:00:00;0,79;1,09;0,42;305;513;43;2.696;1.498;1.197;%8.0
2025-10-16 19:00:00;0,75;1,08;0,32;301;514;27;2.661;1.498;1.163;%7.0
2025-10-16 20:00:00;0,8;1,09;0,44;305;514;45;2.708;1.502;1.206;%8.0
2025-10-16 21:00:00;0,78;1,08;0,39;304;514;39;2.692;1.503;1.189;%7.0
2025-10-16 22:00:00;0,75;1,09;0,33;303;514;31;2.664;1.499;1.165;%7.0
2025-10-16 23:00:00;0,76;1,08;0,34;303;514;33;2.668;1.499;1.168;%7.0
2025-10-17 00:00:00;0,76;1,08;0,34;303;513;34;2.670;1.503;1.167;%7.0
2025-10-17 01:00:00;0,77;1,08;0,36;304;513;35;2.669;1.502;1.167;%7.0
2025-10-17 02:00:00;0,75;1,07;0,33;300;505;31;2.688;1.525;1.162;%7.0
2025-10-17 03:00:00;1,2;1,03;1,46;290;470;37;2.828;1.652;1.176;%7.0
2025-10-17 04:00:00;0,8;1,07;0,44;303;509;31;2.667;1.518;1.149;%7.0
2025-10-17 05:00:00;0,75;1,07;0,33;304;512;33;2.664;1.507;1.156;%7.0
2025-10-17 06:00:00;0,75;1,07;0,33;303;511;32;2.668;1.510;1.157;%7.0
2025-10-17 07:00:00;0,75;1,08;0,31;303;512;31;2.662;1.508;1.154;%7.0
2025-10-17 08:00:00;0,76;1,08;0,34;303;512;35;2.670;1.499;1.171;%8.0
2025-10-17 09:00:00;0,75;1,08;0,34;303;512;34;2.677;1.507;1.170;%7.0
2025-10-17 10:00:00;0,79;1,08;0,41;307;512;45;2.692;1.506;1.186;%8.0
2025-10-17 11:00:00;0,74;1,08;0,3;303;513;27;2.644;1.499;1.144;%7.0
2025-10-17 12:00:00;0,75;1,08;0,32;302;513;26;2.650;1.500;1.150;%7.0
2025-10-17 13:00:00;0,74;1,08;0,29;303;513;27;2.641;1.504;1.137;%7.0
2025-10-17 14:00:00;0,74;1,08;0,28;304;514;25;2.622;1.498;1.123;%7.0
2025-10-17 15:00:00;0,75;1,08;0,32;305;514;30;2.637;1.499;1.138;%7.0
2025-10-17 16:00:00;0,74;1,08;0,29;304;514;26;2.634;1.500;1.134;%7.0
2025-10-17 17:00:00;0,74;1,08;0,3;303;513;27;2.644;1.500;1.144;%7.0
2025-10-17 18:00:00;0,74;1,08;0,28;302;513;24;2.640;1.498;1.142;%7.0
2025-10-17 19:00:00;0,73;1,08;0,28;303;514;25;2.641;1.501;1.141;%7.0
2025-10-17 20:00:00;0,74;1,09;0,28;302;514;24;2.640;1.498;1.141;%7.0
2025-10-17 21:00:00;0,73;1,08;0,28;302;514;25;2.644;1.501;1.143;%7.0
2025-10-17 22:00:00;0,74;1,08;0,29;303;514;26;2.642;1.502;1.140;%7.0
2025-10-17 23:00:00;0,74;1,08;0,29;302;514;24;2.634;1.497;1.137;%7.0
2025-10-18 00:00:00;0,73;1,08;0,28;302;513;24;2.648;1.505;1.144;%7.0
2025-10-18 01:00:00;0,73;1,08;0,29;302;513;25;2.650;1.503;1.147;%7.0
2025-10-18 02:00:00;0,73;1,07;0,28;299;505;24;2.679;1.531;1.148;%7.0
2025-10-18 03:00:00;1,14;1,03;1,28;289;470;30;2.813;1.656;1.157;%7.0
2025-10-18 04:00:00;0,75;1,07;0,32;301;509;26;2.659;1.517;1.143;%7.0
2025-10-18 05:00:00;0,73;1,08;0,29;301;512;25;2.659;1.506;1.153;%7.0
2025-10-18 06:00:00;0,73;1,08;0,28;302;512;24;2.636;1.503;1.132;%7.0
2025-10-18 07:00:00;0,73;1,08;0,28;302;512;25;2.638;1.502;1.136;%7.0
2025-10-18 08:00:00;0,74;1,08;0,29;303;512;25;2.641;1.506;1.135;%7.0
2025-10-18 09:00:00;0,74;1,08;0,3;303;512;27;2.649;1.505;1.144;%7.0
2025-10-18 10:00:00;0,73;1,08;0,28;303;513;25;2.635;1.500;1.135;%7.0
2025-10-18 11:00:00;0,74;1,08;0,29;302;512;25;2.637;1.501;1.136;%7.0
2025-10-18 12:00:00;0,74;1,08;0,29;303;513;25;2.638;1.500;1.138;%7.0
2025-10-18 13:00:00;0,74;1,08;0,29;303;513;26;2.644;1.501;1.143;%7.0
2025-10-18 14:00:00;0,74;1,08;0,29;302;513;26;2.644;1.497;1.147;%7.0
2025-10-18 15:00:00;0,74;1,08;0,3;302;514;26;2.647;1.498;1.149;%7.0
2025-10-18 16:00:00;0,74;1,08;0,29;302;513;26;2.652;1.503;1.149;%7.0
2025-10-18 17:00:00;0,74;1,08;0,29;302;513;26;2.644;1.500;1.144;%7.0
2025-10-18 18:00:00;0,74;1,08;0,3;302;513;27;2.647;1.497;1.150;%7.0
2025-10-18 19:00:00;0,73;1,08;0,28;302;514;26;2.651;1.502;1.149;%7.0
2025-10-18 20:00:00;0,73;1,08;0,28;302;512;26;2.658;1.508;1.150;%7.0
2025-10-18 21:00:00;0,74;1,08;0,28;302;513;25;2.642;1.498;1.144;%7.0
2025-10-18 22:00:00;0,74;1,08;0,29;303;514;26;2.640;1.501;1.139;%7.0
2025-10-18 23:00:00;0,74;1,08;0,28;303;514;25;2.644;1.504;1.141;%7.0
2025-10-19 00:00:00;0,74;1,08;0,29;303;512;26;2.642;1.503;1.140;%7.0
2025-10-19 01:00:00;0,74;1,08;0,3;303;512;28;2.649;1.504;1.145;%7.0
2025-10-19 02:00:00;0,73;1,07;0,29;299;504;25;2.663;1.522;1.141;%7.0
2025-10-19 03:00:00;0,71;1,01;0,28;288;469;26;2.791;1.653;1.138;%7.0
2025-10-19 04:00:00;0,77;1,07;0,37;302;509;26;2.641;1.510;1.131;%7.0
2025-10-19 05:00:00;0,73;1,07;0,28;303;512;24;2.628;1.505;1.123;%7.0
2025-10-19 06:00:00;0,74;1,08;0,28;304;513;24;2.627;1.505;1.122;%7.0
2025-10-19 07:00:00;0,73;1,08;0,27;303;513;23;2.632;1.505;1.128;%7.0
2025-10-19 08:00:00;0,74;1,08;0,28;303;513;24;2.636;1.502;1.134;%7.0
2025-10-19 09:00:00;0,73;1,08;0,28;302;512;25;2.641;1.505;1.136;%7.0
2025-10-19 10:00:00;0,74;1,08;0,29;304;512;26;2.639;1.507;1.133;%7.0
2025-10-19 11:00:00;0,74;1,08;0,29;303;513;25;2.636;1.500;1.136;%7.0
2025-10-19 12:00:00;0,74;1,08;0,29;303;513;25;2.639;1.501;1.139;%7.0
2025-10-19 13:00:00;0,74;1,08;0,29;303;513;26;2.643;1.503;1.140;%7.0
2025-10-19 14:00:00;0,74;1,08;0,29;302;513;26;2.646;1.500;1.146;%7.0
2025-10-19 15:00:00;0,73;1,08;0,28;302;513;25;2.644;1.502;1.142;%7.0
2025-10-19 16:00:00;0,74;1,08;0,28;303;513;25;2.638;1.503;1.134;%7.0
2025-10-19 17:00:00;0,74;1,08;0,28;303;513;25;2.634;1.503;1.131;%7.0
2025-10-19 18:00:00;0,74;1,08;0,28;303;514;25;2.642;1.503;1.139;%7.0
2025-10-19 19:00:00;0,74;1,08;0,3;304;514;27;2.643;1.502;1.141;%7.0
2025-10-19 20:00:00;0,74;1,08;0,3;303;513;27;2.640;1.499;1.141;%7.0
2025-10-19 21:00:00;0,74;1,08;0,29;303;513;26;2.642;1.501;1.141;%7.0
2025-10-19 22:00:00;0,74;1,08;0,29;303;514;25;2.634;1.500;1.134;%7.0
2025-10-19 23:00:00;0,74;1,08;0,28;303;514;25;2.640;1.504;1.136;%7.0
2025-10-20 00:00:00;0,73;1,08;0,28;302;513;24;2.636;1.497;1.139;%7.0
2025-10-20 01:00:00;0,74;1,08;0,3;303;512;26;2.648;1.506;1.142;%7.0
2025-10-20 02:00:00;0,73;1,07;0,28;299;505;25;2.671;1.528;1.143;%7.0
2025-10-20 03:00:00;1,25;1,03;1,56;289;469;30;2.803;1.654;1.150;%7.0
2025-10-20 04:00:00;0,78;1,08;0,38;302;509;25;2.643;1.513;1.130;%7.0
2025-10-20 05:00:00;0,74;1,07;0,28;303;510;24;2.636;1.511;1.126;%7.0
2025-10-20 06:00:00;0,73;1,08;0,28;303;512;23;2.635;1.507;1.128;%7.0
2025-10-20 07:00:00;0,73;1,08;0,28;303;513;24;2.638;1.504;1.134;%7.0
2025-10-20 08:00:00;0,75;1,08;0,31;303;513;30;2.652;1.502;1.150;%7.0
2025-10-20 09:00:00;0,75;1,08;0,34;304;512;35;2.668;1.507;1.161;%7.0
2025-10-20 10:00:00;0,84;1,08;0,51;304;513;27;2.639;1.503;1.136;%7.0
2025-10-20 11:00:00;0,77;1,08;0,35;305;513;35;2.668;1.505;1.162;%7.0
2025-10-20 12:00:00;0,77;1,08;0,37;305;513;39;2.678;1.505;1.173;%8.0
2025-10-20 13:00:00;0,78;1,09;0,4;306;514;43;2.684;1.499;1.185;%8.0
2025-10-20 14:00:00;0,82;1,09;0,48;307;513;52;2.710;1.498;1.211;%8.0
2025-10-20 15:00:00;0,75;1,08;0,31;303;513;27;2.649;1.500;1.148;%7.0
2025-10-20 16:00:00;0,78;1,08;0,38;303;514;28;2.644;1.500;1.145;%7.0
2025-10-20 17:00:00;0,77;1,09;0,36;305;513;36;2.663;1.498;1.165;%7.0
2025-10-20 18:00:00;0,82;1,09;0,48;307;513;52;2.712;1.499;1.212;%8.0
2025-10-20 19:00:00;0,79;1,08;0,42;306;514;43;2.694;1.504;1.190;%8.0
2025-10-20 20:00:00;0,75;1,08;0,31;303;514;29;2.659;1.503;1.155;%7.0
2025-10-20 21:00:00;0,74;1,08;0,29;302;514;26;2.645;1.497;1.148;%7.0
2025-10-20 22:00:00;0,73;1,08;0,27;303;514;24;2.637;1.501;1.135;%7.0
2025-10-20 23:00:00;0,74;1,08;0,3;303;514;27;2.639;1.495;1.145;%7.0
2025-10-21 00:00:00;0,74;1,08;0,29;302;513;25;2.647;1.505;1.143;%7.0
2025-10-21 01:00:00;0,75;1,08;0,31;303;513;29;2.649;1.499;1.150;%7.0
2025-10-21 02:00:00;0,76;1,07;0,35;301;505;32;2.682;1.527;1.156;%7.0
2025-10-21 03:00:00;1,23;1,04;1,5;292;470;44;2.836;1.654;1.182;%8.0
2025-10-21 04:00:00;0,79;1,08;0,42;305;509;39;2.678;1.514;1.164;%7.0
2025-10-21 05:00:00;0,77;1,08;0,36;306;512;39;2.668;1.506;1.162;%7.0
2025-10-21 06:00:00;0,75;1,08;0,33;305;512;35;2.660;1.504;1.156;%7.0
2025-10-21 07:00:00;0,76;1,08;0,35;304;513;36;2.672;1.503;1.169;%7.0
2025-10-21 08:00:00;0,76;1,08;0,35;304;513;37;2.675;1.501;1.174;%7.0
2025-10-21 09:00:00;0,75;1,08;0,33;304;512;34;2.670;1.509;1.161;%7.0
2025-10-21 10:00:00;0,79;1,08;0,43;306;511;47;2.701;1.508;1.193;%8.0
2025-10-21 11:00:00;0,79;1,08;0,41;303;513;26;2.648;1.504;1.144;%7.0
2025-10-21 12:00:00;0,74;1,08;0,29;302;513;26;2.651;1.502;1.149;%7.0
2025-10-21 13:00:00;0,79;1,08;0,4;303;514;26;2.649;1.503;1.146;%7.0
2025-10-21 14:00:00;0,78;1,08;0,4;305;514;40;2.685;1.503;1.181;%8.0
2025-10-21 15:00:00;0,77;1,08;0,38;305;514;40;2.682;1.504;1.178;%7.0
2025-10-21 16:00:00;0,84;1,09;0,54;309;513;60;2.727;1.501;1.226;%8.0
2025-10-21 17:00:00;0,8;1,09;0,44;306;514;45;2.692;1.497;1.194;%8.0
2025-10-21 18:00:00;0,77;1,08;0,36;304;513;37;2.678;1.500;1.178;%7.0
2025-10-21 19:00:00;0,78;1,08;0,4;302;514;41;2.720;1.501;1.219;%7.0
2025-10-21 20:00:00;0,77;1,08;0,36;304;514;36;2.667;1.498;1.169;%7.0
2025-10-21 21:00:00;0,78;1,09;0,39;304;513;39;2.681;1.499;1.182;%8.0
2025-10-21 22:00:00;0,76;1,08;0,35;304;513;34;2.660;1.500;1.160;%7.0
2025-10-21 23:00:00;0,77;1,08;0,37;306;514;38;2.670;1.504;1.166;%8.0
2025-10-22 00:00:00;0,76;1,08;0,36;304;513;36;2.666;1.501;1.165;%7.0
2025-10-22 01:00:00;0,77;1,08;0,38;305;512;37;2.673;1.505;1.168;%8.0
2025-10-22 02:00:00;0,77;1,07;0,37;302;505;37;2.701;1.529;1.172;%8.0
2025-10-22 03:00:00;1,22;1,05;1,45;291;470;41;2.831;1.651;1.180;%8.0
2025-10-22 04:00:00;0,79;1,08;0,4;304;508;34;2.666;1.520;1.146;%7.0
2025-10-22 05:00:00;0,76;1,08;0,35;305;512;36;2.665;1.508;1.157;%7.0
2025-10-22 06:00:00;0,76;1,08;0,35;306;512;37;2.665;1.507;1.158;%7.0
2025-10-22 07:00:00;0,76;1,08;0,34;305;512;34;2.660;1.507;1.153;%7.0
2025-10-22 08:00:00;0,76;1,08;0,34;305;512;37;2.664;1.502;1.162;%8.0
2025-10-22 09:00:00;0,77;1,08;0,37;306;511;41;2.675;1.505;1.170;%8.0
2025-10-22 10:00:00;0,78;1,09;0,38;306;513;41;2.663;1.499;1.164;%8.0
2025-10-22 11:00:00;0,76;1,08;0,34;304;513;27;2.636;1.499;1.137;%7.0
2025-10-22 12:00:00;0,76;1,08;0,33;303;513;27;2.647;1.504;1.143;%7.0
2025-10-22 13:00:00;0,77;1,08;0,37;302;513;26;2.652;1.503;1.149;%7.0
2025-10-22 14:00:00;0,75;1,08;0,31;302;513;29;2.655;1.499;1.157;%7.0
2025-10-22 15:00:00;0,77;1,08;0,37;305;514;37;2.672;1.502;1.170;%7.0
2025-10-22 16:00:00;0,87;1,09;0,58;302;514;26;2.647;1.501;1.146;%7.0
2025-10-22 17:00:00;0,79;1,09;0,41;305;513;43;2.691;1.504;1.187;%8.0
2025-10-22 18:00:00;0,77;1,09;0,37;304;513;36;2.676;1.502;1.175;%7.0
2025-10-22 19:00:00;0,78;1,09;0,39;305;513;38;2.683;1.504;1.178;%7.0
2025-10-22 20:00:00;0,78;1,09;0,38;304;513;37;2.672;1.500;1.172;%7.0
2025-10-22 21:00:00;0,77;1,08;0,36;304;513;35;2.670;1.504;1.167;%7.0
2025-10-22 22:00:00;0,75;1,08;0,32;304;513;31;2.650;1.500;1.151;%7.0
2025-10-22 23:00:00;0,75;1,08;0,32;303;513;30;2.649;1.498;1.152;%7.0
2025-10-23 00:00:00;0,76;1,08;0,34;303;512;33;2.661;1.502;1.158;%7.0
2025-10-23 01:00:00;0,77;1,08;0,38;305;512;35;2.664;1.506;1.159;%8.0
2025-10-23 02:00:00;0,74;1,06;0,32;301;505;29;2.678;1.529;1.149;%7.0
2025-10-23 03:00:00;1,23;1,03;1,52;291;469;36;2.816;1.654;1.162;%7.0
2025-10-23 04:00:00;0,8;1,07;0,44;302;507;30;2.666;1.519;1.147;%7.0
2025-10-23 05:00:00;0,74;1,07;0,31;302;509;30;2.656;1.509;1.147;%7.0
2025-10-23 06:00:00;0,75;1,08;0,32;303;512;31;2.662;1.506;1.156;%7.0
2025-10-23 07:00:00;0,75;1,08;0,33;303;513;32;2.672;1.504;1.168;%7.0
2025-10-23 08:00:00;0,75;1,08;0,33;302;512;34;2.681;1.503;1.177;%7.0
2025-10-23 09:00:00;0,76;1,08;0,36;303;512;40;2.692;1.503;1.189;%8.0
2025-10-23 10:00:00;0,78;1,08;0,38;302;513;27;2.653;1.501;1.152;%7.0
2025-10-23 11:00:00;0,84;1,09;0,52;302;513;27;2.651;1.499;1.152;%7.0
2025-10-23 12:00:00;0,78;1,08;0,4;302;514;27;2.656;1.499;1.157;%7.0
2025-10-23 13:00:00;0,75;1,08;0,32;302;513;27;2.660;1.501;1.158;%7.0
2025-10-23 14:00:00;0,78;1,08;0,4;305;513;43;2.701;1.503;1.198;%7.0
2025-10-23 15:00:00;0,8;1,09;0,45;307;514;50;2.714;1.502;1.213;%8.0
2025-10-23 16:00:00;0,79;1,08;0,43;306;514;48;2.705;1.500;1.205;%8.0
2025-10-23 17:00:00;0,8;1,09;0,44;306;514;49;2.709;1.501;1.208;%8.0
2025-10-23 18:00:00;0,79;1,09;0,43;305;513;47;2.714;1.502;1.212;%8.0
2025-10-23 19:00:00;0,77;1,08;0,37;303;514;38;2.688;1.501;1.187;%7.0
2025-10-23 20:00:00;0,76;1,08;0,35;304;514;34;2.677;1.504;1.173;%7.0
2025-10-23 21:00:00;0,74;1,08;0,31;302;513;28;2.664;1.501;1.163;%7.0
2025-10-23 22:00:00;0,75;1,08;0,32;302;513;31;2.669;1.501;1.168;%7.0
2025-10-23 23:00:00;0,76;1,08;0,34;303;513;33;2.668;1.498;1.170;%7.0
2025-10-24 00:00:00;0,75;1,08;0,32;302;513;30;2.656;1.498;1.158;%7.0
2025-10-24 01:00:00;0,75;1,08;0,32;302;513;29;2.656;1.500;1.156;%7.0
2025-10-24 02:00:00;0,73;1,07;0,3;298;503;27;2.696;1.533;1.163;%7.0
2025-10-24 03:00:00;1,13;1,04;1,26;290;469;38;2.832;1.654;1.178;%8.0
2025-10-24 04:00:00;0,77;1,08;0,36;302;509;30;2.665;1.511;1.154;%7.0
2025-10-24 05:00:00;0,75;1,08;0,31;303;512;30;2.653;1.505;1.148;%7.0
2025-10-24 06:00:00;0,74;1,08;0,29;303;512;25;2.642;1.505;1.136;%7.0
2025-10-24 07:00:00;0,74;1,08;0,29;303;512;26;2.640;1.503;1.137;%7.0
2025-10-24 08:00:00;0,73;1,08;0,28;302;511;25;2.647;1.506;1.141;%7.0
2025-10-24 09:00:00;0,74;1,07;0,3;302;510;28;2.665;1.512;1.153;%7.0
2025-10-24 10:00:00;0,8;1,08;0,44;307;513;50;2.707;1.503;1.204;%8.0
2025-10-24 11:00:00;0,76;1,08;0,34;302;513;27;2.651;1.501;1.150;%7.0
2025-10-24 12:00:00;0,74;1,08;0,3;301;513;26;2.660;1.501;1.159;%7.0
2025-10-24 13:00:00;0,74;1,08;0,3;302;514;28;2.664;1.501;1.163;%7.0
2025-10-24 14:00:00;0,74;1,08;0,29;301;514;26;2.663;1.503;1.160;%7.0
2025-10-24 15:00:00;0,74;1,08;0,29;300;512;27;2.662;1.501;1.161;%7.0
2025-10-24 16:00:00;0,74;1,08;0,3;301;513;27;2.656;1.499;1.157;%7.0
2025-10-24 17:00:00;0,77;1,09;0,38;304;513;37;2.673;1.499;1.174;%7.0
2025-10-24 18:00:00;0,74;1,08;0,28;302;514;25;2.654;1.504;1.151;%7.0
2025-10-24 19:00:00;0,73;1,08;0,28;301;513;25;2.652;1.501;1.151;%7.0
2025-10-24 20:00:00;0,74;1,08;0,3;301;514;27;2.657;1.498;1.159;%7.0
2025-10-24 21:00:00;0,75;1,08;0,31;302;513;30;2.667;1.503;1.164;%7.0
2025-10-24 22:00:00;0,75;1,08;0,32;303;513;30;2.666;1.505;1.161;%7.0
2025-10-24 23:00:00;0,74;1,08;0,3;302;513;27;2.656;1.502;1.155;%7.0
2025-10-25 00:00:00;0,75;1,08;0,33;302;512;30;2.671;1.505;1.166;%7.0
2025-10-25 01:00:00;0,76;1,08;0,35;302;512;33;2.678;1.504;1.174;%7.0
2025-10-25 02:00:00;0,74;1,07;0,31;299;505;28;2.689;1.530;1.159;%7.0
2025-10-25 03:00:00;1,1;1,03;1,21;290;469;39;2.844;1.658;1.187;%8.0
2025-10-25 04:00:00;0,8;1,08;0,43;302;509;30;2.663;1.514;1.149;%7.0
2025-10-25 05:00:00;0,74;1,08;0,3;300;512;28;2.668;1.501;1.167;%7.0
2025-10-25 06:00:00;0,75;1,08;0,32;303;512;32;2.666;1.506;1.160;%7.0
2025-10-25 07:00:00;0,75;1,08;0,31;303;513;30;2.660;1.505;1.156;%7.0
2025-10-25 08:00:00;0,76;1,08;0,37;304;513;39;2.691;1.504;1.187;%7.0
2025-10-25 09:00:00;0,77;1,08;0,37;304;512;40;2.691;1.505;1.185;%8.0
2025-10-25 10:00:00;0,75;1,08;0,34;303;512;33;2.671;1.504;1.167;%7.0
2025-10-25 11:00:00;0,76;1,08;0,35;303;513;35;2.674;1.501;1.172;%7.0
2025-10-25 12:00:00;0,74;1,08;0,29;301;513;26;2.654;1.499;1.155;%7.0
2025-10-25 13:00:00;0,73;1,08;0,28;301;512;25;2.657;1.507;1.150;%7.0
2025-10-25 14:00:00;0,75;1,08;0,33;303;514;32;2.667;1.504;1.163;%7.0
2025-10-25 15:00:00;0,76;1,08;0,35;304;514;35;2.675;1.501;1.174;%7.0
2025-10-25 16:00:00;0,77;1,08;0,36;305;514;39;2.682;1.503;1.179;%8.0
2025-10-25 17:00:00;0,75;1,08;0,33;303;514;32;2.661;1.500;1.161;%7.0
2025-10-25 18:00:00;0,74;1,08;0,3;302;513;27;2.658;1.502;1.156;%7.0
2025-10-25 19:00:00;0,74;1,08;0,31;302;513;29;2.659;1.501;1.158;%7.0
2025-10-25 20:00:00;0,74;1,08;0,3;301;513;27;2.660;1.500;1.160;%7.0
2025-10-25 21:00:00;0,75;1,08;0,33;302;513;32;2.667;1.497;1.170;%7.0
2025-10-25 22:00:00;0,74;1,08;0,31;303;514;28;2.656;1.503;1.153;%7.0
2025-10-25 23:00:00;0,74;1,08;0,29;302;514;25;2.649;1.500;1.149;%7.0
2025-10-26 00:00:00;0,74;1,08;0,31;302;513;29;2.671;1.507;1.164;%7.0
2025-10-26 01:00:00;0,76;1,08;0,35;303;512;34;2.677;1.507;1.170;%7.0
2025-10-26 02:00:00;0,73;1,07;0,29;299;505;25;2.678;1.530;1.148;%7.0
2025-10-26 03:00:00;0,71;1,01;0,28;286;468;23;2.803;1.658;1.145;%7.0
2025-10-26 04:00:00;0,8;1,07;0,44;301;508;27;2.660;1.515;1.145;%7.0
2025-10-26 05:00:00;0,74;1,08;0,3;303;512;28;2.655;1.507;1.148;%7.0
2025-10-26 06:00:00;0,74;1,07;0,29;302;512;26;2.648;1.503;1.145;%7.0
2025-10-26 07:00:00;0,76;1,08;0,34;303;512;35;2.670;1.502;1.168;%7.0
2025-10-26 08:00:00;0,76;1,08;0,34;303;512;34;2.662;1.496;1.166;%7.0
2025-10-26 09:00:00;0,76;1,08;0,34;302;512;35;2.681;1.503;1.178;%7.0
2025-10-26 10:00:00;0,77;1,08;0,37;304;513;38;2.685;1.503;1.182;%7.0
2025-10-26 11:00:00;0,76;1,08;0,36;303;513;36;2.671;1.496;1.175;%7.0
2025-10-26 12:00:00;0,77;1,08;0,37;304;513;38;2.681;1.500;1.181;%7.0
2025-10-26 13:00:00;0,75;1,08;0,33;302;514;32;2.665;1.497;1.167;%7.0
2025-10-26 14:00:00;0,73;1,08;0,28;301;514;25;2.655;1.502;1.153;%7.0
2025-10-26 15:00:00;0,74;1,08;0,29;301;513;25;2.652;1.500;1.152;%7.0
2025-10-26 16:00:00;0,73;1,08;0,28;302;513;25;2.645;1.500;1.144;%7.0
2025-10-26 17:00:00;0,74;1,08;0,28;302;514;25;2.648;1.499;1.149;%7.0
2025-10-26 18:00:00;0,73;1,08;0,29;301;513;26;2.659;1.504;1.155;%7.0
2025-10-26 19:00:00;0,74;1,08;0,3;302;513;27;2.659;1.504;1.155;%7.0
2025-10-26 20:00:00;0,74;1,08;0,3;302;514;28;2.655;1.499;1.156;%7.0
2025-10-26 21:00:00;0,74;1,08;0,3;302;514;28;2.655;1.500;1.155;%7.0
2025-10-26 22:00:00;0,78;1,08;0,4;307;513;42;2.683;1.504;1.178;%8.0
2025-10-26 23:00:00;0,77;1,08;0,37;305;514;38;2.668;1.499;1.169;%7.0
2025-10-27 00:00:00;0,76;1,08;0,34;304;513;32;2.658;1.503;1.155;%7.0
2025-10-27 01:00:00;0,76;1,08;0,35;304;512;33;2.654;1.501;1.153;%7.0
2025-10-27 02:00:00;0,75;1,07;0,33;301;505;32;2.686;1.527;1.159;%7.0
2025-10-27 03:00:00;1,27;1,04;1,59;292;470;46;2.849;1.654;1.195;%8.0
2025-10-27 04:00:00;0,79;1,08;0,42;304;509;37;2.685;1.516;1.169;%8.0
2025-10-27 05:00:00;0,77;1,08;0,38;306;512;43;2.686;1.507;1.180;%8.0
2025-10-27 06:00:00;0,74;1,08;0,3;302;512;26;2.646;1.502;1.144;%7.0
2025-10-27 07:00:00;0,77;1,08;0,37;304;512;39;2.673;1.500;1.173;%8.0
2025-10-27 08:00:00;0,75;1,08;0,33;303;511;31;2.661;1.507;1.154;%7.0
2025-10-27 09:00:00;0,77;1,08;0,37;304;512;39;2.677;1.500;1.177;%8.0
2025-10-27 10:00:00;0,82;1,08;0,47;303;513;27;2.647;1.501;1.146;%7.0
2025-10-27 11:00:00;0,79;1,08;0,41;302;513;27;2.657;1.505;1.152;%7.0
2025-10-27 12:00:00;0,74;1,09;0,3;301;513;26;2.659;1.500;1.159;%7.0
2025-10-27 13:00:00;0,74;1,08;0,3;302;514;26;2.658;1.503;1.154;%7.0
2025-10-27 14:00:00;0,76;1,08;0,34;303;513;35;2.672;1.498;1.174;%7.0
2025-10-27 15:00:00;0,79;1,09;0,43;305;513;44;2.693;1.498;1.196;%8.0
2025-10-27 16:00:00;0,79;1,09;0,42;305;513;46;2.703;1.500;1.202;%8.0
2025-10-27 17:00:00;0,74;1,08;0,3;302;513;28;2.650;1.496;1.155;%7.0
2025-10-27 18:00:00;0,77;1,08;0,36;303;513;35;2.677;1.501;1.176;%7.0
2025-10-27 19:00:00;0,73;1,08;0,28;301;513;25;2.651;1.500;1.151;%7.0
2025-10-27 20:00:00;0,73;1,08;0,28;301;514;24;2.650;1.501;1.149;%7.0
2025-10-27 21:00:00;0,74;1,08;0,29;302;513;25;2.650;1.500;1.150;%7.0
2025-10-27 22:00:00;0,73;1,08;0,28;302;513;24;2.639;1.502;1.137;%7.0
2025-10-27 23:00:00;0,73;1,08;0,28;301;513;24;2.640;1.498;1.142;%7.0
2025-10-28 00:00:00;0,73;1,08;0,28;302;513;24;2.645;1.506;1.139;%7.0
2025-10-28 01:00:00;0,74;1,08;0,3;303;513;26;2.642;1.505;1.137;%7.0
2025-10-28 02:00:00;0,73;1,06;0,29;300;505;26;2.670;1.531;1.140;%7.0
2025-10-28 03:00:00;1,2;1,03;1,45;290;470;30;2.803;1.654;1.149;%7.0
2025-10-28 04:00:00;0,83;1,08;0,5;302;509;26;2.651;1.518;1.133;%7.0
2025-10-28 05:00:00;0,73;1,07;0,28;302;511;24;2.641;1.509;1.132;%7.0
2025-10-28 06:00:00;0,73;1,08;0,28;303;512;24;2.635;1.505;1.130;%7.0
2025-10-28 07:00:00;0,73;1,08;0,28;302;513;24;2.642;1.502;1.140;%7.0
2025-10-28 08:00:00;0,74;1,08;0,28;302;512;25;2.644;1.505;1.139;%7.0
2025-10-28 09:00:00;0,73;1,08;0,28;302;512;25;2.645;1.505;1.141;%7.0
2025-10-28 10:00:00;0,78;1,08;0,4;305;513;40;2.680;1.503;1.177;%8.0
2025-10-28 11:00:00;0,76;1,08;0,35;301;512;27;2.661;1.505;1.156;%7.0
2025-10-28 12:00:00;0,77;1,08;0,36;303;512;37;2.681;1.504;1.177;%7.0
2025-10-28 13:00:00;0,75;1,08;0,32;302;513;30;2.664;1.499;1.165;%7.0
2025-10-28 14:00:00;0,74;1,08;0,29;302;513;27;2.662;1.505;1.157;%7.0
2025-10-28 15:00:00;0,75;1,08;0,32;302;513;29;2.662;1.502;1.160;%7.0
2025-10-28 16:00:00;0,78;1,09;0,38;304;513;37;2.679;1.498;1.181;%7.0
2025-10-28 17:00:00;0,77;1,09;0,36;303;513;35;2.675;1.499;1.176;%7.0
2025-10-28 18:00:00;0,76;1,09;0,35;302;513;35;2.674;1.494;1.180;%7.0
2025-10-28 19:00:00;0,78;1,09;0,38;304;514;38;2.680;1.497;1.183;%8.0
2025-10-28 20:00:00;0,76;1,08;0,35;304;514;36;2.672;1.499;1.173;%7.0
2025-10-28 21:00:00;0,76;1,08;0,36;304;513;35;2.674;1.502;1.173;%7.0
2025-10-28 22:00:00;0,76;1,08;0,35;304;513;34;2.662;1.498;1.164;%7.0
2025-10-28 23:00:00;0,77;1,08;0,37;304;513;36;2.674;1.501;1.173;%7.0
2025-10-29 00:00:00;0,77;1,08;0,36;303;512;35;2.680;1.505;1.174;%7.0
2025-10-29 01:00:00;0,77;1,08;0,37;303;512;35;2.681;1.505;1.176;%7.0
2025-10-29 02:00:00;0,76;1,07;0,37;301;505;36;2.706;1.528;1.178;%7.0
2025-10-29 03:00:00;1,1;1,03;1,2;290;468;42;2.845;1.657;1.188;%8.0
2025-10-29 04:00:00;0,81;1,08;0,46;302;509;32;2.675;1.516;1.159;%7.0
2025-10-29 05:00:00;0,75;1,08;0,33;304;512;34;2.660;1.501;1.160;%7.0
2025-10-29 06:00:00;0,77;1,08;0,36;305;512;36;2.670;1.507;1.162;%7.0
2025-10-29 07:00:00;0,75;1,08;0,34;304;512;34;2.671;1.506;1.165;%7.0
2025-10-29 08:00:00;0,75;1,08;0,31;302;513;30;2.662;1.502;1.161;%7.0
2025-10-29 09:00:00;0,76;1,08;0,35;303;512;36;2.676;1.504;1.172;%7.0
2025-10-29 10:00:00;0,76;1,08;0,34;303;512;31;2.656;1.500;1.157;%7.0
2025-10-29 11:00:00;0,76;1,08;0,35;303;513;34;2.672;1.500;1.172;%7.0
2025-10-29 12:00:00;0,77;1,08;0,37;304;513;38;2.685;1.502;1.184;%7.0
2025-10-29 13:00:00;0,76;1,08;0,34;303;514;31;2.668;1.503;1.165;%7.0
2025-10-29 14:00:00;0,76;1,08;0,35;303;513;33;2.671;1.498;1.173;%7.0
2025-10-29 15:00:00;0,79;1,08;0,41;303;513;35;2.673;1.497;1.176;%7.0
2025-10-29 16:00:00;0,78;1,08;0,4;304;513;37;2.680;1.502;1.178;%7.0
2025-10-29 17:00:00;0,77;1,08;0,37;305;514;37;2.671;1.502;1.169;%8.0
2025-10-29 18:00:00;0,77;1,08;0,36;304;514;34;2.666;1.501;1.165;%7.0
2025-10-29 19:00:00;0,78;1,08;0,39;304;513;39;2.682;1.501;1.181;%7.0
2025-10-29 20:00:00;0,76;1,08;0,34;303;514;35;2.677;1.501;1.176;%7.0
2025-10-29 21:00:00;0,77;1,08;0,36;303;513;35;2.675;1.498;1.178;%7.0
2025-10-29 22:00:00;0,77;1,08;0,36;303;514;34;2.671;1.500;1.172;%7.0
2025-10-29 23:00:00;0,77;1,08;0,36;304;514;37;2.675;1.501;1.174;%7.0
2025-10-30 00:00:00;0,77;1,08;0,36;304;513;36;2.683;1.505;1.179;%7.0
2025-10-30 01:00:00;0,77;1,08;0,37;304;513;36;2.674;1.502;1.172;%7.0
2025-10-30 02:00:00;0,75;1,07;0,34;300;505;32;2.696;1.529;1.167;%7.0
2025-10-30 03:00:00;1,08;1,04;1,13;291;470;45;2.840;1.647;1.193;%8.0
2025-10-30 04:00:00;0,79;1,08;0,43;303;509;34;2.670;1.512;1.157;%7.0
2025-10-30 05:00:00;0,75;1,07;0,34;303;510;33;2.672;1.512;1.160;%7.0
2025-10-30 06:00:00;0,76;1,08;0,35;304;511;35;2.677;1.509;1.168;%7.0
2025-10-30 07:00:00;0,77;1,08;0,38;302;510;35;2.690;1.512;1.178;%7.0
2025-10-30 08:00:00;0,75;1,08;0,34;303;512;35;2.686;1.506;1.180;%7.0
2025-10-30 09:00:00;0,75;1,08;0,33;303;512;34;2.680;1.507;1.172;%7.0
2025-10-30 10:00:00;0,74;1,08;0,29;302;513;26;2.653;1.502;1.151;%7.0
2025-10-30 11:00:00;0,74;1,08;0,3;302;513;27;2.656;1.502;1.155;%7.0
2025-10-30 12:00:00;0,74;1,08;0,3;301;513;27;2.664;1.500;1.163;%7.0
2025-10-30 13:00:00;0,78;1,08;0,38;301;514;27;2.664;1.499;1.165;%7.0
2025-10-30 14:00:00;0,77;1,08;0,37;303;513;37;2.697;1.505;1.192;%8.0
2025-10-30 15:00:00;0,78;1,08;0,39;302;510;41;2.717;1.513;1.204;%8.0
2025-10-30 16:00:00;0,78;1,09;0,39;304;513;42;2.701;1.503;1.198;%8.0
2025-10-30 17:00:00;0,76;1,08;0,35;303;513;35;2.686;1.506;1.180;%7.0
2025-10-30 18:00:00;0,76;1,09;0,35;302;513;34;2.684;1.499;1.185;%7.0
2025-10-30 19:00:00;0,78;1,09;0,39;303;514;39;2.690;1.499;1.191;%8.0
2025-10-30 20:00:00;0,77;1,09;0,36;303;513;37;2.681;1.499;1.182;%7.0
2025-10-30 21:00:00;0,75;1,08;0,31;302;513;29;2.654;1.497;1.158;%7.0
2025-10-30 22:00:00;0,74;1,08;0,29;302;513;26;2.642;1.496;1.145;%7.0
2025-10-30 23:00:00;0,73;1,08;0,27;302;514;23;2.636;1.500;1.136;%7.0
2025-10-31 00:00:00;0,74;1,08;0,29;302;513;26;2.649;1.503;1.146;%7.0
2025-10-31 01:00:00;0,75;1,08;0,33;303;513;31;2.659;1.503;1.156;%7.0
2025-10-31 02:00:00;0,79;1,07;0,43;305;505;44;2.705;1.529;1.176;%7.0
2025-10-31 03:00:00;1,25;1,03;1,55;294;470;51;2.845;1.651;1.194;%8.0
2025-10-31 04:00:00;0,84;1,08;0,53;304;509;39;2.677;1.512;1.165;%7.0
2025-10-31 05:00:00;0,76;1,08;0,36;305;512;36;2.672;1.507;1.166;%7.0
2025-10-31 06:00:00;0,77;1,08;0,38;305;512;40;2.683;1.507;1.176;%8.0
2025-10-31 07:00:00;0,78;1,08;0,41;305;512;42;2.691;1.505;1.186;%8.0
2025-10-31 08:00:00;0,75;1,08;0,32;302;513;31;2.668;1.502;1.166;%7.0
2025-10-31 09:00:00;0,75;1,07;0,32;302;512;30;2.667;1.508;1.159;%7.0
2025-10-31 10:00:00;0,81;1,08;0,45;302;512;26;2.649;1.503;1.146;%7.0
2025-10-31 11:00:00;0,8;1,08;0,43;301;512;26;2.652;1.504;1.148;%7.0
2025-10-31 12:00:00;0,78;1,08;0,38;302;513;26;2.652;1.501;1.151;%7.0
2025-10-31 13:00:00;0,8;1,08;0,43;302;514;27;2.653;1.501;1.152;%7.0
2025-10-31 14:00:00;0,74;1,08;0,31;302;513;28;2.661;1.503;1.158;%7.0
2025-10-31 15:00:00;0,81;1,09;0,46;307;514;48;2.708;1.505;1.203;%8.0
2025-10-31 16:00:00;0,76;1,09;0,35;304;514;35;2.673;1.501;1.172;%7.0
2025-10-31 17:00:00;0,75;1,09;0,32;302;513;27;2.662;1.504;1.158;%7.0
2025-10-31 18:00:00;0,78;1,09;0,4;305;513;43;2.700;1.502;1.198;%8.0
2025-10-31 19:00:00;0,75;1,08;0,33;303;513;32;2.672;1.501;1.171;%7.0
2025-10-31 20:00:00;0,73;1,08;0,28;301;513;25;2.661;1.503;1.157;%7.0
2025-10-31 21:00:00;0,73;1,08;0,28;300;514;26;2.673;1.503;1.170;%7.0
2025-10-31 22:00:00;0,73;1,08;0,28;301;514;25;2.664;1.503;1.161;%7.0
2025-10-31 23:00:00;0,73;1,08;0,28;302;514;25;2.652;1.501;1.152;%7.0
2025-11-01 00:00:00;0,74;1,08;0,3;302;513;28;2.663;1.506;1.158;%7.0
2025-11-01 01:00:00;0,76;1,08;0,35;305;512;36;2.667;1.506;1.160;%7.0
2025-11-01 02:00:00;0,75;1,07;0,32;300;505;33;2.692;1.525;1.167;%7.0
2025-11-01 03:00:00;1,19;1,04;1,41;290;469;36;2.829;1.656;1.174;%7.0
2025-11-01 04:00:00;0,79;1,08;0,42;303;509;32;2.672;1.515;1.157;%7.0
2025-11-01 05:00:00;0,75;1,08;0,33;302;511;33;2.681;1.507;1.174;%7.0
2025-11-01 06:00:00;0,75;1,08;0,31;303;512;29;2.658;1.507;1.151;%7.0
2025-11-01 07:00:00;0,75;1,08;0,31;303;512;30;2.662;1.505;1.156;%7.0
2025-11-01 08:00:00;0,74;1,08;0,31;302;512;28;2.662;1.504;1.158;%7.0
2025-11-01 09:00:00;0,74;1,08;0,3;302;512;29;2.665;1.509;1.156;%7.0
2025-11-01 10:00:00;0,74;1,08;0,31;303;512;29;2.658;1.504;1.153;%7.0
2025-11-01 11:00:00;0,75;1,08;0,31;302;513;28;2.656;1.501;1.155;%7.0
2025-11-01 12:00:00;0,75;1,08;0,32;301;513;28;2.668;1.501;1.167;%7.0
2025-11-01 13:00:00;0,73;1,08;0,29;300;513;26;2.664;1.501;1.163;%7.0
2025-11-01 14:00:00;0,74;1,09;0,3;301;513;27;2.659;1.497;1.162;%7.0
2025-11-01 15:00:00;0,75;1,08;0,32;302;513;30;2.668;1.502;1.166;%7.0
2025-11-01 16:00:00;0,73;1,08;0,28;300;513;24;2.654;1.499;1.155;%7.0
2025-11-01 17:00:00;0,76;1,08;0,34;302;513;33;2.676;1.498;1.178;%7.0
2025-11-01 18:00:00;0,76;1,08;0,34;302;513;32;2.678;1.500;1.178;%7.0
2025-11-01 19:00:00;0,76;1,08;0,34;302;514;32;2.679;1.501;1.178;%7.0
2025-11-01 20:00:00;0,75;1,08;0,32;301;513;30;2.669;1.499;1.170;%7.0
2025-11-01 21:00:00;0,76;1,08;0,35;302;514;32;2.677;1.501;1.176;%7.0
2025-11-01 22:00:00;0,75;1,08;0,33;303;513;30;2.662;1.500;1.161;%7.0
2025-11-01 23:00:00;0,76;1,08;0,35;304;514;35;2.674;1.500;1.174;%7.0
2025-11-02 00:00:00;0,75;1,08;0,31;302;513;29;2.659;1.500;1.160;%7.0
2025-11-02 01:00:00;0,75;1,08;0,33;303;513;31;2.663;1.504;1.158;%7.0
2025-11-02 02:00:00;0,75;1,07;0,33;301;505;31;2.686;1.529;1.158;%7.0
2025-11-02 03:00:00;0,72;1,01;0,32;289;469;30;2.806;1.653;1.153;%7.0
2025-11-02 04:00:00;0,82;1,07;0,49;303;509;31;2.665;1.515;1.149;%7.0
2025-11-02 05:00:00;0,75;1,07;0,32;303;511;30;2.653;1.506;1.146;%7.0
2025-11-02 06:00:00;0,75;1,07;0,32;303;510;31;2.660;1.512;1.148;%7.0
2025-11-02 07:00:00;0,75;1,08;0,31;303;513;29;2.651;1.501;1.150;%7.0
2025-11-02 08:00:00;0,75;1,08;0,32;302;512;30;2.665;1.505;1.160;%7.0
2025-11-02 09:00:00;0,75;1,08;0,33;303;511;32;2.671;1.508;1.163;%7.0
2025-11-02 10:00:00;0,76;1,08;0,34;303;512;33;2.670;1.505;1.165;%7.0
2025-11-02 11:00:00;0,78;1,08;0,39;304;513;37;2.675;1.501;1.174;%7.0
2025-11-02 12:00:00;0,8;1,09;0,45;307;512;47;2.694;1.502;1.192;%8.0
2025-11-02 13:00:00;0,85;1,09;0,53;303;513;27;2.643;1.500;1.143;%7.0
2025-11-02 14:00:00;0,81;1,09;0,46;306;513;51;2.720;1.503;1.217;%8.0
2025-11-02 15:00:00;0,8;1,09;0,45;304;513;49;2.717;1.495;1.222;%8.0
2025-11-02 16:00:00;0,79;1,09;0,43;305;513;46;2.706;1.501;1.205;%8.0
2025-11-02 17:00:00;0,78;1,09;0,4;305;513;43;2.705;1.505;1.200;%8.0
2025-11-02 18:00:00;0,78;1,09;0,41;304;513;44;2.708;1.500;1.208;%8.0
2025-11-02 19:00:00;0,76;1,08;0,36;303;514;36;2.688;1.500;1.188;%7.0
2025-11-02 20:00:00;0,73;1,08;0,28;301;514;25;2.656;1.499;1.157;%7.0
2025-11-02 21:00:00;0,76;1,08;0,34;301;514;27;2.665;1.499;1.166;%7.0
2025-11-02 22:00:00;0,77;1,08;0,37;304;513;39;2.685;1.498;1.186;%7.0
2025-11-02 23:00:00;0,76;1,08;0,34;303;514;33;2.670;1.500;1.170;%7.0
2025-11-03 00:00:00;0,75;1,08;0,34;302;513;32;2.676;1.502;1.174;%7.0
2025-11-03 01:00:00;0,76;1,08;0,36;303;513;34;2.674;1.499;1.175;%8.0
2025-11-03 02:00:00;0,74;1,07;0,32;299;505;29;2.695;1.530;1.166;%7.0
2025-11-03 03:00:00;1,06;1,03;1,11;289;469;35;2.835;1.658;1.177;%7.0
2025-11-03 04:00:00;0,81;1,08;0,46;302;509;32;2.664;1.509;1.155;%7.0
2025-11-03 05:00:00;0,75;1,08;0,32;303;512;30;2.653;1.502;1.151;%7.0
2025-11-03 06:00:00;0,75;1,08;0,33;304;512;31;2.660;1.505;1.154;%7.0
2025-11-03 07:00:00;0,76;1,08;0,34;303;513;32;2.661;1.500;1.161;%7.0
2025-11-03 08:00:00;0,77;1,08;0,37;304;513;37;2.681;1.503;1.177;%7.0
2025-11-03 09:00:00;0,78;1,08;0,4;304;512;41;2.695;1.505;1.190;%8.0
2025-11-03 10:00:00;0,76;1,08;0,33;302;511;26;2.656;1.508;1.147;%7.0
2025-11-03 11:00:00;0,76;1,08;0,33;302;513;26;2.652;1.501;1.151;%7.0
2025-11-03 12:00:00;;;;;;;;;;