Esenyurt ESNTOCDELLAPP04;Latency;Read Latency;Write Latency;Avg. Size;Read Size;Write Size;Total IOPS;Read IOPS;Write IOPS;CPU Utilization
2025-10-04 10:42:43;;;;;;;;;;
2025-10-04 11:00:00;0;0;0;0;0;0;0.000;0.000;0.000;%0.0
2025-10-04 12:00:00;0;0;0;0;0;0;0.000;0.000;0.000;%0.0
2025-10-04 13:00:00;0;0;0;0;0;0;0.000;0.000;0.000;%0.0
2025-10-04 14:00:00;0;0;0;0;0;0;0.000;0.000;0.000;%0.0
2025-10-04 15:00:00;0;0;0;0;0;0;0.000;0.000;0.000;%0.0
2025-10-04 16:00:00;0;0;0;0;0;0;0.000;0.000;0.000;%0.0
2025-10-04 17:00:00;0;0;0;0;0;0;0.000;0.000;0.000;%0.0
2025-10-04 18:00:00;0;0;0;0;0;0;0.000;0.000;0.000;%0.0
2025-10-04 19:00:00;0;0;0;0;0;0;0.000;0.000;0.000;%0.0
2025-10-04 20:00:00;0;0;0;0;0;0;0.000;0.000;0.000;%0.0
2025-10-04 21:00:00;0;0;0;0;0;0;0.000;0.000;0.000;%0.0
2025-10-04 22:00:00;0;0;0;0;0;0;0.000;0.000;0.000;%0.0
2025-10-04 23:00:00;0;0;0;0;0;0;0.000;0.000;0.000;%0.0
2025-10-05 00:00:00;0;0;0;0;0;0;0.000;0.000;0.000;%0.0
2025-10-05 01:00:00;0;0;0;0;0;0;0.000;0.000;0.000;%0.0
2025-10-05 02:00:00;0;0;0;0;0;0;0.000;0.000;0.000;%0.0
2025-10-05 03:00:00;0;0;0;0;0;0;0.000;0.000;0.000;%0.0
2025-10-05 04:00:00;0;0;0;0;0;0;0.000;0.000;0.000;%0.0
2025-10-05 05:00:00;0;0;0;0;0;0;0.000;0.000;0.000;%0.0
2025-10-05 06:00:00;0;0;0;0;0;0;0.000;0.000;0.000;%0.0
2025-10-05 07:00:00;0;0;0;0;0;0;0.000;0.000;0.000;%0.0
2025-10-05 08:00:00;0;0;0;0;0;0;0.000;0.000;0.000;%0.0
2025-10-05 09:00:00;0;0;0;0;0;0;0.000;0.000;0.000;%0.0
2025-10-05 10:00:00;0;0;0;0;0;0;0.000;0.000;0.000;%0.0
2025-10-05 11:00:00;0;0;0;0;0;0;0.000;0.000;0.000;%0.0
2025-10-05 12:00:00;0;0;0;0;0;0;0.000;0.000;0.000;%0.0
2025-10-05 13:00:00;0;0;0;0;0;0;0.000;0.000;0.000;%0.0
2025-10-05 14:00:00;0;0;0;0;0;0;0.000;0.000;0.000;%0.0
2025-10-05 15:00:00;0;0;0;0;0;0;0.000;0.000;0.000;%0.0
2025-10-05 16:00:00;0;0;0;0;0;0;0.000;0.000;0.000;%0.0
2025-10-05 17:00:00;0;0;0;0;0;0;0.000;0.000;0.000;%0.0
2025-10-05 18:00:00;0;0;0;0;0;0;0.000;0.000;0.000;%0.0
2025-10-05 19:00:00;0;0;0;0;0;0;0.000;0.000;0.000;%0.0
2025-10-05 20:00:00;0;0;0;0;0;0;0.000;0.000;0.000;%0.0
2025-10-05 21:00:00;0;0;0;0;0;0;0.000;0.000;0.000;%0.0
2025-10-05 22:00:00;0;0;0;0;0;0;0.000;0.000;0.000;%0.0
2025-10-05 23:00:00;0;0;0;0;0;0;0.000;0.000;0.000;%0.0
2025-10-06 00:00:00;0;0;0;0;0;0;0.000;0.000;0.000;%0.0
2025-10-06 01:00:00;0;0;0;0;0;0;0.000;0.000;0.000;%0.0
2025-10-06 02:00:00;0;0;0;0;0;0;0.000;0.000;0.000;%0.0
2025-10-06 03:00:00;0;0;0;0;0;0;0.000;0.000;0.000;%0.0
2025-10-06 04:00:00;0;0;0;0;0;0;0.000;0.000;0.000;%0.0
2025-10-06 05:00:00;0;0;0;0;0;0;0.000;0.000;0.000;%0.0
2025-10-06 06:00:00;0;0;0;0;0;0;0.000;0.000;0.000;%0.0
2025-10-06 07:00:00;0;0;0;0;0;0;0.000;0.000;0.000;%0.0
2025-10-06 08:00:00;0;0;0;0;0;0;0.000;0.000;0.000;%0.0
2025-10-06 09:00:00;0;0;0;0;0;0;0.000;0.000;0.000;%0.0
2025-10-06 10:00:00;0;0;0;0;0;0;0.000;0.000;0.000;%0.0
2025-10-06 11:00:00;0;0;0;0;0;0;0.000;0.000;0.000;%0.0
2025-10-06 12:00:00;0;0;0;0;0;0;0.000;0.000;0.000;%0.0
2025-10-06 13:00:00;0;0;0;0;0;0;0.000;0.000;0.000;%0.0
2025-10-06 14:00:00;0;0;0;0;0;0;0.000;0.000;0.000;%0.0
2025-10-06 15:00:00;0;0;0;0;0;0;0.000;0.000;0.000;%0.0
2025-10-06 16:00:00;0;0;0;0;0;0;0.000;0.000;0.000;%0.0
2025-10-06 17:00:00;0;0;0;0;0;0;0.000;0.000;0.000;%0.0
2025-10-06 18:00:00;0;0;0;0;0;0;0.000;0.000;0.000;%0.0
2025-10-06 19:00:00;0;0;0;0;0;0;0.000;0.000;0.000;%0.0
2025-10-06 20:00:00;0;0;0;0;0;0;0.000;0.000;0.000;%0.0
2025-10-06 21:00:00;0;0;0;0;0;0;0.000;0.000;0.000;%0.0
2025-10-06 22:00:00;0;0;0;0;0;0;0.000;0.000;0.000;%0.0
2025-10-06 23:00:00;0;0;0;0;0;0;0.000;0.000;0.000;%0.0
2025-10-07 00:00:00;0;0;0;0;0;0;0.000;0.000;0.000;%0.0
2025-10-07 01:00:00;0;0;0;0;0;0;0.000;0.000;0.000;%0.0
2025-10-07 02:00:00;0;0;0;0;0;0;0.000;0.000;0.000;%0.0
2025-10-07 03:00:00;0;0;0;0;0;0;0.000;0.000;0.000;%0.0
2025-10-07 04:00:00;0;0;0;0;0;0;0.000;0.000;0.000;%0.0
2025-10-07 05:00:00;0;0;0;0;0;0;0.000;0.000;0.000;%0.0
2025-10-07 06:00:00;0;0;0;0;0;0;0.000;0.000;0.000;%0.0
2025-10-07 07:00:00;0;0;0;0;0;0;0.000;0.000;0.000;%0.0
2025-10-07 08:00:00;0;0;0;0;0;0;0.000;0.000;0.000;%0.0
2025-10-07 09:00:00;0;0;0;0;0;0;0.000;0.000;0.000;%0.0
2025-10-07 10:00:00;0;0;0;0;0;0;0.000;0.000;0.000;%0.0
2025-10-07 11:00:00;0;0;0;0;0;0;0.000;0.000;0.000;%0.0
2025-10-07 12:00:00;0;0;0;0;0;0;0.000;0.000;0.000;%0.0
2025-10-07 13:00:00;0;0;0;0;0;0;0.000;0.000;0.000;%0.0
2025-10-07 14:00:00;0;0;0;0;0;0;0.000;0.000;0.000;%0.0
2025-10-07 15:00:00;0;0;0;0;0;0;0.000;0.000;0.000;%0.0
2025-10-07 16:00:00;0;0;0;0;0;0;0.000;0.000;0.000;%0.0
2025-10-07 17:00:00;0;0;0;0;0;0;0.000;0.000;0.000;%0.0
2025-10-07 18:00:00;0;0;0;0;0;0;0.000;0.000;0.000;%0.0
2025-10-07 19:00:00;0;0;0;0;0;0;0.000;0.000;0.000;%0.0
2025-10-07 20:00:00;0;0;0;0;0;0;0.000;0.000;0.000;%0.0
2025-10-07 21:00:00;0;0;0;0;0;0;0.000;0.000;0.000;%0.0
2025-10-07 22:00:00;0;0;0;0;0;0;0.000;0.000;0.000;%0.0
2025-10-07 23:00:00;0;0;0;0;0;0;0.000;0.000;0.000;%0.0
2025-10-08 00:00:00;0;0;0;0;0;0;0.000;0.000;0.000;%0.0
2025-10-08 01:00:00;0;0;0;0;0;0;0.000;0.000;0.000;%0.0
2025-10-08 02:00:00;0;0;0;0;0;0;0.000;0.000;0.000;%0.0
2025-10-08 03:00:00;0;0;0;0;0;0;0.000;0.000;0.000;%0.0
2025-10-08 04:00:00;0;0;0;0;0;0;0.000;0.000;0.000;%0.0
2025-10-08 05:00:00;0;0;0;0;0;0;0.000;0.000;0.000;%0.0
2025-10-08 06:00:00;0;0;0;0;0;0;0.000;0.000;0.000;%0.0
2025-10-08 07:00:00;0;0;0;0;0;0;0.000;0.000;0.000;%0.0
2025-10-08 08:00:00;0;0;0;0;0;0;0.000;0.000;0.000;%0.0
2025-10-08 09:00:00;0;0;0;0;0;0;0.000;0.000;0.000;%0.0
2025-10-08 10:00:00;0;0;0;0;0;0;0.000;0.000;0.000;%0.0
2025-10-08 11:00:00;0;0;0;0;0;0;0.000;0.000;0.000;%0.0
2025-10-08 12:00:00;0;0;0;0;0;0;0.000;0.000;0.000;%0.0
2025-10-08 13:00:00;0;0;0;0;0;0;0.000;0.000;0.000;%0.0
2025-10-08 14:00:00;0;0;0;0;0;0;0.000;0.000;0.000;%0.0
2025-10-08 15:00:00;0;0;0;0;0;0;0.000;0.000;0.000;%0.0
2025-10-08 16:00:00;0;0;0;0;0;0;0.000;0.000;0.000;%0.0
2025-10-08 17:00:00;0;0;0;0;0;0;0.000;0.000;0.000;%0.0
2025-10-08 18:00:00;0;0;0;0;0;0;0.000;0.000;0.000;%0.0
2025-10-08 19:00:00;0;0;0;0;0;0;0.000;0.000;0.000;%0.0
2025-10-08 20:00:00;0;0;0;0;0;0;0.000;0.000;0.000;%0.0
2025-10-08 21:00:00;0;0;0;0;0;0;0.000;0.000;0.000;%0.0
2025-10-08 22:00:00;0;0;0;0;0;0;0.000;0.000;0.000;%0.0
2025-10-08 23:00:00;0;0;0;0;0;0;0.000;0.000;0.000;%0.0
2025-10-09 00:00:00;0;0;0;0;0;0;0.000;0.000;0.000;%0.0
2025-10-09 01:00:00;0;0;0;0;0;0;0.000;0.000;0.000;%0.0
2025-10-09 02:00:00;0;0;0;0;0;0;0.000;0.000;0.000;%0.0
2025-10-09 03:00:00;0;0;0;0;0;0;0.000;0.000;0.000;%0.0
2025-10-09 04:00:00;0;0;0;0;0;0;0.000;0.000;0.000;%0.0
2025-10-09 05:00:00;0;0;0;0;0;0;0.000;0.000;0.000;%0.0
2025-10-09 06:00:00;0;0;0;0;0;0;0.000;0.000;0.000;%0.0
2025-10-09 07:00:00;0;0;0;0;0;0;0.000;0.000;0.000;%0.0
2025-10-09 08:00:00;0;0;0;0;0;0;0.000;0.000;0.000;%0.0
2025-10-09 09:00:00;0;0;0;0;0;0;0.000;0.000;0.000;%0.0
2025-10-09 10:00:00;0;0;0;0;0;0;0.000;0.000;0.000;%0.0
2025-10-09 11:00:00;0;0;0;0;0;0;0.000;0.000;0.000;%0.0
2025-10-09 12:00:00;0;0;0;0;0;0;0.000;0.000;0.000;%0.0
2025-10-09 13:00:00;0;0;0;0;0;0;0.000;0.000;0.000;%0.0
2025-10-09 14:00:00;0;0;0;0;0;0;0.000;0.000;0.000;%0.0
2025-10-09 15:00:00;0;0;0;0;0;0;0.000;0.000;0.000;%0.0
2025-10-09 16:00:00;0;0;0;0;0;0;0.000;0.000;0.000;%0.0
2025-10-09 17:00:00;0;0;0;0;0;0;0.000;0.000;0.000;%0.0
2025-10-09 18:00:00;0;0;0;0;0;0;0.000;0.000;0.000;%0.0
2025-10-09 19:00:00;0;0;0;0;0;0;0.000;0.000;0.000;%0.0
2025-10-09 20:00:00;0;0;0;0;0;0;0.000;0.000;0.000;%0.0
2025-10-09 21:00:00;0;0;0;0;0;0;0.000;0.000;0.000;%0.0
2025-10-09 22:00:00;0;0;0;0;0;0;0.000;0.000;0.000;%0.0
2025-10-09 23:00:00;0;0;0;0;0;0;0.000;0.000;0.000;%0.0
2025-10-10 00:00:00;0;0;0;0;0;0;0.000;0.000;0.000;%0.0
2025-10-10 01:00:00;0;0;0;0;0;0;0.000;0.000;0.000;%0.0
2025-10-10 02:00:00;0;0;0;0;0;0;0.000;0.000;0.000;%0.0
2025-10-10 03:00:00;0;0;0;0;0;0;0.000;0.000;0.000;%0.0
2025-10-10 04:00:00;0;0;0;0;0;0;0.000;0.000;0.000;%0.0
2025-10-10 05:00:00;0;0;0;0;0;0;0.000;0.000;0.000;%0.0
2025-10-10 06:00:00;0;0;0;0;0;0;0.000;0.000;0.000;%0.0
2025-10-10 07:00:00;0;0;0;0;0;0;0.000;0.000;0.000;%0.0
2025-10-10 08:00:00;0;0;0;0;0;0;0.000;0.000;0.000;%0.0
2025-10-10 09:00:00;0;0;0;0;0;0;0.000;0.000;0.000;%0.0
2025-10-10 10:00:00;0;0;0;0;0;0;0.000;0.000;0.000;%0.0
2025-10-10 11:00:00;0;0;0;0;0;0;0.000;0.000;0.000;%0.0
2025-10-10 12:00:00;0;0;0;0;0;0;0.000;0.000;0.000;%0.0
2025-10-10 13:00:00;0;0;0;0;0;0;0.000;0.000;0.000;%0.0
2025-10-10 14:00:00;0;0;0;0;0;0;0.000;0.000;0.000;%0.0
2025-10-10 15:00:00;0;0;0;0;0;0;0.000;0.000;0.000;%0.0
2025-10-10 16:00:00;0;0;0;0;0;0;0.000;0.000;0.000;%0.0
2025-10-10 17:00:00;0;0;0;0;0;0;0.000;0.000;0.000;%0.0
2025-10-10 18:00:00;0;0;0;0;0;0;0.000;0.000;0.000;%0.0
2025-10-10 19:00:00;0;0;0;0;0;0;0.000;0.000;0.000;%0.0
2025-10-10 20:00:00;0;0;0;0;0;0;0.000;0.000;0.000;%0.0
2025-10-10 21:00:00;0;0;0;0;0;0;0.000;0.000;0.000;%0.0
2025-10-10 22:00:00;0;0;0;0;0;0;0.000;0.000;0.000;%0.0
2025-10-10 23:00:00;0;0;0;0;0;0;0.000;0.000;0.000;%0.0
2025-10-11 00:00:00;0;0;0;0;0;0;0.000;0.000;0.000;%0.0
2025-10-11 01:00:00;0;0;0;0;0;0;0.000;0.000;0.000;%0.0
2025-10-11 02:00:00;0;0;0;0;0;0;0.000;0.000;0.000;%0.0
2025-10-11 03:00:00;0;0;0;0;0;0;0.000;0.000;0.000;%0.0
2025-10-11 04:00:00;0;0;0;0;0;0;0.000;0.000;0.000;%0.0
2025-10-11 05:00:00;0;0;0;0;0;0;0.000;0.000;0.000;%0.0
2025-10-11 06:00:00;0;0;0;0;0;0;0.000;0.000;0.000;%0.0
2025-10-11 07:00:00;0;0;0;0;0;0;0.000;0.000;0.000;%0.0
2025-10-11 08:00:00;0;0;0;0;0;0;0.000;0.000;0.000;%0.0
2025-10-11 09:00:00;0;0;0;0;0;0;0.000;0.000;0.000;%0.0
2025-10-11 10:00:00;0;0;0;0;0;0;0.000;0.000;0.000;%0.0
2025-10-11 11:00:00;0;0;0;0;0;0;0.000;0.000;0.000;%0.0
2025-10-11 12:00:00;0;0;0;0;0;0;0.000;0.000;0.000;%0.0
2025-10-11 13:00:00;0;0;0;0;0;0;0.000;0.000;0.000;%0.0
2025-10-11 14:00:00;0;0;0;0;0;0;0.000;0.000;0.000;%0.0
2025-10-11 15:00:00;0;0;0;0;0;0;0.000;0.000;0.000;%0.0
2025-10-11 16:00:00;0;0;0;0;0;0;0.000;0.000;0.000;%0.0
2025-10-11 17:00:00;0;0;0;0;0;0;0.000;0.000;0.000;%0.0
2025-10-11 18:00:00;0;0;0;0;0;0;0.000;0.000;0.000;%0.0
2025-10-11 19:00:00;0;0;0;0;0;0;0.000;0.000;0.000;%0.0
2025-10-11 20:00:00;0;0;0;0;0;0;0.000;0.000;0.000;%0.0
2025-10-11 21:00:00;0;0;0;0;0;0;0.000;0.000;0.000;%0.0
2025-10-11 22:00:00;0;0;0;0;0;0;0.000;0.000;0.000;%0.0
2025-10-11 23:00:00;0;0;0;0;0;0;0.000;0.000;0.000;%0.0
2025-10-12 00:00:00;0;0;0;0;0;0;0.000;0.000;0.000;%0.0
2025-10-12 01:00:00;0;0;0;0;0;0;0.000;0.000;0.000;%0.0
2025-10-12 02:00:00;0;0;0;0;0;0;0.000;0.000;0.000;%0.0
2025-10-12 03:00:00;0;0;0;0;0;0;0.000;0.000;0.000;%0.0
2025-10-12 04:00:00;0;0;0;0;0;0;0.000;0.000;0.000;%0.0
2025-10-12 05:00:00;0;0;0;0;0;0;0.000;0.000;0.000;%0.0
2025-10-12 06:00:00;0;0;0;0;0;0;0.000;0.000;0.000;%0.0
2025-10-12 07:00:00;0;0;0;0;0;0;0.000;0.000;0.000;%0.0
2025-10-12 08:00:00;0;0;0;0;0;0;0.000;0.000;0.000;%0.0
2025-10-12 09:00:00;0;0;0;0;0;0;0.000;0.000;0.000;%0.0
2025-10-12 10:00:00;0;0;0;0;0;0;0.000;0.000;0.000;%0.0
2025-10-12 11:00:00;0;0;0;0;0;0;0.000;0.000;0.000;%0.0
2025-10-12 12:00:00;0;0;0;0;0;0;0.000;0.000;0.000;%0.0
2025-10-12 13:00:00;0;0;0;0;0;0;0.000;0.000;0.000;%0.0
2025-10-12 14:00:00;0;0;0;0;0;0;0.000;0.000;0.000;%0.0
2025-10-12 15:00:00;0;0;0;0;0;0;0.000;0.000;0.000;%0.0
2025-10-12 16:00:00;0;0;0;0;0;0;0.000;0.000;0.000;%0.0
2025-10-12 17:00:00;0;0;0;0;0;0;0.000;0.000;0.000;%0.0
2025-10-12 18:00:00;0;0;0;0;0;0;0.000;0.000;0.000;%0.0
2025-10-12 19:00:00;0;0;0;0;0;0;0.000;0.000;0.000;%0.0
2025-10-12 20:00:00;0;0;0;0;0;0;0.000;0.000;0.000;%0.0
2025-10-12 21:00:00;0;0;0;0;0;0;0.000;0.000;0.000;%0.0
2025-10-12 22:00:00;0;0;0;0;0;0;0.000;0.000;0.000;%0.0
2025-10-12 23:00:00;0;0;0;0;0;0;0.000;0.000;0.000;%0.0
2025-10-13 00:00:00;0;0;0;0;0;0;0.000;0.000;0.000;%0.0
2025-10-13 01:00:00;0;0;0;0;0;0;0.000;0.000;0.000;%0.0
2025-10-13 02:00:00;0;0;0;0;0;0;0.000;0.000;0.000;%0.0
2025-10-13 03:00:00;0;0;0;0;0;0;0.000;0.000;0.000;%0.0
2025-10-13 04:00:00;0;0;0;0;0;0;0.000;0.000;0.000;%0.0
2025-10-13 05:00:00;0;0;0;0;0;0;0.000;0.000;0.000;%0.0
2025-10-13 06:00:00;0;0;0;0;0;0;0.000;0.000;0.000;%0.0
2025-10-13 07:00:00;0;0;0;0;0;0;0.000;0.000;0.000;%0.0
2025-10-13 08:00:00;0;0;0;0;0;0;0.000;0.000;0.000;%0.0
2025-10-13 09:00:00;0;0;0;0;0;0;0.000;0.000;0.000;%0.0
2025-10-13 10:00:00;0;0;0;0;0;0;0.000;0.000;0.000;%0.0
2025-10-13 11:00:00;0;0;0;0;0;0;0.000;0.000;0.000;%0.0
2025-10-13 12:00:00;0;0;0;0;0;0;0.000;0.000;0.000;%0.0
2025-10-13 13:00:00;0;0;0;0;0;0;0.000;0.000;0.000;%0.0
2025-10-13 14:00:00;0;0;0;0;0;0;0.000;0.000;0.000;%0.0
2025-10-13 15:00:00;0;0;0;0;0;0;0.000;0.000;0.000;%0.0
2025-10-13 16:00:00;0;0;0;0;0;0;0.000;0.000;0.000;%0.0
2025-10-13 17:00:00;0;0;0;0;0;0;0.000;0.000;0.000;%0.0
2025-10-13 18:00:00;0;0;0;0;0;0;0.000;0.000;0.000;%0.0
2025-10-13 19:00:00;0;0;0;0;0;0;0.000;0.000;0.000;%0.0
2025-10-13 20:00:00;0;0;0;0;0;0;0.000;0.000;0.000;%0.0
2025-10-13 21:00:00;0;0;0;0;0;0;0.000;0.000;0.000;%0.0
2025-10-13 22:00:00;0;0;0;0;0;0;0.000;0.000;0.000;%0.0
2025-10-13 23:00:00;0;0;0;0;0;0;0.000;0.000;0.000;%0.0
2025-10-14 00:00:00;0;0;0;0;0;0;0.000;0.000;0.000;%0.0
2025-10-14 01:00:00;0;0;0;0;0;0;0.000;0.000;0.000;%0.0
2025-10-14 02:00:00;0;0;0;0;0;0;0.000;0.000;0.000;%0.0
2025-10-14 03:00:00;0;0;0;0;0;0;0.000;0.000;0.000;%0.0
2025-10-14 04:00:00;0;0;0;0;0;0;0.000;0.000;0.000;%0.0
2025-10-14 05:00:00;0;0;0;0;0;0;0.000;0.000;0.000;%0.0
2025-10-14 06:00:00;0;0;0;0;0;0;0.000;0.000;0.000;%0.0
2025-10-14 07:00:00;0;0;0;0;0;0;0.000;0.000;0.000;%0.0
2025-10-14 08:00:00;0;0;0;0;0;0;0.000;0.000;0.000;%0.0
2025-10-14 09:00:00;0;0;0;0;0;0;0.000;0.000;0.000;%0.0
2025-10-14 10:00:00;0;0;0;0;0;0;0.000;0.000;0.000;%0.0
2025-10-14 11:00:00;0;0;0;0;0;0;0.000;0.000;0.000;%0.0
2025-10-14 12:00:00;0;0;0;0;0;0;0.000;0.000;0.000;%0.0
2025-10-14 13:00:00;0;0;0;0;0;0;0.000;0.000;0.000;%0.0
2025-10-14 14:00:00;0;0;0;0;0;0;0.000;0.000;0.000;%0.0
2025-10-14 15:00:00;0;0;0;0;0;0;0.000;0.000;0.000;%0.0
2025-10-14 16:00:00;0;0;0;0;0;0;0.000;0.000;0.000;%0.0
2025-10-14 17:00:00;0;0;0;0;0;0;0.000;0.000;0.000;%0.0
2025-10-14 18:00:00;0;0;0;0;0;0;0.000;0.000;0.000;%0.0
2025-10-14 19:00:00;0;0;0;0;0;0;0.000;0.000;0.000;%0.0
2025-10-14 20:00:00;0;0;0;0;0;0;0.000;0.000;0.000;%0.0
2025-10-14 21:00:00;0;0;0;0;0;0;0.000;0.000;0.000;%0.0
2025-10-14 22:00:00;0;0;0;0;0;0;0.000;0.000;0.000;%0.0
2025-10-14 23:00:00;0;0;0;0;0;0;0.000;0.000;0.000;%0.0
2025-10-15 00:00:00;0;0;0;0;0;0;0.000;0.000;0.000;%0.0
2025-10-15 01:00:00;0;0;0;0;0;0;0.000;0.000;0.000;%0.0
2025-10-15 02:00:00;0;0;0;0;0;0;0.000;0.000;0.000;%0.0
2025-10-15 03:00:00;0;0;0;0;0;0;0.000;0.000;0.000;%0.0
2025-10-15 04:00:00;0;0;0;0;0;0;0.000;0.000;0.000;%0.0
2025-10-15 05:00:00;0;0;0;0;0;0;0.000;0.000;0.000;%0.0
2025-10-15 06:00:00;0;0;0;0;0;0;0.000;0.000;0.000;%0.0
2025-10-15 07:00:00;0;0;0;0;0;0;0.000;0.000;0.000;%0.0
2025-10-15 08:00:00;0;0;0;0;0;0;0.000;0.000;0.000;%0.0
2025-10-15 09:00:00;0;0;0;0;0;0;0.000;0.000;0.000;%0.0
2025-10-15 10:00:00;0;0;0;0;0;0;0.000;0.000;0.000;%0.0
2025-10-15 11:00:00;0;0;0;0;0;0;0.000;0.000;0.000;%0.0
2025-10-15 12:00:00;0;0;0;0;0;0;0.000;0.000;0.000;%0.0
2025-10-15 13:00:00;0;0;0;0;0;0;0.000;0.000;0.000;%0.0
2025-10-15 14:00:00;0;0;0;0;0;0;0.000;0.000;0.000;%0.0
2025-10-15 15:00:00;0;0;0;0;0;0;0.000;0.000;0.000;%0.0
2025-10-15 16:00:00;0;0;0;0;0;0;0.000;0.000;0.000;%0.0
2025-10-15 17:00:00;0;0;0;0;0;0;0.000;0.000;0.000;%0.0
2025-10-15 18:00:00;0;0;0;0;0;0;0.000;0.000;0.000;%0.0
2025-10-15 19:00:00;0;0;0;0;0;0;0.000;0.000;0.000;%0.0
2025-10-15 20:00:00;0;0;0;0;0;0;0.000;0.000;0.000;%0.0
2025-10-15 21:00:00;0;0;0;0;0;0;0.000;0.000;0.000;%0.0
2025-10-15 22:00:00;0;0;0;0;0;0;0.000;0.000;0.000;%0.0
2025-10-15 23:00:00;0;0;0;0;0;0;0.000;0.000;0.000;%0.0
2025-10-16 00:00:00;0;0;0;0;0;0;0.000;0.000;0.000;%0.0
2025-10-16 01:00:00;0;0;0;0;0;0;0.000;0.000;0.000;%0.0
2025-10-16 02:00:00;0;0;0;0;0;0;0.000;0.000;0.000;%0.0
2025-10-16 03:00:00;0;0;0;0;0;0;0.000;0.000;0.000;%0.0
2025-10-16 04:00:00;0;0;0;0;0;0;0.000;0.000;0.000;%0.0
2025-10-16 05:00:00;0;0;0;0;0;0;0.000;0.000;0.000;%0.0
2025-10-16 06:00:00;0;0;0;0;0;0;0.000;0.000;0.000;%0.0
2025-10-16 07:00:00;0;0;0;0;0;0;0.000;0.000;0.000;%0.0
2025-10-16 08:00:00;0;0;0;0;0;0;0.000;0.000;0.000;%0.0
2025-10-16 09:00:00;0;0;0;0;0;0;0.000;0.000;0.000;%0.0
2025-10-16 10:00:00;0;0;0;0;0;0;0.000;0.000;0.000;%0.0
2025-10-16 11:00:00;0;0;0;0;0;0;0.000;0.000;0.000;%0.0
2025-10-16 12:00:00;0;0;0;0;0;0;0.000;0.000;0.000;%0.0
2025-10-16 13:00:00;0;0;0;0;0;0;0.000;0.000;0.000;%0.0
2025-10-16 14:00:00;0;0;0;0;0;0;0.000;0.000;0.000;%0.0
2025-10-16 15:00:00;0;0;0;0;0;0;0.000;0.000;0.000;%0.0
2025-10-16 16:00:00;0;0;0;0;0;0;0.000;0.000;0.000;%0.0
2025-10-16 17:00:00;0;0;0;0;0;0;0.000;0.000;0.000;%0.0
2025-10-16 18:00:00;0;0;0;0;0;0;0.000;0.000;0.000;%0.0
2025-10-16 19:00:00;0;0;0;0;0;0;0.000;0.000;0.000;%0.0
2025-10-16 20:00:00;0;0;0;0;0;0;0.000;0.000;0.000;%0.0
2025-10-16 21:00:00;0;0;0;0;0;0;0.000;0.000;0.000;%0.0
2025-10-16 22:00:00;0;0;0;0;0;0;0.000;0.000;0.000;%0.0
2025-10-16 23:00:00;0;0;0;0;0;0;0.000;0.000;0.000;%0.0
2025-10-17 00:00:00;0;0;0;0;0;0;0.000;0.000;0.000;%0.0
2025-10-17 01:00:00;0;0;0;0;0;0;0.000;0.000;0.000;%0.0
2025-10-17 02:00:00;0;0;0;0;0;0;0.000;0.000;0.000;%0.0
2025-10-17 03:00:00;0;0;0;0;0;0;0.000;0.000;0.000;%0.0
2025-10-17 04:00:00;0;0;0;0;0;0;0.000;0.000;0.000;%0.0
2025-10-17 05:00:00;0;0;0;0;0;0;0.000;0.000;0.000;%0.0
2025-10-17 06:00:00;0;0;0;0;0;0;0.000;0.000;0.000;%0.0
2025-10-17 07:00:00;0;0;0;0;0;0;0.000;0.000;0.000;%0.0
2025-10-17 08:00:00;0;0;0;0;0;0;0.000;0.000;0.000;%0.0
2025-10-17 09:00:00;0;0;0;0;0;0;0.000;0.000;0.000;%0.0
2025-10-17 10:00:00;0;0;0;0;0;0;0.000;0.000;0.000;%0.0
2025-10-17 11:00:00;0;0;0;0;0;0;0.000;0.000;0.000;%0.0
2025-10-17 12:00:00;0;0;0;0;0;0;0.000;0.000;0.000;%0.0
2025-10-17 13:00:00;0;0;0;0;0;0;0.000;0.000;0.000;%0.0
2025-10-17 14:00:00;0;0;0;0;0;0;0.000;0.000;0.000;%0.0
2025-10-17 15:00:00;0;0;0;0;0;0;0.000;0.000;0.000;%0.0
2025-10-17 16:00:00;0;0;0;0;0;0;0.000;0.000;0.000;%0.0
2025-10-17 17:00:00;0;0;0;0;0;0;0.000;0.000;0.000;%0.0
2025-10-17 18:00:00;0;0;0;0;0;0;0.000;0.000;0.000;%0.0
2025-10-17 19:00:00;0;0;0;0;0;0;0.000;0.000;0.000;%0.0
2025-10-17 20:00:00;0;0;0;0;0;0;0.000;0.000;0.000;%0.0
2025-10-17 21:00:00;0;0;0;0;0;0;0.000;0.000;0.000;%0.0
2025-10-17 22:00:00;0;0;0;0;0;0;0.000;0.000;0.000;%0.0
2025-10-17 23:00:00;0;0;0;0;0;0;0.000;0.000;0.000;%0.0
2025-10-18 00:00:00;0;0;0;0;0;0;0.000;0.000;0.000;%0.0
2025-10-18 01:00:00;0;0;0;0;0;0;0.000;0.000;0.000;%0.0
2025-10-18 02:00:00;0;0;0;0;0;0;0.000;0.000;0.000;%0.0
2025-10-18 03:00:00;0;0;0;0;0;0;0.000;0.000;0.000;%0.0
2025-10-18 04:00:00;0;0;0;0;0;0;0.000;0.000;0.000;%0.0
2025-10-18 05:00:00;0;0;0;0;0;0;0.000;0.000;0.000;%0.0
2025-10-18 06:00:00;0;0;0;0;0;0;0.000;0.000;0.000;%0.0
2025-10-18 07:00:00;0;0;0;0;0;0;0.000;0.000;0.000;%0.0
2025-10-18 08:00:00;0;0;0;0;0;0;0.000;0.000;0.000;%0.0
2025-10-18 09:00:00;0;0;0;0;0;0;0.000;0.000;0.000;%0.0
2025-10-18 10:00:00;0;0;0;0;0;0;0.000;0.000;0.000;%0.0
2025-10-18 11:00:00;0;0;0;0;0;0;0.000;0.000;0.000;%0.0
2025-10-18 12:00:00;0;0;0;0;0;0;0.000;0.000;0.000;%0.0
2025-10-18 13:00:00;0;0;0;0;0;0;0.000;0.000;0.000;%0.0
2025-10-18 14:00:00;0;0;0;0;0;0;0.000;0.000;0.000;%0.0
2025-10-18 15:00:00;0;0;0;0;0;0;0.000;0.000;0.000;%0.0
2025-10-18 16:00:00;0;0;0;0;0;0;0.000;0.000;0.000;%0.0
2025-10-18 17:00:00;0;0;0;0;0;0;0.000;0.000;0.000;%0.0
2025-10-18 18:00:00;0;0;0;0;0;0;0.000;0.000;0.000;%0.0
2025-10-18 19:00:00;0;0;0;0;0;0;0.000;0.000;0.000;%0.0
2025-10-18 20:00:00;0;0;0;0;0;0;0.000;0.000;0.000;%0.0
2025-10-18 21:00:00;0;0;0;0;0;0;0.000;0.000;0.000;%0.0
2025-10-18 22:00:00;0;0;0;0;0;0;0.000;0.000;0.000;%0.0
2025-10-18 23:00:00;0;0;0;0;0;0;0.000;0.000;0.000;%0.0
2025-10-19 00:00:00;0;0;0;0;0;0;0.000;0.000;0.000;%0.0
2025-10-19 01:00:00;0;0;0;0;0;0;0.000;0.000;0.000;%0.0
2025-10-19 02:00:00;0;0;0;0;0;0;0.000;0.000;0.000;%0.0
2025-10-19 03:00:00;0;0;0;0;0;0;0.000;0.000;0.000;%0.0
2025-10-19 04:00:00;0;0;0;0;0;0;0.000;0.000;0.000;%0.0
2025-10-19 05:00:00;0;0;0;0;0;0;0.000;0.000;0.000;%0.0
2025-10-19 06:00:00;0;0;0;0;0;0;0.000;0.000;0.000;%0.0
2025-10-19 07:00:00;0;0;0;0;0;0;0.000;0.000;0.000;%0.0
2025-10-19 08:00:00;0;0;0;0;0;0;0.000;0.000;0.000;%0.0
2025-10-19 09:00:00;0;0;0;0;0;0;0.000;0.000;0.000;%0.0
2025-10-19 10:00:00;0;0;0;0;0;0;0.000;0.000;0.000;%0.0
2025-10-19 11:00:00;0;0;0;0;0;0;0.000;0.000;0.000;%0.0
2025-10-19 12:00:00;0;0;0;0;0;0;0.000;0.000;0.000;%0.0
2025-10-19 13:00:00;0;0;0;0;0;0;0.000;0.000;0.000;%0.0
2025-10-19 14:00:00;0;0;0;0;0;0;0.000;0.000;0.000;%0.0
2025-10-19 15:00:00;0;0;0;0;0;0;0.000;0.000;0.000;%0.0
2025-10-19 16:00:00;0;0;0;0;0;0;0.000;0.000;0.000;%0.0
2025-10-19 17:00:00;0;0;0;0;0;0;0.000;0.000;0.000;%0.0
2025-10-19 18:00:00;0;0;0;0;0;0;0.000;0.000;0.000;%0.0
2025-10-19 19:00:00;0;0;0;0;0;0;0.000;0.000;0.000;%0.0
2025-10-19 20:00:00;0;0;0;0;0;0;0.000;0.000;0.000;%0.0
2025-10-19 21:00:00;0;0;0;0;0;0;0.000;0.000;0.000;%0.0
2025-10-19 22:00:00;0;0;0;0;0;0;0.000;0.000;0.000;%0.0
2025-10-19 23:00:00;0;0;0;0;0;0;0.000;0.000;0.000;%0.0
2025-10-20 00:00:00;0;0;0;0;0;0;0.000;0.000;0.000;%0.0
2025-10-20 01:00:00;0;0;0;0;0;0;0.000;0.000;0.000;%0.0
2025-10-20 02:00:00;0;0;0;0;0;0;0.000;0.000;0.000;%0.0
2025-10-20 03:00:00;0;0;0;0;0;0;0.000;0.000;0.000;%0.0
2025-10-20 04:00:00;0;0;0;0;0;0;0.000;0.000;0.000;%0.0
2025-10-20 05:00:00;0;0;0;0;0;0;0.000;0.000;0.000;%0.0
2025-10-20 06:00:00;0;0;0;0;0;0;0.000;0.000;0.000;%0.0
2025-10-20 07:00:00;0;0;0;0;0;0;0.000;0.000;0.000;%0.0
2025-10-20 08:00:00;0;0;0;0;0;0;0.000;0.000;0.000;%0.0
2025-10-20 09:00:00;0;0;0;0;0;0;0.000;0.000;0.000;%0.0
2025-10-20 10:00:00;0;0;0;0;0;0;0.000;0.000;0.000;%0.0
2025-10-20 11:00:00;0;0;0;0;0;0;0.000;0.000;0.000;%0.0
2025-10-20 12:00:00;0;0;0;0;0;0;0.000;0.000;0.000;%0.0
2025-10-20 13:00:00;0;0;0;0;0;0;0.000;0.000;0.000;%0.0
2025-10-20 14:00:00;0;0;0;0;0;0;0.000;0.000;0.000;%0.0
2025-10-20 15:00:00;0;0;0;0;0;0;0.000;0.000;0.000;%0.0
2025-10-20 16:00:00;0;0;0;0;0;0;0.000;0.000;0.000;%0.0
2025-10-20 17:00:00;0;0;0;0;0;0;0.000;0.000;0.000;%0.0
2025-10-20 18:00:00;0;0;0;0;0;0;0.000;0.000;0.000;%0.0
2025-10-20 19:00:00;0;0;0;0;0;0;0.000;0.000;0.000;%0.0
2025-10-20 20:00:00;0;0;0;0;0;0;0.000;0.000;0.000;%0.0
2025-10-20 21:00:00;0;0;0;0;0;0;0.000;0.000;0.000;%0.0
2025-10-20 22:00:00;0;0;0;0;0;0;0.000;0.000;0.000;%0.0
2025-10-20 23:00:00;0;0;0;0;0;0;0.000;0.000;0.000;%0.0
2025-10-21 00:00:00;0;0;0;0;0;0;0.000;0.000;0.000;%0.0
2025-10-21 01:00:00;0;0;0;0;0;0;0.000;0.000;0.000;%0.0
2025-10-21 02:00:00;0;0;0;0;0;0;0.000;0.000;0.000;%0.0
2025-10-21 03:00:00;0;0;0;0;0;0;0.000;0.000;0.000;%0.0
2025-10-21 04:00:00;0;0;0;0;0;0;0.000;0.000;0.000;%0.0
2025-10-21 05:00:00;0;0;0;0;0;0;0.000;0.000;0.000;%0.0
2025-10-21 06:00:00;0;0;0;0;0;0;0.000;0.000;0.000;%0.0
2025-10-21 07:00:00;0;0;0;0;0;0;0.000;0.000;0.000;%0.0
2025-10-21 08:00:00;0;0;0;0;0;0;0.000;0.000;0.000;%0.0
2025-10-21 09:00:00;0;0;0;0;0;0;0.000;0.000;0.000;%0.0
2025-10-21 10:00:00;0;0;0;0;0;0;0.000;0.000;0.000;%0.0
2025-10-21 11:00:00;0;0;0;0;0;0;0.000;0.000;0.000;%0.0
2025-10-21 12:00:00;0;0;0;0;0;0;0.000;0.000;0.000;%0.0
2025-10-21 13:00:00;0;0;0;0;0;0;0.000;0.000;0.000;%0.0
2025-10-21 14:00:00;0;0;0;0;0;0;0.000;0.000;0.000;%0.0
2025-10-21 15:00:00;0;0;0;0;0;0;0.000;0.000;0.000;%0.0
2025-10-21 16:00:00;0;0;0;0;0;0;0.000;0.000;0.000;%0.0
2025-10-21 17:00:00;0;0;0;0;0;0;0.000;0.000;0.000;%0.0
2025-10-21 18:00:00;0;0;0;0;0;0;0.000;0.000;0.000;%0.0
2025-10-21 19:00:00;0;0;0;0;0;0;0.000;0.000;0.000;%0.0
2025-10-21 20:00:00;0;0;0;0;0;0;0.000;0.000;0.000;%0.0
2025-10-21 21:00:00;0;0;0;0;0;0;0.000;0.000;0.000;%0.0
2025-10-21 22:00:00;0;0;0;0;0;0;0.000;0.000;0.000;%0.0
2025-10-21 23:00:00;0;0;0;0;0;0;0.000;0.000;0.000;%0.0
2025-10-22 00:00:00;0;0;0;0;0;0;0.000;0.000;0.000;%0.0
2025-10-22 01:00:00;0;0;0;0;0;0;0.000;0.000;0.000;%0.0
2025-10-22 02:00:00;0;0;0;0;0;0;0.000;0.000;0.000;%0.0
2025-10-22 03:00:00;0;0;0;0;0;0;0.000;0.000;0.000;%0.0
2025-10-22 04:00:00;0;0;0;0;0;0;0.000;0.000;0.000;%0.0
2025-10-22 05:00:00;0;0;0;0;0;0;0.000;0.000;0.000;%0.0
2025-10-22 06:00:00;0;0;0;0;0;0;0.000;0.000;0.000;%0.0
2025-10-22 07:00:00;0;0;0;0;0;0;0.000;0.000;0.000;%0.0
2025-10-22 08:00:00;0;0;0;0;0;0;0.000;0.000;0.000;%0.0
2025-10-22 09:00:00;0;0;0;0;0;0;0.000;0.000;0.000;%0.0
2025-10-22 10:00:00;0;0;0;0;0;0;0.000;0.000;0.000;%0.0
2025-10-22 11:00:00;0;0;0;0;0;0;0.000;0.000;0.000;%0.0
2025-10-22 12:00:00;0;0;0;0;0;0;0.000;0.000;0.000;%0.0
2025-10-22 13:00:00;0;0;0;0;0;0;0.000;0.000;0.000;%0.0
2025-10-22 14:00:00;0,37;0,06;0,89;86;15;206;0.000;0.000;0.000;%0.0
2025-10-22 15:00:00;0,93;0,07;0,93;246;2;246;0.001;0.000;0.001;%0.0
2025-10-22 16:00:00;0,9;0;0,9;236;0;236;0.001;0.000;0.001;%0.0
2025-10-22 17:00:00;1,33;0,13;1,33;368;2;368;0.002;0.000;0.002;%0.0
2025-10-22 18:00:00;0,9;0;0,9;219;0;219;0.001;0.000;0.001;%0.0
2025-10-22 19:00:00;1,22;0;1,22;336;0;336;0.002;0.000;0.002;%0.0
2025-10-22 20:00:00;0,9;0;0,9;220;0;220;0.001;0.000;0.001;%0.0
2025-10-22 21:00:00;1,23;0;1,23;315;0;315;0.002;0.000;0.002;%0.0
2025-10-22 22:00:00;0,95;0;0,95;220;0;220;0.001;0.000;0.001;%0.0
2025-10-22 23:00:00;1,26;0;1,26;314;0;314;0.002;0.000;0.002;%0.0
2025-10-23 00:00:00;0,92;0;0,92;219;0;219;0.001;0.000;0.001;%0.0
2025-10-23 01:00:00;1,71;0;1,71;459;0;459;0.002;0.000;0.002;%0.0
2025-10-23 02:00:00;0,88;0;0,88;220;0;220;0.001;0.000;0.001;%0.0
2025-10-23 03:00:00;1,26;0;1,26;315;0;315;0.002;0.000;0.002;%0.0
2025-10-23 04:00:00;0,9;0;0,9;221;0;221;0.001;0.000;0.001;%0.0
2025-10-23 05:00:00;1,25;0;1,25;315;0;315;0.002;0.000;0.002;%0.0
2025-10-23 06:00:00;0,92;0;0,92;220;0;220;0.001;0.000;0.001;%0.0
2025-10-23 07:00:00;1,23;0;1,23;312;0;312;0.002;0.000;0.002;%0.0
2025-10-23 08:00:00;0,92;0;0,92;219;0;219;0.001;0.000;0.001;%0.0
2025-10-23 09:00:00;1,7;0;1,7;461;0;461;0.002;0.000;0.002;%0.0
2025-10-23 10:00:00;0,9;0;0,9;220;0;220;0.001;0.000;0.001;%0.0
2025-10-23 11:00:00;1,25;0;1,25;319;0;319;0.002;0.000;0.002;%0.0
2025-10-23 12:00:00;0,88;0;0,88;217;0;217;0.001;0.000;0.001;%0.0
2025-10-23 13:00:00;1,25;0,4;2,11;389;176;605;0.006;0.003;0.003;%0.0
2025-10-23 14:00:00;0,69;0,53;0,89;212;207;218;0.003;0.002;0.001;%0.0
2025-10-23 15:00:00;1,23;0,22;1,23;328;2;329;0.002;0.000;0.002;%0.0
2025-10-23 16:00:00;0,9;0;0,9;229;0;229;0.001;0.000;0.001;%0.0
2025-10-23 17:00:00;1,2;0;1,2;313;0;313;0.002;0.000;0.002;%0.0
2025-10-23 18:00:00;0,88;0;0,88;223;0;223;0.001;0.000;0.001;%0.0
2025-10-23 19:00:00;1,3;0;1,3;316;0;316;0.002;0.000;0.002;%0.0
2025-10-23 20:00:00;0,89;0;0,89;224;0;224;0.001;0.000;0.001;%0.0
2025-10-23 21:00:00;1,28;0,48;1,74;349;127;474;0.003;0.001;0.002;%0.0
2025-10-23 22:00:00;0,9;0;0,9;224;0;224;0.001;0.000;0.001;%0.0
2025-10-23 23:00:00;1,32;0;1,32;316;0;316;0.002;0.000;0.002;%0.0
2025-10-24 00:00:00;0,89;0;0,89;223;0;223;0.001;0.000;0.001;%0.0
2025-10-24 01:00:00;1,19;0;1,19;317;0;317;0.002;0.000;0.002;%0.0
2025-10-24 02:00:00;0,89;0;0,89;225;0;225;0.001;0.000;0.001;%0.0
2025-10-24 03:00:00;1,74;0,34;1,74;461;8;461;0.002;0.000;0.002;%0.0
2025-10-24 04:00:00;0,89;0;0,89;225;0;225;0.001;0.000;0.001;%0.0
2025-10-24 05:00:00;1,27;0;1,27;317;0;317;0.002;0.000;0.002;%0.0
2025-10-24 06:00:00;0,88;0;0,88;225;0;225;0.001;0.000;0.001;%0.0
2025-10-24 07:00:00;1,25;0,38;1,25;317;8;317;0.002;0.000;0.002;%0.0
2025-10-24 08:00:00;0,88;0;0,88;224;0;224;0.001;0.000;0.001;%0.0
2025-10-24 09:00:00;13,08;0,36;13,08;667;8;667;0.004;0.000;0.004;%0.0
2025-10-24 10:00:00;0,89;0;0,89;225;0;225;0.001;0.000;0.001;%0.0
2025-10-24 11:00:00;1,19;0;1,19;316;0;316;0.002;0.000;0.002;%0.0
2025-10-24 12:00:00;0,89;0;0,89;226;0;226;0.001;0.000;0.001;%0.0
2025-10-24 13:00:00;1,16;0,06;1,2;305;22;317;0.002;0.000;0.002;%0.0
2025-10-24 14:00:00;0,92;0;0,92;225;0;225;0.001;0.000;0.001;%0.0
2025-10-24 15:00:00;1,85;0;1,85;463;0;463;0.002;0.000;0.002;%0.0
2025-10-24 16:00:00;0,9;0;0,9;227;0;227;0.001;0.000;0.001;%0.0
2025-10-24 17:00:00;1,36;0;1,36;322;0;322;0.002;0.000;0.002;%0.0
2025-10-24 18:00:00;0,9;0;0,9;227;0;227;0.001;0.000;0.001;%0.0
2025-10-24 19:00:00;1,24;0;1,24;320;0;320;0.002;0.000;0.002;%0.0
2025-10-24 20:00:00;0,9;0;0,9;228;0;228;0.001;0.000;0.001;%0.0
2025-10-24 21:00:00;1,88;0;1,88;463;0;463;0.002;0.000;0.002;%0.0
2025-10-24 22:00:00;0,94;0;0,94;228;0;228;0.001;0.000;0.001;%0.0
2025-10-24 23:00:00;1,38;0;1,38;321;0;321;0.002;0.000;0.002;%0.0
2025-10-25 00:00:00;0,9;0;0,9;229;0;229;0.001;0.000;0.001;%3.0
2025-10-25 01:00:00;1,26;0;1,26;323;0;323;0.002;0.000;0.002;%0.0
2025-10-25 02:00:00;0,89;0;0,89;229;0;229;0.001;0.000;0.001;%0.0
2025-10-25 03:00:00;2,84;0,32;2,84;659;8;659;0.003;0.000;0.003;%0.0
2025-10-25 04:00:00;0,91;0;0,91;231;0;231;0.001;0.000;0.001;%0.0
2025-10-25 05:00:00;1,3;0;1,3;321;0;321;0.002;0.000;0.002;%0.0
2025-10-25 06:00:00;0,9;0;0,9;228;0;228;0.001;0.000;0.001;%0.0
2025-10-25 07:00:00;1,19;0;1,19;320;0;320;0.002;0.000;0.002;%0.0
2025-10-25 08:00:00;0,92;0;0,92;230;0;230;0.001;0.000;0.001;%0.0
2025-10-25 09:00:00;1,94;0;1,94;465;0;465;0.002;0.000;0.002;%0.0
2025-10-25 10:00:00;0,9;0;0,9;228;0;228;0.001;0.000;0.001;%0.0
2025-10-25 11:00:00;1,2;0;1,2;322;0;322;0.002;0.000;0.002;%0.0
2025-10-25 12:00:00;0,91;0;0,91;229;0;229;0.001;0.000;0.001;%0.0
2025-10-25 13:00:00;1,23;0;1,23;320;0;320;0.002;0.000;0.002;%0.0
2025-10-25 14:00:00;0,91;0;0,91;228;0;228;0.001;0.000;0.001;%0.0
2025-10-25 15:00:00;1,82;0;1,82;465;0;465;0.002;0.000;0.002;%0.0
2025-10-25 16:00:00;0,91;0;0,91;228;0;228;0.001;0.000;0.001;%0.0
2025-10-25 17:00:00;1,25;0;1,25;323;0;323;0.002;0.000;0.002;%0.0
2025-10-25 18:00:00;0,9;0;0,9;228;0;228;0.001;0.000;0.001;%0.0
2025-10-25 19:00:00;1,25;0;1,25;320;0;320;0.002;0.000;0.002;%0.0
2025-10-25 20:00:00;0,9;0;0,9;229;0;229;0.001;0.000;0.001;%0.0
2025-10-25 21:00:00;2,76;0;2,76;668;0;668;0.003;0.000;0.003;%0.0
2025-10-25 22:00:00;0,93;0;0,93;230;0;230;0.001;0.000;0.001;%0.0
2025-10-25 23:00:00;1,31;0;1,31;320;0;320;0.002;0.000;0.002;%0.0
2025-10-26 00:00:00;0,9;0;0,9;230;0;230;0.001;0.000;0.001;%0.0
2025-10-26 01:00:00;1,24;0;1,24;320;0;320;0.002;0.000;0.002;%0.0
2025-10-26 02:00:00;0,9;0;0,9;229;0;229;0.001;0.000;0.001;%0.0
2025-10-26 03:00:00;1,98;0;1,98;463;0;463;0.002;0.000;0.002;%0.0
2025-10-26 04:00:00;0,9;0;0,9;230;0;230;0.001;0.000;0.001;%0.0
2025-10-26 05:00:00;1,24;0;1,24;322;0;322;0.002;0.000;0.002;%0.0
2025-10-26 06:00:00;0,9;0;0,9;229;0;229;0.001;0.000;0.001;%0.0
2025-10-26 07:00:00;1,31;0;1,31;322;0;322;0.002;0.000;0.002;%0.0
2025-10-26 08:00:00;0,9;0;0,9;230;0;230;0.001;0.000;0.001;%0.0
2025-10-26 09:00:00;1,91;0;1,91;466;0;466;0.002;0.000;0.002;%0.0
2025-10-26 10:00:00;0,91;0;0,91;228;0;228;0.001;0.000;0.001;%0.0
2025-10-26 11:00:00;1,26;0;1,26;320;0;320;0.002;0.000;0.002;%0.0
2025-10-26 12:00:00;0,9;0;0,9;230;0;230;0.001;0.000;0.001;%0.0
2025-10-26 13:00:00;1,32;0;1,32;322;0;322;0.002;0.000;0.002;%0.0
2025-10-26 14:00:00;0,91;0;0,91;230;0;230;0.001;0.000;0.001;%0.0
2025-10-26 15:00:00;2,37;0;2,37;661;0;661;0.003;0.000;0.003;%0.0
2025-10-26 16:00:00;0,91;0;0,91;231;0;231;0.001;0.000;0.001;%0.0
2025-10-26 17:00:00;1,29;0;1,29;321;0;321;0.002;0.000;0.002;%0.0
2025-10-26 18:00:00;0,91;0;0,91;229;0;229;0.001;0.000;0.001;%0.0
2025-10-26 19:00:00;1,2;0;1,2;322;0;322;0.002;0.000;0.002;%0.0
2025-10-26 20:00:00;0,91;0;0,91;230;0;230;0.001;0.000;0.001;%0.0
2025-10-26 21:00:00;2,04;0;2,04;464;0;464;0.002;0.000;0.002;%0.0
2025-10-26 22:00:00;0,93;0;0,93;229;0;229;0.001;0.000;0.001;%0.0
2025-10-26 23:00:00;1,28;0;1,28;320;0;320;0.002;0.000;0.002;%0.0
2025-10-27 00:00:00;0,91;0;0,91;230;0;230;0.001;0.000;0.001;%0.0
2025-10-27 01:00:00;1,2;0;1,2;322;0;322;0.002;0.000;0.002;%0.0
2025-10-27 02:00:00;0,91;0;0,91;230;0;230;0.001;0.000;0.001;%0.0
2025-10-27 03:00:00;1,69;0;1,69;465;0;465;0.002;0.000;0.002;%0.0
2025-10-27 04:00:00;0,9;0;0,9;229;0;229;0.001;0.000;0.001;%0.0
2025-10-27 05:00:00;1,26;0;1,26;321;0;321;0.002;0.000;0.002;%0.0
2025-10-27 06:00:00;0,91;0;0,91;229;0;229;0.001;0.000;0.001;%0.0
2025-10-27 07:00:00;1,2;0;1,2;321;0;321;0.002;0.000;0.002;%0.0
2025-10-27 08:00:00;0,9;0;0,9;232;0;232;0.001;0.000;0.001;%0.0
2025-10-27 09:00:00;3,62;0;3,62;662;0;662;0.003;0.000;0.003;%0.0
2025-10-27 10:00:00;0,94;0;0,94;236;0;236;0.001;0.000;0.001;%0.0
2025-10-27 11:00:00;1,26;0;1,26;323;0;323;0.002;0.000;0.002;%0.0
2025-10-27 12:00:00;0,93;0;0,93;234;0;234;0.001;0.000;0.001;%0.0
2025-10-27 13:00:00;1,32;0;1,32;324;0;324;0.002;0.000;0.002;%0.0
2025-10-27 14:00:00;0,93;0;0,93;236;0;236;0.001;0.000;0.001;%0.0
2025-10-27 15:00:00;1,77;0;1,77;468;0;468;0.002;0.000;0.002;%0.0
2025-10-27 16:00:00;0,92;0;0,92;234;0;234;0.001;0.000;0.001;%0.0
2025-10-27 17:00:00;1,31;0;1,31;326;0;326;0.002;0.000;0.002;%0.0
2025-10-27 18:00:00;0,9;0;0,9;235;0;235;0.001;0.000;0.001;%0.0
2025-10-27 19:00:00;1,22;0;1,22;325;0;325;0.002;0.000;0.002;%0.0
2025-10-27 20:00:00;0,95;0;0,95;233;0;233;0.001;0.000;0.001;%0.0
2025-10-27 21:00:00;1,92;0;1,92;469;0;469;0.002;0.000;0.002;%0.0
2025-10-27 22:00:00;0,9;0;0,9;232;0;232;0.001;0.000;0.001;%0.0
2025-10-27 23:00:00;1,36;0;1,36;325;0;325;0.002;0.000;0.002;%0.0
2025-10-28 00:00:00;0,91;0;0,91;234;0;234;0.001;0.000;0.001;%0.0
2025-10-28 01:00:00;1,33;0;1,33;325;0;325;0.002;0.000;0.002;%0.0
2025-10-28 02:00:00;0,93;0;0,93;233;0;233;0.001;0.000;0.001;%0.0
2025-10-28 03:00:00;3,11;0,4;3,11;662;8;662;0.004;0.000;0.004;%0.0
2025-10-28 04:00:00;0,93;0;0,93;236;0;236;0.001;0.000;0.001;%0.0
2025-10-28 05:00:00;1,23;0;1,23;323;0;323;0.002;0.000;0.002;%0.0
2025-10-28 06:00:00;0,92;0;0,92;235;0;235;0.001;0.000;0.001;%0.0
2025-10-28 07:00:00;1,29;0;1,29;325;0;325;0.002;0.000;0.002;%0.0
2025-10-28 08:00:00;0,91;0;0,91;235;0;235;0.001;0.000;0.001;%0.0
2025-10-28 09:00:00;2,06;0;2,06;469;0;469;0.002;0.000;0.002;%0.0
2025-10-28 10:00:00;0,93;0;0,93;234;0;234;0.001;0.000;0.001;%0.0
2025-10-28 11:00:00;1,34;0;1,34;325;0;325;0.002;0.000;0.002;%0.0
2025-10-28 12:00:00;0,93;0;0,93;234;0;234;0.001;0.000;0.001;%0.0
2025-10-28 13:00:00;1,27;0;1,27;325;0;325;0.002;0.000;0.002;%0.0
2025-10-28 14:00:00;0,93;0;0,93;234;0;234;0.001;0.000;0.001;%0.0
2025-10-28 15:00:00;1,97;0;1,97;469;0;469;0.002;0.000;0.002;%0.0
2025-10-28 16:00:00;0,91;0;0,91;234;0;234;0.001;0.000;0.001;%0.0
2025-10-28 17:00:00;1,36;0;1,36;325;0;325;0.002;0.000;0.002;%0.0
2025-10-28 18:00:00;0,94;0;0,94;235;0;235;0.001;0.000;0.001;%3.0
2025-10-28 19:00:00;1,34;0;1,34;323;0;323;0.002;0.000;0.002;%0.0
2025-10-28 20:00:00;0,94;0;0,94;233;0;233;0.001;0.000;0.001;%0.0
2025-10-28 21:00:00;3,73;0,41;3,73;663;8;663;0.004;0.000;0.004;%0.0
2025-10-28 22:00:00;0,95;0;0,95;235;0;235;0.001;0.000;0.001;%0.0
2025-10-28 23:00:00;1,23;0;1,23;325;0;325;0.002;0.000;0.002;%0.0
2025-10-29 00:00:00;0,92;0;0,92;234;0;234;0.001;0.000;0.001;%0.0
2025-10-29 01:00:00;1,77;0;1,77;470;0;470;0.002;0.000;0.002;%0.0
2025-10-29 02:00:00;0,91;0;0,91;235;0;235;0.001;0.000;0.001;%0.0
2025-10-29 03:00:00;1,36;0;1,36;324;0;324;0.002;0.000;0.002;%0.0
2025-10-29 04:00:00;0,92;0;0,92;235;0;235;0.001;0.000;0.001;%0.0
2025-10-29 05:00:00;1,22;0;1,22;325;0;325;0.002;0.000;0.002;%0.0
2025-10-29 06:00:00;0,93;0;0,93;233;0;233;0.001;0.000;0.001;%0.0
2025-10-29 07:00:00;1,37;0;1,37;325;0;325;0.002;0.000;0.002;%0.0
2025-10-29 08:00:00;0,92;0;0,92;232;0;232;0.001;0.000;0.001;%0.0
2025-10-29 09:00:00;1,76;0;1,76;468;0;468;0.002;0.000;0.002;%0.0
2025-10-29 10:00:00;0,91;0;0,91;233;0;233;0.001;0.000;0.001;%0.0
2025-10-29 11:00:00;1,26;0;1,26;324;0;324;0.002;0.000;0.002;%0.0
2025-10-29 12:00:00;0,9;0;0,9;234;0;234;0.001;0.000;0.001;%0.0
2025-10-29 13:00:00;2,26;0;2,26;615;0;615;0.003;0.000;0.003;%0.0
2025-10-29 14:00:00;0,93;0;0,93;236;0;236;0.001;0.000;0.001;%0.0
2025-10-29 15:00:00;1,21;0;1,21;325;0;325;0.002;0.000;0.002;%0.0
2025-10-29 16:00:00;0,94;0;0,94;235;0;235;0.001;0.000;0.001;%0.0
2025-10-29 17:00:00;1,21;0;1,21;325;0;325;0.002;0.000;0.002;%0.0
2025-10-29 18:00:00;0,94;0;0,94;235;0;235;0.001;0.000;0.001;%0.0
2025-10-29 19:00:00;1,24;0;1,24;324;0;324;0.002;0.000;0.002;%0.0
2025-10-29 20:00:00;0,93;0;0,93;235;0;235;0.001;0.000;0.001;%0.0
2025-10-29 21:00:00;1,73;0;1,73;471;0;471;0.002;0.000;0.002;%0.0
2025-10-29 22:00:00;0,94;0;0,94;234;0;234;0.001;0.000;0.001;%0.0
2025-10-29 23:00:00;1,25;0;1,25;326;0;326;0.002;0.000;0.002;%0.0
2025-10-30 00:00:00;0,92;0;0,92;235;0;235;0.001;0.000;0.001;%0.0
2025-10-30 01:00:00;1,27;0;1,27;325;0;325;0.002;0.000;0.002;%0.0
2025-10-30 02:00:00;0,92;0;0,92;234;0;234;0.001;0.000;0.001;%0.0
2025-10-30 03:00:00;1,77;0;1,77;469;0;469;0.002;0.000;0.002;%0.0
2025-10-30 04:00:00;0,91;0;0,91;234;0;234;0.001;0.000;0.001;%0.0
2025-10-30 05:00:00;1,27;0;1,27;326;0;326;0.002;0.000;0.002;%0.0
2025-10-30 06:00:00;0,92;0;0,92;231;0;231;0.001;0.000;0.001;%0.0
2025-10-30 07:00:00;1,26;0;1,26;325;0;325;0.002;0.000;0.002;%0.0
2025-10-30 08:00:00;0,92;0;0,92;235;0;235;0.001;0.000;0.001;%0.0
2025-10-30 09:00:00;2,81;0;2,81;663;0;663;0.003;0.000;0.003;%0.0
2025-10-30 10:00:00;0,93;0;0,93;237;0;237;0.001;0.000;0.001;%0.0
2025-10-30 11:00:00;1,21;0;1,21;325;0;325;0.002;0.000;0.002;%0.0
2025-10-30 12:00:00;0,93;0;0,93;236;0;236;0.001;0.000;0.001;%0.0
2025-10-30 13:00:00;1,36;0;1,36;323;0;323;0.002;0.000;0.002;%0.0
2025-10-30 14:00:00;0,93;0;0,93;235;0;235;0.001;0.000;0.001;%0.0
2025-10-30 15:00:00;1,7;0;1,7;469;0;469;0.002;0.000;0.002;%0.0
2025-10-30 16:00:00;0,92;0;0,92;234;0;234;0.001;0.000;0.001;%0.0
2025-10-30 17:00:00;1,23;0;1,23;325;0;325;0.002;0.000;0.002;%0.0
2025-10-30 18:00:00;0,93;0;0,93;234;0;234;0.001;0.000;0.001;%0.0
2025-10-30 19:00:00;1,35;0;1,35;325;0;325;0.002;0.000;0.002;%0.0
2025-10-30 20:00:00;0,93;0;0,93;234;0;234;0.001;0.000;0.001;%0.0
2025-10-30 21:00:00;1,8;0;1,8;470;0;470;0.002;0.000;0.002;%0.0
2025-10-30 22:00:00;0,92;0;0,92;235;0;235;0.001;0.000;0.001;%0.0
2025-10-30 23:00:00;1,28;0;1,28;323;0;323;0.002;0.000;0.002;%0.0
2025-10-31 00:00:00;0,92;0;0,92;234;0;234;0.001;0.000;0.001;%0.0
2025-10-31 01:00:00;1,23;0;1,23;324;0;324;0.002;0.000;0.002;%0.0
2025-10-31 02:00:00;0,93;0;0,93;234;0;234;0.001;0.000;0.001;%0.0
2025-10-31 03:00:00;3,23;0;3,23;664;0;664;0.003;0.000;0.003;%0.0
2025-10-31 04:00:00;0,94;0;0,94;237;0;237;0.001;0.000;0.001;%0.0
2025-10-31 05:00:00;1,26;0;1,26;324;0;324;0.002;0.000;0.002;%0.0
2025-10-31 06:00:00;0,93;0;0,93;235;0;235;0.001;0.000;0.001;%0.0
2025-10-31 07:00:00;1,49;0;1,49;405;0;405;0.002;0.000;0.002;%0.0
2025-10-31 08:00:00;0,94;0;0,94;234;0;234;0.001;0.000;0.001;%0.0
2025-10-31 09:00:00;1,57;0;1,57;406;0;406;0.002;0.000;0.002;%0.0
2025-10-31 10:00:00;0,92;0;0,92;233;0;233;0.001;0.000;0.001;%0.0
2025-10-31 11:00:00;1,32;0;1,32;324;0;324;0.002;0.000;0.002;%0.0
2025-10-31 12:00:00;0,94;0;0,94;235;0;235;0.001;0.000;0.001;%0.0
2025-10-31 13:00:00;1,98;0;1,98;468;0;468;0.002;0.000;0.002;%0.0
2025-10-31 14:00:00;0,91;0;0,91;234;0;234;0.001;0.000;0.001;%0.0
2025-10-31 15:00:00;1,25;0;1,25;323;0;323;0.002;0.000;0.002;%0.0
2025-10-31 16:00:00;0,93;0;0,93;234;0;234;0.001;0.000;0.001;%0.0
2025-10-31 17:00:00;1,28;0;1,28;325;0;325;0.002;0.000;0.002;%0.0
2025-10-31 18:00:00;0,92;0;0,92;234;0;234;0.001;0.000;0.001;%0.0
2025-10-31 19:00:00;1,96;0;1,96;510;0;510;0.002;0.000;0.002;%0.0
2025-10-31 20:00:00;0,92;0;0,92;235;0;235;0.001;0.000;0.001;%0.0
2025-10-31 21:00:00;2,1;0,12;2,14;543;22;554;0.003;0.000;0.003;%0.0
2025-10-31 22:00:00;0,95;0;0,95;236;0;236;0.001;0.000;0.001;%0.0
2025-10-31 23:00:00;1,29;0;1,29;326;0;326;0.002;0.000;0.002;%0.0
2025-11-01 00:00:00;0,94;0;0,94;235;0;235;0.001;0.000;0.001;%0.0
2025-11-01 01:00:00;1,31;0;1,31;325;0;325;0.002;0.000;0.002;%0.0
2025-11-01 02:00:00;0,95;0;0,95;235;0;235;0.001;0.000;0.001;%0.0
2025-11-01 03:00:00;1,98;0;1,98;471;0;471;0.002;0.000;0.002;%0.0
2025-11-01 04:00:00;0,92;0;0,92;233;0;233;0.001;0.000;0.001;%0.0
2025-11-01 05:00:00;1,31;0;1,31;328;0;328;0.002;0.000;0.002;%0.0
2025-11-01 06:00:00;0,92;0;0,92;234;0;234;0.001;0.000;0.001;%0.0
2025-11-01 07:00:00;1,25;0;1,25;326;0;326;0.002;0.000;0.002;%0.0
2025-11-01 08:00:00;0,93;0;0,93;233;0;233;0.001;0.000;0.001;%0.0
2025-11-01 09:00:00;2,08;0;2,08;470;0;470;0.002;0.000;0.002;%0.0
2025-11-01 10:00:00;0,91;0;0,91;231;0;231;0.001;0.000;0.001;%0.0
2025-11-01 11:00:00;1,33;0;1,33;325;0;325;0.002;0.000;0.002;%0.0
2025-11-01 12:00:00;0,94;0;0,94;235;0;235;0.001;0.000;0.001;%0.0
2025-11-01 13:00:00;1,26;0;1,26;325;0;325;0.002;0.000;0.002;%0.0
2025-11-01 14:00:00;0,92;0;0,92;234;0;234;0.001;0.000;0.001;%0.0
2025-11-01 15:00:00;4,7;0;4,7;666;0;666;0.003;0.000;0.003;%0.0
2025-11-01 16:00:00;0,95;0;0,95;236;0;236;0.001;0.000;0.001;%0.0
2025-11-01 17:00:00;1,3;0;1,3;324;0;324;0.002;0.000;0.002;%0.0
2025-11-01 18:00:00;0,93;0;0,93;235;0;235;0.001;0.000;0.001;%0.0
2025-11-01 19:00:00;1,33;0;1,33;325;0;325;0.002;0.000;0.002;%0.0
2025-11-01 20:00:00;0,93;0;0,93;235;0;235;0.001;0.000;0.001;%0.0
2025-11-01 21:00:00;1,86;0;1,86;467;0;467;0.002;0.000;0.002;%0.0
2025-11-01 22:00:00;0,93;0;0,93;234;0;234;0.001;0.000;0.001;%0.0
2025-11-01 23:00:00;1,34;0;1,34;324;0;324;0.002;0.000;0.002;%0.0
2025-11-02 00:00:00;0,94;0;0,94;235;0;235;0.001;0.000;0.001;%0.0
2025-11-02 01:00:00;1,29;0;1,29;324;0;324;0.002;0.000;0.002;%0.0
2025-11-02 02:00:00;0,92;0;0,92;233;0;233;0.001;0.000;0.001;%0.0
2025-11-02 03:00:00;1,83;0;1,83;470;0;470;0.002;0.000;0.002;%0.0
2025-11-02 04:00:00;0,92;0;0,92;234;0;234;0.001;0.000;0.001;%0.0
2025-11-02 05:00:00;1,3;0;1,3;325;0;325;0.002;0.000;0.002;%0.0
2025-11-02 06:00:00;0,94;0;0,94;234;0;234;0.001;0.000;0.001;%0.0
2025-11-02 07:00:00;1,3;0;1,3;325;0;325;0.002;0.000;0.002;%0.0
2025-11-02 08:00:00;0,94;0;0,94;235;0;235;0.001;0.000;0.001;%0.0
2025-11-02 09:00:00;3,51;0;3,51;664;0;664;0.003;0.000;0.003;%0.0
2025-11-02 10:00:00;0,94;0;0,94;236;0;236;0.001;0.000;0.001;%0.0
2025-11-02 11:00:00;1,31;0;1,31;326;0;326;0.002;0.000;0.002;%0.0
2025-11-02 12:00:00;0,94;0;0,94;235;0;235;0.001;0.000;0.001;%0.0
2025-11-02 13:00:00;1,27;0;1,27;324;0;324;0.002;0.000;0.002;%0.0
2025-11-02 14:00:00;0,94;0;0,94;236;0;236;0.001;0.000;0.001;%0.0
2025-11-02 15:00:00;1,9;0;1,9;473;0;473;0.002;0.000;0.002;%0.0
2025-11-02 16:00:00;0,94;0;0,94;234;0;234;0.001;0.000;0.001;%0.0
2025-11-02 17:00:00;1,39;0;1,39;325;0;325;0.002;0.000;0.002;%0.0
2025-11-02 18:00:00;0,93;0;0,93;236;0;236;0.001;0.000;0.001;%0.0
2025-11-02 19:00:00;1,26;0;1,26;325;0;325;0.002;0.000;0.002;%0.0
2025-11-02 20:00:00;0,93;0;0,93;235;0;235;0.001;0.000;0.001;%0.0
2025-11-02 21:00:00;1,87;0;1,87;469;0;469;0.002;0.000;0.002;%0.0
2025-11-02 22:00:00;0,93;0;0,93;235;0;235;0.001;0.000;0.001;%0.0
2025-11-02 23:00:00;1,32;0;1,32;326;0;326;0.002;0.000;0.002;%0.0
2025-11-03 00:00:00;0,93;0;0,93;234;0;234;0.001;0.000;0.001;%0.0
2025-11-03 01:00:00;1,26;0;1,26;324;0;324;0.002;0.000;0.002;%0.0
2025-11-03 02:00:00;0,93;0;0,93;233;0;233;0.001;0.000;0.001;%0.0
2025-11-03 03:00:00;2,58;0;2,58;666;0;666;0.003;0.000;0.003;%0.0
2025-11-03 04:00:00;0,94;0;0,94;236;0;236;0.001;0.000;0.001;%0.0
2025-11-03 05:00:00;1,26;0;1,26;323;0;323;0.002;0.000;0.002;%0.0
2025-11-03 06:00:00;0,93;0;0,93;234;0;234;0.001;0.000;0.001;%0.0
2025-11-03 07:00:00;1,29;0;1,29;324;0;324;0.002;0.000;0.002;%0.0
2025-11-03 08:00:00;0,94;0;0,94;235;0;235;0.001;0.000;0.001;%0.0
2025-11-03 09:00:00;1,94;0;1,94;468;0;468;0.002;0.000;0.002;%0.0
2025-11-03 10:00:00;0,93;0;0,93;234;0;234;0.001;0.000;0.001;%0.0
2025-11-03 11:00:00;;;;;;;;;;