Gaziemir IZMTOCDELLAPP01;Latency;Read Latency;Write Latency;Avg. Size;Read Size;Write Size;Total IOPS;Read IOPS;Write IOPS;CPU Utilization
2025-10-04 11:12:11;;;;;;;;;;
2025-10-04 12:00:00;1,35;1,41;1,24;335;498;27;23.907;15.628;8.280;%67.0
2025-10-04 13:00:00;1,12;1,23;0,92;335;498;27;23.993;15.676;8.317;%59.0
2025-10-04 14:00:00;1,43;1,47;1,34;335;498;28;23.897;15.598;8.300;%57.0
2025-10-04 15:00:00;1,2;1,29;1,03;335;498;28;23.725;15.472;8.253;%34.0
2025-10-04 16:00:00;1,39;1,45;1,27;333;496;29;19.676;12.803;6.874;%30.0
2025-10-04 17:00:00;1,06;1,2;0,8;328;486;35;8.877;5.760;3.117;%26.0
2025-10-04 18:00:00;1,12;1,24;0,9;325;485;35;8.746;5.626;3.119;%29.0
2025-10-04 19:00:00;1,06;1,19;0,8;326;485;34;8.862;5.734;3.129;%26.0
2025-10-04 20:00:00;1,09;1,22;0,86;325;486;34;8.802;5.675;3.126;%28.0
2025-10-04 21:00:00;1,08;1,21;0,83;327;486;33;8.852;5.732;3.121;%27.0
2025-10-04 22:00:00;1,07;1,2;0,82;328;486;33;8.844;5.758;3.087;%27.0
2025-10-04 23:00:00;1,11;1,22;0,9;328;486;32;8.856;5.780;3.076;%29.0
2025-10-05 00:00:00;1,01;1,17;0,71;329;487;31;8.870;5.796;3.074;%24.0
2025-10-05 01:00:00;1,05;1,18;0,8;325;481;31;8.904;5.825;3.079;%25.0
2025-10-05 02:00:00;1,39;1,43;1,3;339;504;24;161.023;105.843;55.180;%29.0
2025-10-05 03:00:00;1,05;1,19;0,78;325;484;28;8.976;5.843;3.133;%26.0
2025-10-05 04:00:00;1,14;1,17;1,07;316;461;28;9.172;6.112;3.060;%25.0
2025-10-05 05:00:00;1,01;1,16;0,72;324;477;27;8.965;5.920;3.046;%25.0
2025-10-05 06:00:00;1,05;1,19;0,79;328;486;27;8.861;5.818;3.044;%28.0
2025-10-05 07:00:00;1,04;1,19;0,77;327;487;27;8.834;5.758;3.075;%27.0
2025-10-05 08:00:00;1,04;1,18;0,77;327;487;28;8.826;5.759;3.067;%26.0
2025-10-05 09:00:00;0,99;1,16;0,68;328;487;29;8.883;5.796;3.087;%23.0
2025-10-05 10:00:00;1,05;1,18;0,79;328;486;30;8.816;5.753;3.064;%25.0
2025-10-05 11:00:00;1,06;1,21;0,8;327;486;31;8.776;5.698;3.078;%27.0
2025-10-05 12:00:00;1,28;1,34;1,18;338;500;23;161.676;106.583;55.093;%38.0
2025-10-05 13:00:00;1,4;1,46;1,28;332;497;27;23.714;15.394;8.321;%65.0
2025-10-05 14:00:00;1,16;1,26;0,98;334;498;27;23.962;15.619;8.344;%62.0
2025-10-05 15:00:00;1,29;1,36;1,16;335;498;27;23.982;15.656;8.326;%68.0
2025-10-05 16:00:00;1,35;1,41;1,24;335;498;28;23.893;15.623;8.270;%66.0
2025-10-05 17:00:00;1,14;1,25;0,95;334;498;28;23.879;15.559;8.320;%61.0
2025-10-05 18:00:00;1,39;1,44;1,28;332;497;28;23.586;15.293;8.293;%66.0
2025-10-05 19:00:00;1,32;1,4;1,19;331;497;28;23.624;15.289;8.335;%68.0
2025-10-05 20:00:00;1,21;1,32;1,01;331;497;28;23.443;15.151;8.292;%61.0
2025-10-05 21:00:00;1,37;1,45;1,24;329;497;27;23.316;14.985;8.331;%65.0
2025-10-05 22:00:00;1,32;1,41;1,15;330;497;27;23.223;15.011;8.212;%64.0
2025-10-05 23:00:00;1,45;1,53;1,31;331;497;26;23.185;14.989;8.196;%66.0
2025-10-06 00:00:00;1,44;1,52;1,3;331;497;26;23.271;15.069;8.201;%66.0
2025-10-06 01:00:00;1,55;1,6;1,45;329;493;25;23.678;15.403;8.275;%69.0
2025-10-06 02:00:00;1,39;1,44;1,29;335;498;25;23.830;15.599;8.231;%69.0
2025-10-06 03:00:00;1,32;1,37;1,21;334;497;24;24.035;15.724;8.311;%67.0
2025-10-06 04:00:00;1,51;1,43;1,67;324;472;25;24.552;16.410;8.142;%57.0
2025-10-06 05:00:00;1,25;1,33;1,1;331;486;24;24.220;16.078;8.142;%38.0
2025-10-06 06:00:00;1,03;1,16;0,77;336;497;24;21.260;13.988;7.272;%24.0
2025-10-06 07:00:00;1,18;1,29;0,98;329;492;26;13.653;8.882;4.771;%25.0
2025-10-06 08:00:00;1,01;1,17;0,72;326;486;30;8.820;5.734;3.086;%24.0
2025-10-06 09:00:00;1,08;1,21;0,85;326;487;31;8.827;5.714;3.113;%29.0
2025-10-06 10:00:00;1,02;1,17;0,75;328;487;32;8.867;5.772;3.095;%24.0
2025-10-06 11:00:00;1,04;1,18;0,78;326;485;33;8.860;5.745;3.115;%25.0
2025-10-06 12:00:00;1,07;1,19;0,84;327;486;33;8.927;5.799;3.128;%27.0
2025-10-06 13:00:00;1,05;1,18;0,81;328;486;34;8.943;5.807;3.136;%27.0
2025-10-06 14:00:00;1,06;1,18;0,84;327;486;34;8.932;5.787;3.145;%26.0
2025-10-06 15:00:00;1,04;1,18;0,79;327;486;34;8.928;5.778;3.151;%25.0
2025-10-06 16:00:00;1,1;1,21;0,9;327;487;35;8.882;5.747;3.135;%30.0
2025-10-06 17:00:00;1,06;1,18;0,83;327;487;35;8.870;5.732;3.138;%25.0
2025-10-06 18:00:00;1,07;1,2;0,83;326;486;35;8.879;5.731;3.148;%27.0
2025-10-06 19:00:00;1,41;1,45;1,34;339;504;24;195.882;128.422;67.459;%29.0
2025-10-06 20:00:00;1,04;1,19;0,77;325;486;34;8.828;5.690;3.138;%25.0
2025-10-06 21:00:00;1,11;1,23;0,88;324;485;33;8.796;5.660;3.135;%29.0
2025-10-06 22:00:00;1;1,17;0,7;328;487;32;8.842;5.757;3.085;%24.0
2025-10-06 23:00:00;1,06;1,19;0,81;327;487;31;8.835;5.746;3.089;%26.0
2025-10-07 00:00:00;1,08;1,21;0,84;328;487;30;8.891;5.804;3.087;%29.0
2025-10-07 01:00:00;1,04;1,19;0,77;325;481;29;8.946;5.848;3.098;%26.0
2025-10-07 02:00:00;1,34;1,4;1,23;338;503;24;120.013;78.740;41.272;%50.0
2025-10-07 03:00:00;1,03;1,16;0,78;333;497;24;24.084;15.758;8.326;%59.0
2025-10-07 04:00:00;1,43;1,34;1,62;324;471;25;24.745;16.559;8.186;%65.0
2025-10-07 05:00:00;1,1;1,21;0,88;331;487;24;24.200;16.035;8.166;%60.0
2025-10-07 06:00:00;1,24;1,32;1,08;335;498;24;23.599;15.454;8.144;%68.0
2025-10-07 07:00:00;1,17;1,28;0,96;332;498;24;23.578;15.338;8.240;%60.0
2025-10-07 08:00:00;1,28;1,38;1,11;330;497;26;23.422;15.148;8.273;%62.0
2025-10-07 09:00:00;1,16;1,27;0,96;333;498;27;23.605;15.339;8.266;%60.0
2025-10-07 10:00:00;1,41;1,47;1,31;334;498;27;23.675;15.440;8.236;%70.0
2025-10-07 11:00:00;1,1;1,21;0,88;335;499;27;23.959;15.666;8.293;%60.0
2025-10-07 12:00:00;1,32;1,38;1,21;335;498;27;23.998;15.694;8.303;%67.0
2025-10-07 13:00:00;1,27;1,33;1,14;335;498;28;24.015;15.683;8.332;%68.0
2025-10-07 14:00:00;1,17;1,27;1;335;498;28;23.984;15.659;8.325;%63.0
2025-10-07 15:00:00;1,38;1,43;1,28;334;499;28;23.966;15.602;8.363;%67.0
2025-10-07 16:00:00;1,3;1,38;1,16;335;498;28;23.818;15.550;8.268;%65.0
2025-10-07 17:00:00;1,31;1,38;1,17;333;498;28;23.731;15.407;8.324;%58.0
2025-10-07 18:00:00;1,37;1,43;1,26;332;497;28;23.543;15.229;8.313;%42.0
2025-10-07 19:00:00;1,3;1,38;1,14;332;497;28;22.964;14.896;8.068;%32.0
2025-10-07 20:00:00;1,26;1,34;1,11;332;496;29;18.662;12.116;6.546;%27.0
2025-10-07 21:00:00;1,06;1,2;0,82;325;485;33;8.829;5.695;3.134;%26.0
2025-10-07 22:00:00;1,03;1,18;0,74;328;486;32;8.871;5.788;3.084;%25.0
2025-10-07 23:00:00;1,11;1,23;0,88;329;487;31;8.876;5.795;3.081;%30.0
2025-10-08 00:00:00;1,07;1,19;0,83;329;487;31;8.885;5.811;3.074;%27.0
2025-10-08 01:00:00;1,01;1,17;0,7;325;481;30;8.953;5.858;3.096;%24.0
2025-10-08 02:00:00;1,12;1,24;0,9;328;487;29;8.839;5.773;3.066;%31.0
2025-10-08 03:00:00;1,06;1,19;0,81;324;484;28;8.941;5.800;3.141;%26.0
2025-10-08 04:00:00;1,14;1,16;1,09;317;463;28;9.110;6.047;3.063;%24.0
2025-10-08 05:00:00;1,03;1,17;0,76;321;474;27;8.937;5.876;3.060;%25.0
2025-10-08 06:00:00;1;1,16;0,69;328;487;27;8.796;5.746;3.050;%24.0
2025-10-08 07:00:00;1,1;1,23;0,86;324;486;28;8.744;5.655;3.089;%30.0
2025-10-08 08:00:00;1,03;1,18;0,76;324;486;30;8.740;5.644;3.097;%25.0
2025-10-08 09:00:00;1,04;1,18;0,77;326;486;32;8.841;5.723;3.118;%25.0
2025-10-08 10:00:00;1,06;1,2;0,8;328;487;32;8.879;5.785;3.093;%27.0
2025-10-08 11:00:00;1,12;1,23;0,92;327;487;33;8.908;5.782;3.125;%29.0
2025-10-08 12:00:00;1,03;1,18;0,76;328;486;34;8.945;5.810;3.134;%25.0
2025-10-08 13:00:00;1,13;1,24;0,92;327;486;34;8.960;5.809;3.151;%30.0
2025-10-08 14:00:00;1,08;1,2;0,87;327;486;34;8.949;5.801;3.147;%28.0
2025-10-08 15:00:00;1,31;1,36;1,22;338;502;24;301.288;198.130;103.158;%31.0
2025-10-08 16:00:00;1,36;1,42;1,25;335;498;28;23.933;15.641;8.292;%69.0
2025-10-08 17:00:00;1,32;1,38;1,2;335;498;29;23.904;15.611;8.292;%66.0
2025-10-08 18:00:00;1,23;1,31;1,07;335;498;28;23.907;15.609;8.298;%64.0
2025-10-08 19:00:00;1,39;1,45;1,28;334;498;28;23.856;15.561;8.295;%67.0
2025-10-08 20:00:00;2,47;1,96;3,37;315;475;32;24.496;15.646;8.850;%67.0
2025-10-08 21:00:00;1,16;1,25;1;335;498;27;24.004;15.688;8.316;%67.0
2025-10-08 22:00:00;1,01;1,13;0,76;337;499;26;23.885;15.713;8.172;%61.0
2025-10-08 23:00:00;1,15;1,24;0,98;336;498;26;23.905;15.712;8.193;%68.0
2025-10-09 00:00:00;1;1,13;0,75;336;499;26;23.913;15.710;8.203;%60.0
2025-10-09 01:00:00;1,26;1,33;1,11;333;494;26;24.026;15.779;8.247;%72.0
2025-10-09 02:00:00;1,13;1,24;0,94;335;498;25;23.871;15.653;8.218;%66.0
2025-10-09 03:00:00;1,02;1,15;0,77;335;497;25;24.017;15.758;8.260;%60.0
2025-10-09 04:00:00;1,29;1,22;1,43;324;472;25;24.786;16.568;8.218;%67.0
2025-10-09 05:00:00;1,05;1,17;0,83;331;486;24;24.252;16.124;8.128;%64.0
2025-10-09 06:00:00;1,04;1,16;0,81;337;499;24;23.808;15.704;8.104;%62.0
2025-10-09 07:00:00;1,07;1,18;0,86;336;498;25;23.858;15.657;8.201;%59.0
2025-10-09 08:00:00;1,03;1,15;0,8;335;498;26;23.988;15.707;8.281;%46.0
2025-10-09 09:00:00;1,14;1,23;0,98;336;499;27;23.554;15.434;8.120;%37.0
2025-10-09 10:00:00;1,2;1,29;1,03;336;498;28;17.849;11.707;6.142;%36.0
2025-10-09 11:00:00;1,12;1,25;0,86;336;498;30;12.235;8.008;4.227;%33.0
2025-10-09 12:00:00;1,27;1,37;1,07;335;497;31;12.223;7.974;4.249;%36.0
2025-10-09 13:00:00;1,21;1,33;0,98;334;497;31;12.264;7.989;4.275;%34.0
2025-10-09 14:00:00;1,26;1,37;1,07;336;498;31;12.257;8.002;4.255;%34.0
2025-10-09 15:00:00;1,33;1,42;1,16;336;498;32;12.249;8.008;4.241;%37.0
2025-10-09 16:00:00;1,19;1,31;0,95;336;497;32;12.270;8.021;4.249;%34.0
2025-10-09 17:00:00;1,31;1,42;1,12;335;497;32;12.264;7.992;4.272;%36.0
2025-10-09 18:00:00;1,39;1,49;1,22;335;497;32;12.263;7.982;4.282;%36.0
2025-10-09 19:00:00;1,31;1,4;1,15;336;497;32;12.277;8.024;4.252;%37.0
2025-10-09 20:00:00;1,11;1,25;0,85;336;498;31;12.263;8.015;4.247;%33.0
2025-10-09 21:00:00;1,33;1,41;1,16;335;497;30;12.278;8.008;4.270;%38.0
2025-10-09 22:00:00;1,06;1,21;0,76;336;497;29;12.232;8.015;4.217;%31.0
2025-10-09 23:00:00;1,35;1,43;1,19;335;497;29;12.224;8.004;4.220;%38.0
2025-10-10 00:00:00;1,07;1,22;0,77;336;498;28;12.228;8.021;4.206;%31.0
2025-10-10 01:00:00;1,3;1,37;1,15;333;493;27;12.296;8.076;4.220;%37.0
2025-10-10 02:00:00;1,06;1,21;0,77;337;498;28;12.193;8.023;4.170;%31.0
2025-10-10 03:00:00;1,25;1,35;1,05;334;496;27;12.277;8.046;4.231;%34.0
2025-10-10 04:00:00;1,45;1,39;1,58;327;477;26;12.483;8.328;4.155;%36.0
2025-10-10 05:00:00;1,02;1,09;0,89;335;496;25;242.311;159.564;82.747;%32.0
2025-10-10 06:00:00;1,06;1,18;0,84;336;498;24;23.872;15.704;8.169;%64.0
2025-10-10 07:00:00;1,02;1,15;0,79;335;499;24;23.938;15.701;8.237;%62.0
2025-10-10 08:00:00;1,06;1,17;0,85;335;498;26;24.012;15.728;8.284;%64.0
2025-10-10 09:00:00;1,13;1,21;0,97;336;499;27;23.961;15.700;8.260;%68.0
2025-10-10 10:00:00;1,08;1,18;0,88;337;499;27;23.863;15.694;8.169;%65.0
2025-10-10 11:00:00;1,08;1,18;0,89;337;498;28;23.921;15.711;8.211;%64.0
2025-10-10 12:00:00;1,09;1,19;0,9;336;498;28;23.967;15.716;8.252;%58.0
2025-10-10 13:00:00;1,14;1,23;0,98;335;498;28;23.931;15.642;8.288;%46.0
2025-10-10 14:00:00;1,23;1,3;1,11;335;498;28;24.066;15.690;8.376;%45.0
2025-10-10 15:00:00;1,06;1,17;0,85;335;498;29;24.045;15.689;8.356;%62.0
2025-10-10 16:00:00;1,17;1,25;1,02;336;498;29;23.981;15.674;8.307;%68.0
2025-10-10 17:00:00;1,13;1,22;0,96;336;498;29;23.999;15.703;8.297;%67.0
2025-10-10 18:00:00;1,25;1,3;1,15;336;498;29;24.002;15.699;8.303;%72.0
2025-10-10 19:00:00;1,04;1,15;0,83;336;498;29;24.044;15.729;8.315;%63.0
2025-10-10 20:00:00;1,14;1,22;0,99;336;499;28;23.997;15.707;8.290;%67.0
2025-10-10 21:00:00;1,06;1,17;0,86;336;498;28;24.012;15.707;8.304;%64.0
2025-10-10 22:00:00;1,28;1,33;1,18;337;499;27;23.923;15.707;8.216;%73.0
2025-10-10 23:00:00;1,25;1,3;1,14;336;499;27;23.944;15.706;8.238;%72.0
2025-10-11 00:00:00;1,21;1,27;1,08;336;498;26;23.942;15.732;8.210;%71.0
2025-10-11 01:00:00;1,23;1,3;1,11;333;494;26;24.112;15.834;8.278;%69.0
2025-10-11 02:00:00;1,19;1,26;1,05;336;499;25;23.908;15.693;8.216;%57.0
2025-10-11 03:00:00;0,95;1,1;0,68;334;497;24;23.960;15.687;8.273;%35.0
2025-10-11 04:00:00;1,44;1,29;1,73;329;483;26;16.931;11.242;5.690;%37.0
2025-10-11 05:00:00;1,05;1,2;0,77;332;487;26;12.314;8.183;4.131;%31.0
2025-10-11 06:00:00;1,08;1,22;0,81;336;498;25;12.148;7.993;4.155;%32.0
2025-10-11 07:00:00;1,1;1,25;0,83;334;498;26;12.214;7.990;4.223;%32.0
2025-10-11 08:00:00;1,07;1,21;0,81;335;497;27;12.222;8.009;4.212;%32.0
2025-10-11 09:00:00;1,1;1,24;0,84;337;498;28;12.169;7.999;4.171;%32.0
2025-10-11 10:00:00;1,2;1,31;0,98;337;497;28;12.182;8.014;4.168;%36.0
2025-10-11 11:00:00;1,17;1,3;0,93;336;497;29;12.222;8.014;4.208;%33.0
2025-10-11 12:00:00;1,23;1,33;1,02;336;498;30;12.219;8.005;4.214;%35.0
2025-10-11 13:00:00;1,22;1,33;1,01;335;497;31;12.276;8.018;4.259;%36.0
2025-10-11 14:00:00;1,23;1,34;1,02;334;498;31;12.298;8.001;4.298;%35.0
2025-10-11 15:00:00;1,18;1,31;0,95;334;497;31;12.311;8.011;4.300;%34.0
2025-10-11 16:00:00;1,27;1,37;1,09;335;497;31;12.246;7.989;4.257;%36.0
2025-10-11 17:00:00;1,26;1,36;1,06;335;497;31;12.256;7.990;4.266;%36.0
2025-10-11 18:00:00;1,26;1,36;1,06;335;497;31;12.267;7.989;4.278;%35.0
2025-10-11 19:00:00;1;1,08;0,84;335;496;25;196.446;129.129;67.317;%46.0
2025-10-11 20:00:00;1,2;1,27;1,06;336;499;28;23.974;15.683;8.291;%70.0
2025-10-11 21:00:00;1,14;1,23;0,96;335;498;28;24.004;15.690;8.315;%67.0
2025-10-11 22:00:00;1,09;1,19;0,9;337;499;27;23.929;15.705;8.224;%64.0
2025-10-11 23:00:00;1,06;1,17;0,86;336;499;27;23.956;15.709;8.247;%64.0
2025-10-12 00:00:00;1,08;1,18;0,87;336;499;26;23.954;15.716;8.238;%65.0
2025-10-12 01:00:00;1,18;1,26;1,02;334;494;26;24.067;15.848;8.220;%69.0
2025-10-12 02:00:00;1,05;1,17;0,83;337;499;25;23.880;15.725;8.155;%62.0
2025-10-12 03:00:00;1,05;1,17;0,83;335;497;25;24.022;15.766;8.256;%63.0
2025-10-12 04:00:00;1,29;1,2;1,48;324;470;25;24.790;16.625;8.166;%65.0
2025-10-12 05:00:00;1,02;1,14;0,79;332;488;24;24.214;16.072;8.142;%63.0
2025-10-12 06:00:00;1,03;1,14;0,8;336;498;24;23.871;15.739;8.133;%63.0
2025-10-12 07:00:00;1,15;1,24;0,99;336;499;24;23.911;15.696;8.215;%68.0
2025-10-12 08:00:00;0,95;1,09;0,68;335;498;25;23.958;15.714;8.244;%57.0
2025-10-12 09:00:00;1,18;1,26;1,01;335;499;25;23.951;15.685;8.266;%68.0
2025-10-12 10:00:00;0,98;1,12;0,73;336;499;26;23.912;15.701;8.211;%59.0
2025-10-12 11:00:00;1,14;1,22;0,97;337;499;26;23.898;15.698;8.200;%68.0
2025-10-12 12:00:00;1,14;1,22;0,97;336;499;27;23.923;15.697;8.225;%68.0
2025-10-12 13:00:00;1,02;1,15;0,79;335;498;27;23.963;15.680;8.283;%61.0
2025-10-12 14:00:00;1,2;1,29;1,05;335;498;28;23.894;15.593;8.301;%69.0
2025-10-12 15:00:00;1,12;1,22;0,94;335;498;28;24.006;15.678;8.328;%61.0
2025-10-12 16:00:00;1,2;1,27;1,05;336;499;28;23.911;15.659;8.251;%55.0
2025-10-12 17:00:00;1,13;1,22;0,94;336;498;28;22.839;14.945;7.894;%41.0
2025-10-12 18:00:00;1,09;1,19;0,89;336;498;28;23.395;15.302;8.093;%35.0
2025-10-12 19:00:00;1,17;1,3;0,94;336;497;31;12.244;8.027;4.217;%34.0
2025-10-12 20:00:00;1,27;1,37;1,08;336;497;31;12.218;8.009;4.210;%35.0
2025-10-12 21:00:00;1,26;1,37;1,06;336;497;30;12.244;8.011;4.233;%36.0
2025-10-12 22:00:00;1,18;1,3;0,96;336;497;29;12.228;8.021;4.207;%35.0
2025-10-12 23:00:00;1,17;1,29;0,94;336;498;29;12.233;8.014;4.220;%35.0
2025-10-13 00:00:00;1,13;1,25;0,88;336;498;28;12.213;8.015;4.198;%34.0
2025-10-13 01:00:00;1,24;1,34;1,04;333;493;27;12.314;8.077;4.237;%36.0
2025-10-13 02:00:00;1,24;1,34;1,05;336;497;26;12.216;8.027;4.189;%37.0
2025-10-13 03:00:00;1,26;1,35;1,08;333;496;26;12.308;8.047;4.262;%37.0
2025-10-13 04:00:00;1,45;1,37;1,63;327;478;26;12.515;8.332;4.183;%38.0
2025-10-13 05:00:00;1,29;1,37;1,13;332;490;25;12.324;8.150;4.175;%39.0
2025-10-13 06:00:00;1,29;1,38;1,13;336;498;25;12.184;8.007;4.177;%38.0
2025-10-13 07:00:00;1,29;1,37;1,13;334;497;26;12.244;8.015;4.229;%38.0
2025-10-13 08:00:00;1,22;1,32;1,02;335;497;28;12.238;8.020;4.218;%37.0
2025-10-13 09:00:00;1,05;1,11;0,95;335;496;24;190.758;125.601;65.157;%51.0
2025-10-13 10:00:00;1,11;1,2;0,95;337;499;27;23.898;15.695;8.203;%68.0
2025-10-13 11:00:00;1,09;1,18;0,91;336;498;28;23.989;15.720;8.269;%66.0
2025-10-13 12:00:00;1,13;1,22;0,97;336;498;28;23.995;15.715;8.280;%68.0
2025-10-13 13:00:00;1,1;1,19;0,93;335;498;28;24.086;15.713;8.373;%67.0
2025-10-13 14:00:00;1,09;1,19;0,9;335;498;28;24.117;15.707;8.409;%65.0
2025-10-13 15:00:00;1,12;1,21;0,96;335;498;29;24.111;15.715;8.397;%67.0
2025-10-13 16:00:00;1,23;1,3;1,11;335;498;29;23.985;15.663;8.322;%70.0
2025-10-13 17:00:00;1,17;1,25;1,01;335;498;29;24.017;15.677;8.340;%68.0
2025-10-13 18:00:00;1,07;1,18;0,87;335;498;29;24.013;15.676;8.337;%63.0
2025-10-13 19:00:00;1,17;1,24;1,02;335;498;29;24.016;15.696;8.321;%69.0
2025-10-13 20:00:00;1,17;1,25;1,02;336;498;28;23.997;15.694;8.303;%69.0
2025-10-13 21:00:00;1,12;1,21;0,93;335;498;27;24.007;15.701;8.306;%65.0
2025-10-13 22:00:00;1,1;1,2;0,9;337;498;27;23.824;15.662;8.162;%65.0
2025-10-13 23:00:00;1,05;1,17;0,83;337;499;27;23.834;15.668;8.166;%62.0
2025-10-14 00:00:00;1,06;1,17;0,85;336;498;26;23.917;15.729;8.189;%64.0
2025-10-14 01:00:00;1,2;1,26;1,08;334;494;26;24.066;15.832;8.233;%70.0
2025-10-14 02:00:00;1;1,13;0,75;336;498;25;23.937;15.723;8.214;%60.0
2025-10-14 03:00:00;1,12;1,21;0,94;334;497;24;24.072;15.767;8.304;%67.0
2025-10-14 04:00:00;1,18;1,13;1,28;324;473;25;24.754;16.538;8.216;%58.0
2025-10-14 05:00:00;1,13;1,22;0,95;329;484;24;24.317;16.128;8.188;%62.0
2025-10-14 06:00:00;0,99;1,12;0,73;336;498;24;23.775;15.654;8.121;%40.0
2025-10-14 07:00:00;1,08;1,18;0,88;336;499;25;23.993;15.745;8.248;%34.0
2025-10-14 08:00:00;1,2;1,32;0,98;335;497;27;13.780;9.019;4.761;%34.0
2025-10-14 09:00:00;1,08;1,18;0,88;335;498;27;25.078;16.395;8.683;%34.0
2025-10-14 10:00:00;1,24;1,35;1,03;336;498;30;12.193;7.993;4.199;%35.0
2025-10-14 11:00:00;1,14;1,27;0,9;336;497;30;12.249;8.017;4.232;%34.0
2025-10-14 12:00:00;1,23;1,33;1,05;335;497;31;12.265;8.010;4.255;%35.0
2025-10-14 13:00:00;1,32;1,4;1,16;335;497;31;12.294;8.013;4.282;%38.0
2025-10-14 14:00:00;1,13;1,26;0,87;335;498;31;12.301;8.011;4.291;%33.0
2025-10-14 15:00:00;1,36;1,45;1,21;334;497;31;12.305;8.004;4.301;%38.0
2025-10-14 16:00:00;1,18;1,31;0,95;336;497;32;12.254;8.007;4.247;%33.0
2025-10-14 17:00:00;1,43;1,5;1,29;337;497;33;12.217;7.989;4.228;%38.0
2025-10-14 18:00:00;1,19;1,31;0,95;336;497;33;12.248;8.005;4.243;%34.0
2025-10-14 19:00:00;1,32;1,41;1,15;336;497;32;12.231;8.002;4.229;%37.0
2025-10-14 20:00:00;1,17;1,3;0,94;336;497;31;12.246;8.012;4.234;%33.0
2025-10-14 21:00:00;1,31;1,39;1,15;336;497;30;12.251;8.022;4.229;%37.0
2025-10-14 22:00:00;1,15;1,28;0,91;337;498;30;12.182;8.008;4.174;%34.0
2025-10-14 23:00:00;1,02;1,1;0,88;336;499;26;185.855;121.727;64.127;%65.0
2025-10-15 00:00:00;1,04;1,15;0,81;337;498;26;23.917;15.736;8.181;%62.0
2025-10-15 01:00:00;1,13;1,23;0,96;333;494;26;24.097;15.836;8.261;%67.0
2025-10-15 02:00:00;1,14;1,23;0,97;336;499;25;23.971;15.717;8.254;%67.0
2025-10-15 03:00:00;1,06;1,18;0,84;334;497;25;24.076;15.756;8.320;%62.0
2025-10-15 04:00:00;1,28;1,19;1,45;324;472;25;24.794;16.565;8.229;%64.0
2025-10-15 05:00:00;1,05;1,16;0,83;330;485;24;24.379;16.163;8.216;%64.0
2025-10-15 06:00:00;1,02;1,14;0,79;336;498;24;23.894;15.711;8.184;%63.0
2025-10-15 07:00:00;1,02;1,14;0,78;336;499;25;23.935;15.706;8.229;%62.0
2025-10-15 08:00:00;1,16;1,24;1,01;335;498;26;23.983;15.721;8.262;%69.0
2025-10-15 09:00:00;1,01;1,14;0,78;335;498;27;24.017;15.705;8.312;%61.0
2025-10-15 10:00:00;1,16;1,25;1,01;336;499;27;23.953;15.696;8.257;%68.0
2025-10-15 11:00:00;1,09;1,19;0,89;335;498;28;24.007;15.691;8.316;%65.0
2025-10-15 12:00:00;1,18;1,26;1,02;335;498;28;24.045;15.702;8.343;%69.0
2025-10-15 13:00:00;1,1;1,2;0,91;335;498;28;24.121;15.719;8.402;%65.0
2025-10-15 14:00:00;1,12;1,21;0,94;335;498;29;24.097;15.701;8.396;%66.0
2025-10-15 15:00:00;1,2;1,27;1,07;335;498;29;24.105;15.700;8.405;%70.0
2025-10-15 16:00:00;1,09;1,19;0,89;336;498;29;24.036;15.708;8.328;%65.0
2025-10-15 17:00:00;1,18;1,25;1,05;336;498;29;24.034;15.705;8.329;%69.0
2025-10-15 18:00:00;1,08;1,19;0,88;335;498;29;24.009;15.668;8.340;%61.0
2025-10-15 19:00:00;1,18;1,26;1,04;335;498;29;24.130;15.744;8.386;%56.0
2025-10-15 20:00:00;1,19;1,27;1,05;335;498;28;23.886;15.590;8.296;%42.0
2025-10-15 21:00:00;1,18;1,26;1,03;335;498;28;19.871;12.962;6.909;%37.0
2025-10-15 22:00:00;1,14;1,27;0,89;336;497;29;12.241;8.019;4.222;%33.0
2025-10-15 23:00:00;1,28;1,38;1,08;336;498;29;12.233;8.013;4.220;%36.0
2025-10-16 00:00:00;1,08;1,23;0,8;336;497;28;12.234;8.029;4.205;%32.0
2025-10-16 01:00:00;1,2;1,31;1;333;493;28;12.298;8.070;4.228;%34.0
2025-10-16 02:00:00;1,21;1,32;0,99;336;498;27;12.212;8.017;4.194;%36.0
2025-10-16 03:00:00;1,07;1,22;0,79;333;496;26;12.332;8.059;4.273;%32.0
2025-10-16 04:00:00;1,31;1,29;1,36;328;479;26;12.481;8.299;4.183;%34.0
2025-10-16 05:00:00;1,06;1,21;0,76;331;487;25;12.362;8.182;4.179;%32.0
2025-10-16 06:00:00;1,1;1,23;0,84;336;498;25;12.194;8.011;4.183;%33.0
2025-10-16 07:00:00;1,06;1,2;0,78;334;498;26;12.264;8.012;4.253;%31.0
2025-10-16 08:00:00;1,29;1,38;1,1;333;497;28;12.293;8.004;4.290;%37.0
2025-10-16 09:00:00;1,09;1,24;0,82;336;498;29;12.228;8.000;4.228;%32.0
2025-10-16 10:00:00;1,3;1,39;1,12;336;497;30;12.182;7.989;4.194;%37.0
2025-10-16 11:00:00;1,17;1,29;0,94;337;497;31;12.199;8.004;4.195;%33.0
2025-10-16 12:00:00;1,02;1,09;0,88;334;496;24;193.658;127.251;66.407;%48.0
2025-10-16 13:00:00;1,17;1,26;1,01;332;496;30;24.250;15.721;8.529;%67.0
2025-10-16 14:00:00;1,21;1,28;1,07;334;498;30;24.132;15.650;8.482;%68.0
2025-10-16 15:00:00;1,15;1,24;0,99;334;498;30;24.110;15.661;8.450;%66.0
2025-10-16 16:00:00;1,33;1,38;1,23;335;498;31;23.961;15.589;8.372;%73.0
2025-10-16 17:00:00;1,12;1,22;0,93;336;498;31;24.081;15.710;8.372;%65.0
2025-10-16 18:00:00;1,26;1,32;1,15;335;498;31;24.028;15.665;8.363;%70.0
2025-10-16 19:00:00;1,18;1,27;1,02;335;498;30;24.034;15.662;8.372;%67.0
2025-10-16 20:00:00;1,27;1,34;1,13;334;498;29;23.950;15.586;8.364;%70.0
2025-10-16 21:00:00;1,09;1,2;0,89;334;498;29;24.117;15.710;8.407;%64.0
2025-10-16 22:00:00;1,12;1,22;0,94;336;498;28;23.971;15.686;8.285;%66.0
2025-10-16 23:00:00;1,14;1,24;0,95;336;498;27;23.928;15.669;8.258;%60.0
2025-10-17 00:00:00;1,16;1,25;0,99;335;498;27;23.931;15.684;8.247;%51.0
2025-10-17 01:00:00;1,08;1,19;0,86;332;494;26;23.719;15.534;8.186;%37.0
2025-10-17 02:00:00;1,15;1,25;0,95;335;498;26;18.718;12.272;6.446;%35.0
2025-10-17 03:00:00;1,07;1,22;0,8;333;496;26;12.327;8.062;4.265;%31.0
2025-10-17 04:00:00;1,32;1,27;1,41;327;478;27;12.524;8.335;4.190;%33.0
2025-10-17 05:00:00;1,27;1,37;1,07;332;489;26;12.311;8.142;4.170;%37.0
2025-10-17 06:00:00;1,01;1,18;0,69;335;497;26;12.202;8.011;4.191;%29.0
2025-10-17 07:00:00;1,28;1,39;1,08;334;498;26;12.249;8.001;4.247;%36.0
2025-10-17 08:00:00;1,08;1,23;0,8;334;497;28;12.279;8.010;4.269;%32.0
2025-10-17 09:00:00;1,34;1,42;1,18;335;498;30;12.214;7.964;4.249;%36.0
2025-10-17 10:00:00;1,22;1,34;1,01;336;498;30;12.183;7.976;4.207;%34.0
2025-10-17 11:00:00;1,34;1,44;1,15;335;497;31;12.216;7.966;4.249;%36.0
2025-10-17 12:00:00;1,24;1,36;1,01;334;497;31;12.282;7.985;4.297;%34.0
2025-10-17 13:00:00;1,44;1,52;1,29;333;497;32;12.300;7.976;4.324;%38.0
2025-10-17 14:00:00;1,17;1,29;0,93;334;497;32;12.347;8.013;4.333;%34.0
2025-10-17 15:00:00;1,36;1,44;1,21;334;497;32;12.332;7.999;4.333;%37.0
2025-10-17 16:00:00;1,02;1,09;0,88;334;496;25;174.000;114.202;59.798;%35.0
2025-10-17 17:00:00;1,32;1,42;1,14;334;497;34;12.305;7.986;4.319;%36.0
2025-10-17 18:00:00;1,43;1,52;1,27;334;497;33;12.259;7.942;4.317;%37.0
2025-10-17 19:00:00;1,23;1,36;0,99;334;496;33;12.333;8.003;4.330;%34.0
2025-10-17 20:00:00;1,38;1,47;1,22;334;497;32;12.272;7.981;4.291;%37.0
2025-10-17 21:00:00;1,22;1,33;1,01;335;497;31;12.301;8.008;4.293;%34.0
2025-10-17 22:00:00;1,34;1,43;1,17;336;497;30;12.241;8.005;4.235;%37.0
2025-10-17 23:00:00;1,18;1,3;0,94;336;497;30;12.237;8.019;4.219;%34.0
2025-10-18 00:00:00;1,27;1,37;1,07;335;497;29;12.245;8.023;4.222;%36.0
2025-10-18 01:00:00;1,14;1,28;0,88;333;493;28;12.339;8.076;4.263;%33.0
2025-10-18 02:00:00;1,02;1,1;0,88;336;499;25;138.961;91.114;47.847;%61.0
2025-10-18 03:00:00;1,16;1,24;1;334;497;25;24.065;15.769;8.296;%69.0
2025-10-18 04:00:00;1,17;1,12;1,28;324;471;25;24.808;16.588;8.220;%59.0
2025-10-18 05:00:00;1,08;1,18;0,88;330;486;24;24.349;16.138;8.211;%67.0
2025-10-18 06:00:00;1;1,12;0,75;336;498;24;23.887;15.712;8.176;%61.0
2025-10-18 07:00:00;1,1;1,19;0,91;336;499;24;23.934;15.714;8.220;%68.0
2025-10-18 08:00:00;1,04;1,15;0,81;335;498;25;23.982;15.717;8.265;%63.0
2025-10-18 09:00:00;1,05;1,16;0,84;336;499;26;23.984;15.714;8.270;%64.0
2025-10-18 10:00:00;1,09;1,19;0,89;336;499;27;23.938;15.705;8.232;%65.0
2025-10-18 11:00:00;1,18;1,26;1,04;335;499;27;23.938;15.647;8.292;%70.0
2025-10-18 12:00:00;1,09;1,19;0,88;335;498;28;23.985;15.652;8.333;%64.0
2025-10-18 13:00:00;1,14;1,23;0,97;334;498;28;24.040;15.655;8.385;%66.0
2025-10-18 14:00:00;1,12;1,22;0,94;335;498;29;24.046;15.674;8.372;%66.0
2025-10-18 15:00:00;1,29;1,35;1,16;335;498;29;23.966;15.624;8.342;%71.0
2025-10-18 16:00:00;1,2;1,28;1,05;336;498;29;23.954;15.668;8.286;%68.0
2025-10-18 17:00:00;1,11;1,21;0,92;335;498;29;23.943;15.624;8.319;%60.0
2025-10-18 18:00:00;1,17;1,26;1;335;498;29;24.016;15.643;8.373;%52.0
2025-10-18 19:00:00;1,29;1,36;1,16;334;498;29;23.635;15.377;8.258;%40.0
2025-10-18 20:00:00;1,23;1,31;1,08;334;498;29;21.076;13.718;7.358;%37.0
2025-10-18 21:00:00;1,16;1,31;0,89;333;497;31;12.315;7.999;4.315;%32.0
2025-10-18 22:00:00;1,38;1,48;1,2;334;497;30;12.168;7.932;4.236;%37.0
2025-10-18 23:00:00;1,13;1,28;0,87;335;497;30;12.183;7.965;4.218;%32.0
2025-10-19 00:00:00;1,3;1,41;1,1;334;497;29;12.117;7.916;4.202;%34.0
2025-10-19 01:00:00;1,36;1,47;1,15;332;493;29;12.157;7.954;4.203;%36.0
2025-10-19 02:00:00;1,1;1,25;0,81;336;498;27;12.175;7.984;4.192;%31.0
2025-10-19 03:00:00;1,31;1,42;1,11;332;495;26;12.288;8.000;4.288;%36.0
2025-10-19 04:00:00;1,22;1,22;1,21;326;477;26;12.515;8.326;4.189;%30.0
2025-10-19 05:00:00;1,13;1,26;0,89;332;489;25;12.327;8.149;4.179;%33.0
2025-10-19 06:00:00;1,2;1,32;0,96;335;497;25;12.209;8.016;4.193;%35.0
2025-10-19 07:00:00;1,08;1,23;0,8;334;498;25;12.247;8.009;4.238;%32.0
2025-10-19 08:00:00;1,16;1,29;0,91;335;497;26;12.238;8.012;4.226;%34.0
2025-10-19 09:00:00;1,15;1,28;0,9;335;497;27;12.217;8.013;4.205;%34.0
2025-10-19 10:00:00;1,1;1,24;0,84;337;498;28;12.180;8.011;4.169;%32.0
2025-10-19 11:00:00;1,25;1,36;1,04;336;498;29;12.197;7.998;4.199;%35.0
2025-10-19 12:00:00;1,25;1,37;1,03;335;498;30;12.231;7.993;4.237;%35.0
2025-10-19 13:00:00;1,26;1,38;1,04;334;497;30;12.282;7.994;4.288;%35.0
2025-10-19 14:00:00;1,24;1,37;1;334;497;31;12.288;7.990;4.298;%34.0
2025-10-19 15:00:00;1,01;1,08;0,86;335;496;24;239.302;157.369;81.932;%43.0
2025-10-19 16:00:00;1,14;1,24;0,95;336;498;28;23.895;15.619;8.276;%65.0
2025-10-19 17:00:00;1,15;1,24;0,98;336;499;28;23.950;15.651;8.299;%66.0
2025-10-19 18:00:00;1,1;1,2;0,9;335;498;28;23.968;15.664;8.304;%63.0
2025-10-19 19:00:00;1,25;1,32;1,12;335;498;28;23.957;15.631;8.325;%71.0
2025-10-19 20:00:00;1,07;1,18;0,86;335;498;28;23.988;15.672;8.316;%63.0
2025-10-19 21:00:00;1,18;1,25;1,05;335;499;28;23.998;15.677;8.321;%69.0
2025-10-19 22:00:00;1,24;1,29;1,12;336;499;27;23.936;15.692;8.245;%72.0
2025-10-19 23:00:00;1,12;1,21;0,94;336;498;27;23.955;15.702;8.253;%68.0
2025-10-20 00:00:00;1,11;1,2;0,93;336;498;26;23.973;15.730;8.242;%68.0
2025-10-20 01:00:00;1,15;1,24;0,98;333;494;26;24.138;15.856;8.282;%68.0
2025-10-20 02:00:00;1,09;1,19;0,9;336;498;25;23.941;15.721;8.220;%67.0
2025-10-20 03:00:00;1,11;1,2;0,92;334;497;25;24.060;15.745;8.315;%67.0
2025-10-20 04:00:00;1,32;1,22;1,51;323;470;25;24.803;16.617;8.186;%69.0
2025-10-20 05:00:00;1,13;1,21;0,96;331;487;24;24.246;16.074;8.172;%70.0
2025-10-20 06:00:00;1,16;1,24;1;336;499;24;23.861;15.696;8.165;%69.0
2025-10-20 07:00:00;1,2;1,27;1,06;335;498;25;23.938;15.695;8.243;%62.0
2025-10-20 08:00:00;1,2;1,27;1,08;335;498;26;24.004;15.713;8.291;%49.0
2025-10-20 09:00:00;1,24;1,29;1,14;335;499;27;23.058;15.066;7.992;%41.0
2025-10-20 10:00:00;1,41;1,48;1,27;336;498;30;12.178;7.969;4.209;%39.0
2025-10-20 11:00:00;1,26;1,37;1,06;335;497;31;12.215;7.972;4.243;%35.0
2025-10-20 12:00:00;1,25;1,37;1,03;334;497;31;12.247;7.964;4.283;%35.0
2025-10-20 13:00:00;1,28;1,4;1,07;333;497;32;12.256;7.929;4.328;%35.0
2025-10-20 14:00:00;1,38;1,48;1,2;334;498;32;12.194;7.918;4.276;%35.0
2025-10-20 15:00:00;1,39;1,48;1,23;335;497;32;12.236;7.966;4.270;%37.0
2025-10-20 16:00:00;1,2;1,33;0,96;335;497;33;12.244;7.975;4.268;%33.0
2025-10-20 17:00:00;1,39;1,49;1,2;333;496;33;12.287;7.971;4.316;%37.0
2025-10-20 18:00:00;1,41;1,52;1,23;333;497;33;12.224;7.896;4.328;%35.0
2025-10-20 19:00:00;1,36;1,46;1,18;333;497;32;12.282;7.965;4.317;%37.0
2025-10-20 20:00:00;1,15;1,29;0,88;334;497;31;12.298;7.987;4.311;%33.0
2025-10-20 21:00:00;1,34;1,44;1,16;334;497;30;12.283;7.984;4.299;%37.0
2025-10-20 22:00:00;1,17;1,3;0,93;335;497;30;12.229;7.987;4.243;%33.0
2025-10-20 23:00:00;1,18;1,31;0,95;335;497;29;12.208;7.985;4.223;%33.0
2025-10-21 00:00:00;1,28;1,39;1,07;334;497;28;12.152;7.932;4.219;%36.0
2025-10-21 01:00:00;1,11;1,26;0,84;332;493;28;12.274;8.020;4.254;%31.0
2025-10-21 02:00:00;1,24;1,36;1,02;334;497;27;12.211;7.986;4.225;%35.0
2025-10-21 03:00:00;1,11;1,25;0,86;333;496;26;12.333;8.058;4.275;%32.0
2025-10-21 04:00:00;1,32;1,24;1,47;325;475;26;12.577;8.372;4.206;%32.0
2025-10-21 05:00:00;1,21;1,33;0,98;332;491;25;12.283;8.094;4.188;%36.0
2025-10-21 06:00:00;1,03;1,1;0,9;334;497;25;260.835;171.117;89.718;%52.0
2025-10-21 07:00:00;1,07;1,19;0,85;335;499;24;23.862;15.606;8.256;%63.0
2025-10-21 08:00:00;1,05;1,17;0,84;335;498;26;23.959;15.672;8.288;%63.0
2025-10-21 09:00:00;1,13;1,22;0,97;335;499;27;24.006;15.659;8.347;%68.0
2025-10-21 10:00:00;1,15;1,23;0,98;335;498;27;23.963;15.670;8.294;%68.0
2025-10-21 11:00:00;1,07;1,18;0,86;335;498;28;24.013;15.677;8.337;%63.0
2025-10-21 12:00:00;1,19;1,27;1,03;335;498;28;23.952;15.611;8.341;%68.0
2025-10-21 13:00:00;1,09;1,2;0,89;334;498;29;24.063;15.644;8.419;%63.0
2025-10-21 14:00:00;1,29;1,34;1,19;335;499;29;24.027;15.639;8.388;%73.0
2025-10-21 15:00:00;1,07;1,18;0,86;335;498;29;24.077;15.700;8.377;%62.0
2025-10-21 16:00:00;1,24;1,3;1,11;336;498;29;23.991;15.680;8.311;%70.0
2025-10-21 17:00:00;1,12;1,22;0,94;336;498;30;24.033;15.704;8.329;%65.0
2025-10-21 18:00:00;1,27;1,32;1,17;335;498;30;24.041;15.682;8.359;%72.0
2025-10-21 19:00:00;1,06;1,17;0,85;335;498;29;24.104;15.722;8.382;%63.0
2025-10-21 20:00:00;1,16;1,24;1,01;335;498;28;24.007;15.682;8.325;%67.0
2025-10-21 21:00:00;1,11;1,21;0,92;335;498;28;23.971;15.650;8.320;%60.0
2025-10-21 22:00:00;1,2;1,29;1,04;336;498;27;23.605;15.451;8.154;%53.0
2025-10-21 23:00:00;1,05;1,17;0,82;336;499;27;23.072;15.131;7.942;%36.0
2025-10-22 00:00:00;1,22;1,32;1,03;336;497;28;15.423;10.119;5.304;%36.0
2025-10-22 01:00:00;1,12;1,25;0,86;333;493;28;12.306;8.063;4.243;%32.0
2025-10-22 02:00:00;1,21;1,33;0,99;334;497;27;12.256;8.009;4.247;%34.0
2025-10-22 03:00:00;1,27;1,37;1,07;332;496;26;12.344;8.031;4.312;%36.0
2025-10-22 04:00:00;1,25;1,22;1,32;326;476;27;12.574;8.365;4.208;%31.0
2025-10-22 05:00:00;1,33;1,41;1,17;332;490;26;12.311;8.128;4.183;%39.0
2025-10-22 06:00:00;1,35;1,43;1,19;335;498;26;12.187;7.996;4.191;%39.0
2025-10-22 07:00:00;1,32;1,41;1,17;335;498;27;12.219;7.991;4.227;%38.0
2025-10-22 08:00:00;1,39;1,46;1,26;334;497;29;12.274;7.997;4.277;%39.0
2025-10-22 09:00:00;1,36;1,44;1,22;335;498;31;12.243;7.964;4.279;%38.0
2025-10-22 10:00:00;1,13;1,26;0,88;335;497;31;12.277;8.007;4.270;%33.0
2025-10-22 11:00:00;1,24;1,35;1,04;334;497;32;12.300;7.991;4.309;%36.0
2025-10-22 12:00:00;1,24;1,34;1,04;335;497;32;12.308;8.005;4.303;%34.0
2025-10-22 13:00:00;1,37;1,45;1,24;335;497;33;12.327;8.015;4.311;%38.0
2025-10-22 14:00:00;1,21;1,33;0,98;334;497;33;12.339;8.009;4.330;%34.0
2025-10-22 15:00:00;1,43;1,5;1,29;333;497;33;12.362;7.993;4.369;%39.0
2025-10-22 16:00:00;1,25;1,36;1,03;335;497;34;12.333;8.008;4.325;%35.0
2025-10-22 17:00:00;1,44;1,53;1,27;334;497;34;12.324;7.969;4.354;%37.0
2025-10-22 18:00:00;1,35;1,45;1,16;334;497;34;12.317;7.975;4.342;%37.0
2025-10-22 19:00:00;1,04;1,1;0,92;334;496;25;245.949;161.408;84.542;%59.0
2025-10-22 20:00:00;1,18;1,26;1,03;335;498;29;24.104;15.719;8.385;%69.0
2025-10-22 21:00:00;1,15;1,23;0,98;335;498;28;24.093;15.721;8.372;%68.0
2025-10-22 22:00:00;1,11;1,21;0,93;336;498;28;23.982;15.715;8.268;%66.0
2025-10-22 23:00:00;1,14;1,22;0,98;336;499;27;23.986;15.712;8.274;%68.0
2025-10-23 00:00:00;1,2;1,3;1,01;325;483;28;24.728;16.171;8.557;%65.0
2025-10-23 01:00:00;1,1;1,2;0,91;334;494;26;24.105;15.853;8.251;%65.0
2025-10-23 02:00:00;1,12;1,22;0,93;335;498;25;24.000;15.721;8.279;%67.0
2025-10-23 03:00:00;1,07;1,18;0,85;333;497;25;24.123;15.770;8.352;%63.0
2025-10-23 04:00:00;1,31;1,2;1,51;323;469;25;24.884;16.666;8.218;%66.0
2025-10-23 05:00:00;0,96;1,1;0,69;331;487;24;24.297;16.088;8.209;%59.0
2025-10-23 06:00:00;1,1;1,2;0,92;336;498;24;23.896;15.711;8.185;%67.0
2025-10-23 07:00:00;0,95;1,09;0,68;336;498;25;23.948;15.715;8.233;%58.0
2025-10-23 08:00:00;1,12;1,2;0,95;335;498;26;24.006;15.725;8.281;%68.0
2025-10-23 09:00:00;1,19;1,26;1,05;335;499;27;24.005;15.692;8.314;%69.0
2025-10-23 10:00:00;1,01;1,13;0,77;336;499;28;23.949;15.697;8.251;%58.0
2025-10-23 11:00:00;1,22;1,29;1,09;336;498;28;23.990;15.697;8.293;%57.0
2025-10-23 12:00:00;1,06;1,17;0,86;336;498;29;23.998;15.696;8.302;%39.0
2025-10-23 13:00:00;1,26;1,32;1,14;335;498;29;22.228;14.491;7.737;%39.0
2025-10-23 14:00:00;1,2;1,33;0,96;335;498;32;12.311;8.008;4.303;%34.0
2025-10-23 15:00:00;1,32;1,41;1,15;334;497;32;12.336;8.021;4.315;%37.0
2025-10-23 16:00:00;1,94;1,55;2,65;331;495;36;12.256;7.863;4.393;%36.0
2025-10-23 17:00:00;1,28;1,39;1,07;335;497;33;12.295;7.989;4.306;%35.0
2025-10-23 18:00:00;1,39;1,48;1,24;335;497;33;12.289;7.999;4.290;%38.0
2025-10-23 19:00:00;1,16;1,29;0,92;336;497;32;12.284;8.022;4.262;%34.0
2025-10-23 20:00:00;1,34;1,42;1,18;336;497;32;12.263;8.011;4.252;%38.0
2025-10-23 21:00:00;1,24;1,34;1,04;336;497;31;12.256;8.009;4.246;%35.0
2025-10-23 22:00:00;1,3;1,4;1,11;336;497;30;12.234;8.018;4.216;%36.0
2025-10-23 23:00:00;1,15;1,28;0,9;336;497;29;12.249;8.019;4.230;%34.0
2025-10-24 00:00:00;1,23;1,34;1,03;335;497;29;12.256;8.032;4.224;%36.0
2025-10-24 01:00:00;1,12;1,26;0,86;333;493;28;12.318;8.082;4.235;%33.0
2025-10-24 02:00:00;1,13;1,26;0,88;335;497;27;12.242;8.024;4.218;%33.0
2025-10-24 03:00:00;1,28;1,38;1,09;333;496;27;12.316;8.036;4.281;%37.0
2025-10-24 04:00:00;1,19;1,2;1,16;332;489;27;12.314;8.132;4.182;%30.0
2025-10-24 05:00:00;1,18;1,29;0,95;329;485;26;12.439;8.220;4.219;%35.0
2025-10-24 06:00:00;1,05;1,2;0,76;335;498;26;12.208;8.007;4.201;%31.0
2025-10-24 07:00:00;1,12;1,24;0,88;335;498;26;12.231;8.012;4.219;%33.0
2025-10-24 08:00:00;1,05;1,1;0,97;334;496;25;238.317;156.388;81.929;%51.0
2025-10-24 09:00:00;1,03;1,15;0,81;335;499;27;24.028;15.699;8.329;%63.0
2025-10-24 10:00:00;1,13;1,21;0,97;336;499;28;23.988;15.707;8.281;%69.0
2025-10-24 11:00:00;1,07;1,17;0,88;336;499;28;24.032;15.712;8.320;%65.0
2025-10-24 12:00:00;1,13;1,22;0,96;335;498;29;24.028;15.703;8.326;%67.0
2025-10-24 13:00:00;1,12;1,21;0,94;335;498;29;24.044;15.691;8.353;%66.0
2025-10-24 14:00:00;1,21;1,27;1,08;335;498;29;24.075;15.709;8.367;%71.0
2025-10-24 15:00:00;1,19;1,27;1,05;335;498;29;24.080;15.695;8.385;%69.0
2025-10-24 16:00:00;1,1;1,2;0,92;336;498;30;24.058;15.716;8.342;%65.0
2025-10-24 17:00:00;1,18;1,26;1,02;335;498;30;24.082;15.682;8.400;%68.0
2025-10-24 18:00:00;1,28;1,34;1,17;335;498;30;24.055;15.665;8.390;%71.0
2025-10-24 19:00:00;1,22;1,29;1,09;335;498;29;24.075;15.711;8.364;%70.0
2025-10-24 20:00:00;1,06;1,17;0,85;336;498;29;24.034;15.709;8.325;%62.0
2025-10-24 21:00:00;1,15;1,23;1;336;498;28;24.015;15.705;8.310;%67.0
2025-10-24 22:00:00;1,07;1,17;0,86;337;498;28;23.942;15.708;8.234;%64.0
2025-10-24 23:00:00;1,15;1,23;0,99;336;498;27;23.941;15.710;8.230;%68.0
2025-10-25 00:00:00;1,11;1,2;0,92;336;498;27;23.947;15.720;8.227;%59.0
2025-10-25 01:00:00;1,1;1,2;0,92;333;494;26;24.090;15.822;8.268;%44.0
2025-10-25 02:00:00;1,11;1,21;0,91;335;498;26;20.368;13.349;7.019;%36.0
2025-10-25 03:00:00;1,07;1,22;0,8;332;496;26;12.358;8.058;4.300;%32.0
2025-10-25 04:00:00;1,34;1,3;1,42;332;490;27;12.344;8.120;4.224;%34.0
2025-10-25 05:00:00;1,19;1,3;0,96;329;484;26;12.454;8.242;4.212;%36.0
2025-10-25 06:00:00;1;1,17;0,68;335;497;26;12.206;8.014;4.192;%29.0
2025-10-25 07:00:00;1,26;1,36;1,05;335;498;26;12.243;8.010;4.233;%37.0
2025-10-25 08:00:00;1,04;1,2;0,73;335;497;27;12.228;8.010;4.218;%30.0
2025-10-25 09:00:00;1,2;1,31;0,98;332;497;28;12.351;8.002;4.349;%34.0
2025-10-25 10:00:00;1,32;1,42;1,12;336;497;29;12.179;7.975;4.203;%37.0
2025-10-25 11:00:00;1,1;1,25;0,82;332;497;29;12.353;7.986;4.366;%32.0
2025-10-25 12:00:00;1,37;1,46;1,22;332;497;30;12.378;7.992;4.386;%38.0
2025-10-25 13:00:00;1,15;1,28;0,9;332;497;31;12.393;8.001;4.391;%33.0
2025-10-25 14:00:00;1,44;1,52;1,29;331;497;31;12.403;7.974;4.429;%38.0
2025-10-25 15:00:00;1,02;1,09;0,88;332;495;24;158.531;103.642;54.889;%34.0
2025-10-25 16:00:00;1,37;1,47;1,19;332;497;32;12.285;7.941;4.344;%37.0
2025-10-25 17:00:00;1,22;1,34;1;333;497;32;12.327;7.989;4.338;%34.0
2025-10-25 18:00:00;1,45;1,53;1,29;334;497;32;12.302;7.973;4.329;%38.0
2025-10-25 19:00:00;1,21;1,34;0,97;333;497;32;12.318;7.990;4.328;%34.0
2025-10-25 20:00:00;1,34;1,44;1,17;333;497;31;12.283;7.961;4.322;%37.0
2025-10-25 21:00:00;1,04;1,12;0,89;333;499;26;95.201;61.791;33.410;%42.0
2025-10-25 22:00:00;1,15;1,25;0,97;334;498;27;24.056;15.657;8.399;%67.0
2025-10-25 23:00:00;1,11;1,21;0,91;334;498;27;24.066;15.664;8.402;%65.0
2025-10-26 00:00:00;1,12;1,22;0,92;333;498;26;24.038;15.623;8.414;%64.0
2025-10-26 01:00:00;1,21;1,3;1,05;331;494;26;24.165;15.753;8.412;%69.0
2025-10-26 02:00:00;1,07;1,19;0,85;336;498;25;23.912;15.684;8.228;%63.0
2025-10-26 03:00:00;1,09;1,2;0,88;334;497;25;24.014;15.714;8.301;%64.0
2025-10-26 04:00:00;1,32;1,25;1,48;326;476;25;24.583;16.388;8.195;%68.0
2025-10-26 05:00:00;1,1;1,2;0,91;329;484;24;24.368;16.173;8.195;%68.0
2025-10-26 06:00:00;1,09;1,19;0,89;336;498;24;23.908;15.739;8.170;%67.0
2025-10-26 07:00:00;1,14;1,23;0,96;335;498;24;23.895;15.672;8.223;%69.0
2025-10-26 08:00:00;1,17;1,25;1,02;335;498;25;23.905;15.656;8.248;%70.0
2025-10-26 09:00:00;1,22;1,28;1,09;335;498;25;23.899;15.638;8.261;%71.0
2025-10-26 10:00:00;1,24;1,31;1,12;335;498;26;23.867;15.631;8.236;%71.0
2025-10-26 11:00:00;1,21;1,27;1,08;336;499;27;23.921;15.673;8.248;%70.0
2025-10-26 12:00:00;1,24;1,3;1,14;336;498;27;23.963;15.682;8.281;%72.0
2025-10-26 13:00:00;1,03;1,15;0,8;335;498;28;24.039;15.705;8.335;%56.0
2025-10-26 14:00:00;1,16;1,25;0,99;335;498;28;23.854;15.558;8.296;%51.0
2025-10-26 15:00:00;1,18;1,26;1,03;334;498;28;23.576;15.349;8.228;%37.0
2025-10-26 16:00:00;1,34;1,39;1,24;335;498;30;17.092;11.138;5.955;%36.0
2025-10-26 17:00:00;1,2;1,33;0,96;335;497;32;12.253;7.986;4.268;%34.0
2025-10-26 18:00:00;1,29;1,39;1,1;334;497;32;12.269;7.982;4.288;%36.0
2025-10-26 19:00:00;1,2;1,32;0,97;334;496;31;12.323;8.015;4.308;%34.0
2025-10-26 20:00:00;1,24;1,35;1,03;334;497;31;12.302;8.003;4.299;%34.0
2025-10-26 21:00:00;1,34;1,43;1,16;335;498;31;12.266;7.983;4.283;%37.0
2025-10-26 22:00:00;1,09;1,24;0,81;336;497;30;12.237;8.011;4.226;%32.0
2025-10-26 23:00:00;1,24;1,35;1,03;335;497;29;12.241;8.008;4.233;%36.0
2025-10-27 00:00:00;1,13;1,25;0,89;336;497;29;12.223;8.020;4.203;%33.0
2025-10-27 01:00:00;1,17;1,3;0,92;333;493;28;12.284;8.068;4.216;%33.0
2025-10-27 02:00:00;1,17;1,3;0,94;336;497;27;12.215;8.023;4.191;%35.0
2025-10-27 03:00:00;1,03;1,19;0,72;333;496;26;12.345;8.059;4.286;%30.0
2025-10-27 04:00:00;1,42;1,33;1,58;330;486;26;12.383;8.173;4.210;%36.0
2025-10-27 05:00:00;1,05;1,19;0,79;331;488;25;12.359;8.172;4.187;%31.0
2025-10-27 06:00:00;1,05;1,2;0,78;336;498;26;12.187;8.010;4.177;%31.0
2025-10-27 07:00:00;1,13;1,27;0,88;334;497;26;12.241;8.010;4.231;%33.0
2025-10-27 08:00:00;1,13;1,26;0,89;335;497;28;12.247;8.019;4.228;%34.0
2025-10-27 09:00:00;1,2;1,32;0,98;336;497;30;12.225;8.011;4.214;%34.0
2025-10-27 10:00:00;1,18;1,3;0,94;337;497;30;12.210;8.011;4.199;%34.0
2025-10-27 11:00:00;1,02;1,09;0,89;333;493;25;244.513;161.219;83.294;%62.0
2025-10-27 12:00:00;1,15;1,24;1;335;498;28;24.058;15.714;8.344;%68.0
2025-10-27 13:00:00;1,05;1,16;0,83;335;498;29;24.104;15.728;8.375;%63.0
2025-10-27 14:00:00;1,19;1,25;1,06;335;498;29;24.047;15.699;8.348;%70.0
2025-10-27 15:00:00;1,07;1,18;0,88;335;498;29;24.064;15.696;8.368;%64.0
2025-10-27 16:00:00;1,26;1,31;1,15;336;498;30;23.980;15.704;8.276;%73.0
2025-10-27 17:00:00;1,07;1,18;0,87;336;498;30;24.041;15.711;8.329;%64.0
2025-10-27 18:00:00;1,19;1,26;1,05;335;498;30;24.050;15.695;8.355;%68.0
2025-10-27 19:00:00;1,13;1,22;0,97;335;498;29;24.071;15.709;8.362;%67.0
2025-10-27 20:00:00;1,16;1,24;1,02;335;498;28;24.062;15.700;8.362;%70.0
2025-10-27 21:00:00;1,06;1,17;0,86;335;498;28;24.091;15.708;8.383;%64.0
2025-10-27 22:00:00;1,08;1,19;0,89;336;499;27;23.960;15.695;8.265;%65.0
2025-10-27 23:00:00;1,07;1,18;0,88;335;497;27;24.018;15.746;8.272;%65.0
2025-10-28 00:00:00;1,18;1,26;1,04;335;498;27;24.019;15.730;8.289;%71.0
2025-10-28 01:00:00;1,02;1,14;0,79;334;494;26;24.068;15.854;8.214;%60.0
2025-10-28 02:00:00;1,13;1,22;0,95;336;498;25;23.902;15.715;8.187;%67.0
2025-10-28 03:00:00;0,98;1,11;0,72;334;497;25;24.099;15.791;8.307;%51.0
2025-10-28 04:00:00;1,31;1,2;1,53;325;475;25;24.306;16.233;8.073;%44.0
2025-10-28 05:00:00;1,13;1,23;0,94;328;482;24;19.866;13.202;6.665;%39.0
2025-10-28 06:00:00;1,03;1,16;0,79;336;498;25;18.402;12.110;6.293;%31.0
2025-10-28 07:00:00;1,19;1,31;0,97;335;498;26;12.223;8.011;4.212;%35.0
2025-10-28 08:00:00;1,36;1,43;1,23;335;497;28;12.240;8.011;4.229;%39.0
2025-10-28 09:00:00;1,38;1,45;1,25;335;497;29;12.232;7.997;4.235;%39.0
2025-10-28 10:00:00;1,39;1,46;1,26;337;498;30;12.193;7.993;4.200;%39.0
2025-10-28 11:00:00;1,46;1,52;1,34;335;497;31;12.260;8.004;4.256;%39.0
2025-10-28 12:00:00;1,22;1,33;1;335;498;31;12.289;8.006;4.283;%35.0
2025-10-28 13:00:00;1,3;1,4;1,1;334;497;32;12.343;8.018;4.326;%36.0
2025-10-28 14:00:00;1,24;1,36;1,04;335;497;33;12.308;8.005;4.303;%35.0
2025-10-28 15:00:00;1,33;1,42;1,17;334;497;32;12.296;7.992;4.304;%36.0
2025-10-28 16:00:00;1,28;1,37;1,1;335;497;32;12.288;8.013;4.275;%37.0
2025-10-28 17:00:00;1,19;1,3;0,96;336;497;32;12.287;8.016;4.271;%34.0
2025-10-28 18:00:00;1,21;1,33;0,99;335;497;32;12.292;8.017;4.276;%35.0
2025-10-28 19:00:00;1,26;1,36;1,08;334;496;31;12.323;8.024;4.299;%35.0
2025-10-28 20:00:00;1,24;1,34;1,05;335;497;31;12.317;8.023;4.294;%36.0
2025-10-28 21:00:00;1,08;1,23;0,81;334;497;30;12.342;8.023;4.319;%32.0
2025-10-28 22:00:00;1,21;1,32;1;335;498;29;12.287;8.015;4.272;%36.0
2025-10-28 23:00:00;1,1;1,24;0,84;335;497;29;12.286;8.023;4.263;%32.0
2025-10-29 00:00:00;1,04;1,11;0,91;336;499;25;234.292;153.392;80.899;%44.0
2025-10-29 01:00:00;1,19;1,26;1,04;333;494;26;24.145;15.844;8.300;%69.0
2025-10-29 02:00:00;0,97;1,11;0,7;335;499;25;23.977;15.718;8.259;%58.0
2025-10-29 03:00:00;1,09;1,19;0,91;334;497;25;24.081;15.767;8.313;%67.0
2025-10-29 04:00:00;1,16;1,12;1,23;325;473;25;24.735;16.538;8.197;%60.0
2025-10-29 05:00:00;1,04;1,15;0,83;331;487;24;24.285;16.093;8.192;%66.0
2025-10-29 06:00:00;1,05;1,16;0,83;336;499;24;23.867;15.713;8.154;%64.0
2025-10-29 07:00:00;1,02;1,14;0,8;336;499;24;23.939;15.712;8.227;%63.0
2025-10-29 08:00:00;1,01;1,13;0,77;335;498;25;24.003;15.729;8.274;%61.0
2025-10-29 09:00:00;1,07;1,17;0,88;335;498;26;24.013;15.712;8.301;%66.0
2025-10-29 10:00:00;1,04;1,15;0,82;336;498;27;23.987;15.716;8.272;%64.0
2025-10-29 11:00:00;1,14;1,22;0,99;335;498;27;24.002;15.692;8.310;%68.0
2025-10-29 12:00:00;1,11;1,2;0,93;335;498;28;24.051;15.707;8.344;%66.0
2025-10-29 13:00:00;1,1;1,19;0,92;335;498;28;24.083;15.711;8.372;%65.0
2025-10-29 14:00:00;1,08;1,19;0,89;335;498;28;24.115;15.718;8.398;%65.0
2025-10-29 15:00:00;1,21;1,27;1,08;334;498;29;24.115;15.702;8.413;%71.0
2025-10-29 16:00:00;1,08;1,18;0,88;335;498;29;24.072;15.713;8.359;%61.0
2025-10-29 17:00:00;1,17;1,24;1,02;335;498;29;24.082;15.705;8.378;%53.0
2025-10-29 18:00:00;1,08;1,18;0,87;335;498;29;23.946;15.627;8.319;%38.0
2025-10-29 19:00:00;1,32;1,38;1,21;335;497;29;19.352;12.629;6.723;%39.0
2025-10-29 20:00:00;1,12;1,26;0,86;335;497;31;12.309;8.026;4.283;%33.0
2025-10-29 21:00:00;1,33;1,41;1,18;335;497;31;12.285;8.012;4.273;%38.0
2025-10-29 22:00:00;1,1;1,24;0,84;336;497;30;12.232;8.021;4.210;%32.0
2025-10-29 23:00:00;1,34;1,42;1,18;335;497;29;12.254;8.013;4.240;%38.0
2025-10-30 00:00:00;1,06;1,21;0,77;335;497;29;12.261;8.034;4.227;%31.0
2025-10-30 01:00:00;1,32;1,41;1,15;334;493;28;12.275;8.077;4.197;%37.0
2025-10-30 02:00:00;1,05;1,2;0,76;338;498;27;12.150;8.021;4.129;%31.0
2025-10-30 03:00:00;1,16;1,28;0,93;334;496;26;12.285;8.051;4.234;%33.0
2025-10-30 04:00:00;1,56;1,47;1,73;328;482;26;12.403;8.219;4.184;%38.0
2025-10-30 05:00:00;1,03;1,19;0,72;333;491;25;12.300;8.124;4.176;%30.0
2025-10-30 06:00:00;1,24;1,35;1,03;336;498;26;12.192;8.014;4.179;%36.0
2025-10-30 07:00:00;1,06;1,22;0,77;334;498;26;12.269;8.008;4.262;%31.0
2025-10-30 08:00:00;1,26;1,36;1,06;333;497;28;12.305;8.012;4.293;%36.0
2025-10-30 09:00:00;1,18;1,31;0,96;335;497;29;12.262;8.004;4.258;%34.0
2025-10-30 10:00:00;1,19;1,3;0,98;336;497;30;12.235;8.007;4.229;%34.0
2025-10-30 11:00:00;1,33;1,41;1,18;335;497;31;12.262;8.009;4.254;%38.0
2025-10-30 12:00:00;1,15;1,28;0,91;336;497;31;12.272;8.018;4.253;%34.0
2025-10-30 13:00:00;1,28;1,37;1,11;335;497;32;12.308;8.017;4.291;%37.0
2025-10-30 14:00:00;1;1,08;0,87;334;496;25;241.320;158.416;82.905;%66.0
2025-10-30 15:00:00;1,15;1,23;0,98;335;498;29;24.064;15.668;8.395;%67.0
2025-10-30 16:00:00;1,19;1,27;1,05;336;498;29;24.040;15.703;8.337;%68.0
2025-10-30 17:00:00;1,1;1,2;0,91;336;499;30;24.044;15.699;8.345;%65.0
2025-10-30 18:00:00;1,3;1,34;1,2;335;498;29;24.048;15.691;8.358;%73.0
2025-10-30 19:00:00;1,07;1,17;0,87;335;498;29;24.090;15.721;8.370;%64.0
2025-10-30 20:00:00;1,17;1,24;1,02;335;498;28;24.076;15.715;8.361;%69.0
2025-10-30 21:00:00;1,1;1,19;0,92;335;498;28;24.065;15.706;8.359;%66.0
2025-10-30 22:00:00;1,11;1,2;0,94;336;499;27;23.968;15.710;8.257;%67.0
2025-10-30 23:00:00;1,11;1,2;0,93;336;498;27;23.983;15.720;8.264;%68.0
2025-10-31 00:00:00;1;1,12;0,75;336;498;26;23.990;15.747;8.243;%61.0
2025-10-31 01:00:00;1,1;1,18;0,93;326;478;26;24.656;16.382;8.275;%68.0
2025-10-31 02:00:00;1,1;1,19;0,91;334;495;25;24.106;15.852;8.254;%67.0
2025-10-31 03:00:00;1,02;1,14;0,79;334;497;25;24.101;15.770;8.331;%61.0
2025-10-31 04:00:00;1,34;1,24;1,55;325;474;25;24.710;16.521;8.189;%69.0
2025-10-31 05:00:00;0,96;1,1;0,7;331;487;24;24.263;16.109;8.153;%58.0
2025-10-31 06:00:00;1,08;1,19;0,88;337;498;24;23.750;15.644;8.106;%59.0
2025-10-31 07:00:00;1;1,13;0,76;335;498;25;24.056;15.770;8.286;%43.0
2025-10-31 08:00:00;1,12;1,21;0,95;335;498;26;23.294;15.236;8.058;%37.0
2025-10-31 09:00:00;1,09;1,19;0,91;335;498;27;24.517;16.015;8.502;%35.0
2025-10-31 10:00:00;1,07;1,18;0,86;336;498;28;21.526;14.107;7.419;%34.0
2025-10-31 11:00:00;1,25;1,35;1,06;336;497;31;12.255;8.019;4.236;%36.0
2025-10-31 12:00:00;1,16;1,29;0,92;336;497;31;12.270;8.012;4.257;%34.0
2025-10-31 13:00:00;1,32;1,4;1,16;335;497;32;12.291;8.009;4.282;%36.0
2025-10-31 14:00:00;1,32;1,41;1,15;334;497;32;12.304;8.000;4.304;%37.0
2025-10-31 15:00:00;1,24;1,35;1,02;335;497;32;12.309;8.005;4.304;%35.0
2025-10-31 16:00:00;1,27;1,38;1,06;336;497;33;12.269;8.004;4.265;%36.0
2025-10-31 17:00:00;1,36;1,44;1,2;336;497;33;12.272;7.999;4.274;%36.0
2025-10-31 18:00:00;1,34;1,44;1,15;335;497;33;12.233;7.975;4.259;%36.0
2025-10-31 19:00:00;1,33;1,43;1,15;335;496;33;12.237;7.988;4.249;%37.0
2025-10-31 20:00:00;1,18;1,31;0,94;336;497;32;12.236;7.999;4.237;%34.0
2025-10-31 21:00:00;1,38;1,46;1,22;335;497;32;12.242;7.969;4.273;%37.0
2025-10-31 22:00:00;1,19;1,32;0,95;336;497;31;12.233;8.003;4.230;%34.0
2025-10-31 23:00:00;1,27;1,37;1,08;336;497;30;12.240;8.011;4.229;%36.0
2025-11-01 00:00:00;1,12;1,26;0,86;335;497;29;12.260;8.030;4.229;%33.0
2025-11-01 01:00:00;1,2;1,32;0,98;333;493;29;12.311;8.078;4.233;%34.0
2025-11-01 02:00:00;1,33;1,42;1,16;336;497;27;12.216;8.018;4.197;%37.0
2025-11-01 03:00:00;1,1;1,25;0,82;333;496;27;12.297;8.043;4.254;%31.0
2025-11-01 04:00:00;1,04;1,1;0,94;335;496;25;227.277;149.265;78.012;%57.0
2025-11-01 05:00:00;1,12;1,21;0,94;332;488;24;24.233;16.058;8.175;%69.0
2025-11-01 06:00:00;1,1;1,19;0,91;336;498;24;23.890;15.709;8.181;%67.0
2025-11-01 07:00:00;1,07;1,18;0,87;335;499;25;23.956;15.704;8.252;%66.0
2025-11-01 08:00:00;1,1;1,19;0,92;335;498;26;23.984;15.714;8.270;%68.0
2025-11-01 09:00:00;1,1;1,2;0,93;335;498;26;23.997;15.706;8.292;%68.0
2025-11-01 10:00:00;1,19;1,26;1,06;336;498;27;23.946;15.700;8.246;%71.0
2025-11-01 11:00:00;1,24;1,3;1,12;336;498;28;23.939;15.689;8.250;%71.0
2025-11-01 12:00:00;1,25;1,31;1,14;336;499;28;23.981;15.684;8.297;%71.0
2025-11-01 13:00:00;1,27;1,32;1,19;335;498;29;24.042;15.677;8.366;%72.0
2025-11-01 14:00:00;1,29;1,34;1,21;335;498;29;24.029;15.675;8.354;%72.0
2025-11-01 15:00:00;1,31;1,35;1,23;335;498;29;24.034;15.652;8.381;%72.0
2025-11-01 16:00:00;1,32;1,36;1,25;336;498;29;23.953;15.645;8.308;%73.0
2025-11-01 17:00:00;1,23;1,3;1,09;335;498;30;23.985;15.661;8.324;%69.0
2025-11-01 18:00:00;1,15;1,23;0,99;335;498;29;24.031;15.687;8.344;%67.0
2025-11-01 19:00:00;1,13;1,22;0,96;335;498;29;24.059;15.711;8.348;%65.0
2025-11-01 20:00:00;1,25;1,32;1,12;335;498;29;23.875;15.582;8.293;%60.0
2025-11-01 21:00:00;1,18;1,26;1,03;336;498;29;23.905;15.629;8.276;%46.0
2025-11-01 22:00:00;1,03;1,16;0,8;337;498;28;22.662;14.865;7.797;%34.0
2025-11-01 23:00:00;1,22;1,32;1,02;336;498;29;13.896;9.095;4.801;%36.0
2025-11-02 00:00:00;1,16;1,28;0,93;335;496;29;12.275;8.033;4.242;%33.0
2025-11-02 01:00:00;1,23;1,34;1,02;334;493;29;12.301;8.078;4.223;%34.0
2025-11-02 02:00:00;1,2;1,31;0,98;337;497;28;12.200;8.026;4.174;%35.0
2025-11-02 03:00:00;1,07;1,22;0,79;335;495;27;12.273;8.060;4.213;%31.0
2025-11-02 04:00:00;1,38;1,34;1,47;328;481;27;12.468;8.287;4.181;%36.0
2025-11-02 05:00:00;1,03;1,18;0,72;334;493;26;12.265;8.086;4.179;%30.0
2025-11-02 06:00:00;1,1;1,23;0,85;335;496;26;12.227;8.033;4.194;%33.0
2025-11-02 07:00:00;1,2;1,32;0,97;334;498;26;12.245;8.004;4.241;%35.0
2025-11-02 08:00:00;1,09;1,23;0,81;335;497;27;12.240;8.014;4.226;%32.0
2025-11-02 09:00:00;1,18;1,3;0,96;336;497;27;12.218;8.008;4.210;%35.0
2025-11-02 10:00:00;1,11;1,25;0,86;336;497;28;12.197;8.011;4.186;%33.0
2025-11-02 11:00:00;1,13;1,26;0,9;335;497;29;12.245;8.012;4.233;%33.0
2025-11-02 12:00:00;1,29;1,38;1,12;335;497;30;12.261;8.012;4.249;%37.0
2025-11-02 13:00:00;1,15;1,28;0,91;335;497;31;12.298;8.024;4.274;%34.0
2025-11-02 14:00:00;1,33;1,42;1,16;335;497;31;12.275;8.000;4.275;%37.0
2025-11-02 15:00:00;1,16;1,29;0,91;335;497;31;12.295;8.004;4.292;%33.0
2025-11-02 16:00:00;1,41;1,48;1,28;336;497;32;12.253;8.005;4.248;%38.0
2025-11-02 17:00:00;1,16;1,29;0,91;336;497;32;12.269;8.016;4.253;%33.0
2025-11-02 18:00:00;1,01;1,08;0,87;335;496;25;247.664;162.824;84.840;%45.0
2025-11-02 19:00:00;1,1;1,2;0,91;335;498;29;24.045;15.716;8.329;%65.0
2025-11-02 20:00:00;1,2;1,27;1,08;335;498;28;24.024;15.693;8.331;%71.0
2025-11-02 21:00:00;1,04;1,15;0,82;335;498;28;24.072;15.705;8.367;%62.0
2025-11-02 22:00:00;1,17;1,25;1,01;336;498;28;23.943;15.686;8.257;%68.0
2025-11-02 23:00:00;1,07;1,18;0,85;336;499;27;23.981;15.708;8.273;%63.0
2025-11-03 00:00:00;1,23;1,3;1,08;335;498;26;23.915;15.643;8.272;%70.0
2025-11-03 01:00:00;1,03;1,15;0,79;333;494;26;24.120;15.835;8.286;%59.0
2025-11-03 02:00:00;1,17;1,26;1,01;336;499;25;23.947;15.709;8.238;%69.0
2025-11-03 03:00:00;0,98;1,12;0,71;334;497;25;24.093;15.770;8.323;%59.0
2025-11-03 04:00:00;1,36;1,27;1,55;325;472;25;24.731;16.562;8.170;%72.0
2025-11-03 05:00:00;0,98;1,11;0,72;331;488;24;24.258;16.067;8.191;%60.0
2025-11-03 06:00:00;1,08;1,19;0,88;336;498;24;23.897;15.714;8.183;%65.0
2025-11-03 07:00:00;1,01;1,14;0,77;335;498;25;23.960;15.723;8.236;%61.0
2025-11-03 08:00:00;1,13;1,22;0,96;335;498;26;24.024;15.724;8.301;%68.0
2025-11-03 09:00:00;1,06;1,17;0,86;335;498;27;24.031;15.707;8.324;%62.0
2025-11-03 10:00:00;1,13;1,22;0,97;337;499;28;23.751;15.585;8.166;%55.0
2025-11-03 11:00:00;1,04;1,15;0,83;336;498;28;24.007;15.713;8.295;%40.0
2025-11-03 12:00:00;;;;;;;;;;