Pursaklar ANKTOCDELLAPP01;Latency;Read Latency;Write Latency;Avg. Size;Read Size;Write Size;Total IOPS;Read IOPS;Write IOPS;CPU Utilization
2025-10-04 10:12:23;;;;;;;;;;
2025-10-04 11:00:00;1,3;1,29;1,32;367;476;34;27.185;20.464;6.721;%73.0
2025-10-04 12:00:00;1,19;1,21;1,14;365;476;34;27.019;20.266;6.753;%69.0
2025-10-04 13:00:00;1,39;1,38;1,43;365;476;35;26.807;20.058;6.749;%74.0
2025-10-04 14:00:00;1,26;1,27;1,25;365;476;35;27.036;20.256;6.780;%70.0
2025-10-04 15:00:00;1,38;1,37;1,43;365;476;35;26.976;20.164;6.813;%74.0
2025-10-04 16:00:00;1,34;1,33;1,38;366;476;35;27.073;20.300;6.773;%73.0
2025-10-04 17:00:00;1,29;1,28;1,29;367;476;35;27.334;20.542;6.792;%72.0
2025-10-04 18:00:00;1,28;1,28;1,31;368;477;35;27.416;20.646;6.771;%73.0
2025-10-04 19:00:00;1,32;1,31;1,37;368;477;35;27.400;20.661;6.739;%74.0
2025-10-04 20:00:00;1,32;1,3;1,35;368;477;35;27.401;20.655;6.746;%74.0
2025-10-04 21:00:00;1,3;1,29;1,32;367;477;34;27.402;20.593;6.808;%73.0
2025-10-04 22:00:00;1,39;1,37;1,44;366;476;34;27.075;20.327;6.749;%75.0
2025-10-04 23:00:00;1,17;1,18;1,11;366;476;33;27.244;20.492;6.752;%68.0
2025-10-05 00:00:00;1,38;1,37;1,42;365;475;33;26.916;20.232;6.684;%75.0
2025-10-05 01:00:00;1,21;1,22;1,17;365;474;32;26.971;20.304;6.667;%68.0
2025-10-05 02:00:00;1,24;1,25;1,2;365;476;31;26.631;19.975;6.656;%69.0
2025-10-05 03:00:00;1,32;1,32;1,3;365;475;31;26.754;20.080;6.674;%72.0
2025-10-05 04:00:00;1,18;1,18;1,19;362;466;31;27.575;20.968;6.607;%68.0
2025-10-05 05:00:00;1,26;1,27;1,25;363;468;30;27.650;21.026;6.624;%72.0
2025-10-05 06:00:00;1,19;1,21;1,13;369;477;30;27.459;20.836;6.623;%70.0
2025-10-05 07:00:00;1,25;1,25;1,27;369;477;30;27.389;20.775;6.614;%73.0
2025-10-05 08:00:00;1,18;1,2;1,12;369;476;31;27.470;20.844;6.626;%69.0
2025-10-05 09:00:00;1,32;1,32;1,32;367;476;32;27.177;20.514;6.663;%73.0
2025-10-05 10:00:00;1,21;1,22;1,17;368;476;32;27.206;20.582;6.625;%69.0
2025-10-05 11:00:00;1,31;1,3;1,32;367;476;33;27.023;20.351;6.672;%73.0
2025-10-05 12:00:00;1,33;1,32;1,34;366;476;33;27.020;20.290;6.730;%73.0
2025-10-05 13:00:00;1,26;1,26;1,24;366;476;34;27.058;20.296;6.761;%71.0
2025-10-05 14:00:00;1,28;1,28;1,28;365;476;34;27.026;20.255;6.771;%72.0
2025-10-05 15:00:00;1,38;1,35;1,46;366;476;35;27.051;20.274;6.777;%75.0
2025-10-05 16:00:00;1,31;1,3;1,34;367;476;35;27.314;20.571;6.742;%74.0
2025-10-05 17:00:00;1,24;1,24;1,24;368;476;35;27.465;20.722;6.744;%72.0
2025-10-05 18:00:00;1,34;1,33;1,36;366;476;35;27.186;20.440;6.746;%74.0
2025-10-05 19:00:00;1,33;1,32;1,36;366;476;35;27.220;20.451;6.769;%73.0
2025-10-05 20:00:00;1,33;1,32;1,36;366;476;35;27.035;20.307;6.729;%72.0
2025-10-05 21:00:00;1,4;1,39;1,45;364;475;34;26.961;20.192;6.769;%75.0
2025-10-05 22:00:00;1,18;1,2;1,12;367;476;34;27.245;20.546;6.698;%68.0
2025-10-05 23:00:00;1,34;1,33;1,35;365;475;33;27.117;20.383;6.734;%74.0
2025-10-06 00:00:00;1,22;1,23;1,2;367;475;32;27.238;20.555;6.682;%70.0
2025-10-06 01:00:00;1,22;1,23;1,18;366;474;32;27.275;20.571;6.704;%70.0
2025-10-06 02:00:00;1,29;1,29;1,28;367;477;31;27.160;20.484;6.676;%73.0
2025-10-06 03:00:00;1,13;1,16;1,04;367;476;30;27.498;20.784;6.715;%67.0
2025-10-06 04:00:00;1,27;1,24;1,37;364;469;30;27.657;21.043;6.615;%72.0
2025-10-06 05:00:00;1,21;1,22;1,18;363;467;30;27.677;21.103;6.574;%70.0
2025-10-06 06:00:00;1,25;1,26;1,24;370;477;30;27.202;20.637;6.565;%72.0
2025-10-06 07:00:00;1,12;1,15;1,03;369;477;31;27.420;20.753;6.667;%67.0
2025-10-06 08:00:00;1,34;1,33;1,35;365;476;32;26.945;20.243;6.702;%74.0
2025-10-06 09:00:00;1,25;1,26;1,24;366;476;34;27.089;20.353;6.736;%70.0
2025-10-06 10:00:00;1,29;1,29;1,3;366;476;34;26.950;20.274;6.676;%72.0
2025-10-06 11:00:00;1,35;1,34;1,37;365;475;34;26.802;20.083;6.719;%73.0
2025-10-06 12:00:00;1,23;1,25;1,19;364;475;35;26.745;19.983;6.762;%69.0
2025-10-06 13:00:00;1,34;1,33;1,36;363;475;35;26.683;19.890;6.793;%73.0
2025-10-06 14:00:00;1,32;1,32;1,32;365;476;35;26.953;20.157;6.797;%72.0
2025-10-06 15:00:00;1,38;1,36;1,44;365;476;35;27.224;20.373;6.851;%75.0
2025-10-06 16:00:00;1,31;1,3;1,35;367;476;36;27.228;20.501;6.727;%74.0
2025-10-06 17:00:00;1,45;1,42;1,54;366;476;36;27.078;20.323;6.756;%76.0
2025-10-06 18:00:00;1,28;1,28;1,28;366;476;36;27.114;20.311;6.803;%71.0
2025-10-06 19:00:00;1,39;1,38;1,43;364;475;35;26.752;19.957;6.795;%73.0
2025-10-06 20:00:00;1,32;1,33;1,31;363;475;34;26.537;19.766;6.770;%71.0
2025-10-06 21:00:00;1,34;1,34;1,33;361;475;33;26.284;19.493;6.791;%70.0
2025-10-06 22:00:00;1,33;1,33;1,32;362;475;33;26.181;19.491;6.690;%71.0
2025-10-06 23:00:00;1,31;1,32;1,27;362;475;32;26.243;19.574;6.668;%70.0
2025-10-07 00:00:00;1,24;1,26;1,2;365;476;32;26.698;20.045;6.654;%69.0
2025-10-07 01:00:00;1,28;1,29;1,26;365;474;31;26.981;20.322;6.659;%71.0
2025-10-07 02:00:00;1,21;1,22;1,15;366;476;30;27.100;20.431;6.669;%69.0
2025-10-07 03:00:00;1,32;1,31;1,34;364;475;30;26.956;20.239;6.717;%73.0
2025-10-07 04:00:00;1,17;1,17;1,18;356;470;29;27.811;20.650;7.161;%67.0
2025-10-07 05:00:00;1,28;1,3;1,24;354;467;28;27.675;20.550;7.125;%73.0
2025-10-07 06:00:00;1,2;1,23;1,13;361;476;28;27.464;20.402;7.062;%69.0
2025-10-07 07:00:00;1,25;1,25;1,24;367;477;31;27.175;20.504;6.672;%71.0
2025-10-07 08:00:00;1,22;1,23;1,19;366;476;32;27.031;20.335;6.695;%70.0
2025-10-07 09:00:00;1,24;1,25;1,21;365;476;34;26.791;20.073;6.718;%70.0
2025-10-07 10:00:00;1,34;1,33;1,37;363;472;34;26.977;20.268;6.710;%73.0
2025-10-07 11:00:00;1,31;1,3;1,34;366;476;34;27.170;20.418;6.752;%73.0
2025-10-07 12:00:00;1,24;1,24;1,23;367;476;35;27.444;20.663;6.781;%71.0
2025-10-07 13:00:00;1,37;1,36;1,41;365;475;35;27.050;20.283;6.767;%74.0
2025-10-07 14:00:00;1,25;1,26;1,21;365;476;35;27.083;20.273;6.809;%70.0
2025-10-07 15:00:00;1,45;1,42;1,53;364;476;35;26.888;20.052;6.836;%77.0
2025-10-07 16:00:00;1,25;1,25;1,23;367;476;36;27.217;20.460;6.757;%71.0
2025-10-07 17:00:00;1,38;1,36;1,45;366;476;36;27.315;20.493;6.822;%75.0
2025-10-07 18:00:00;1,24;1,25;1,22;366;477;36;27.331;20.504;6.827;%71.0
2025-10-07 19:00:00;1,33;1,32;1,36;365;476;35;27.051;20.252;6.798;%74.0
2025-10-07 20:00:00;1,33;1,32;1,38;365;476;34;27.002;20.227;6.775;%73.0
2025-10-07 21:00:00;1,29;1,28;1,29;365;476;34;27.199;20.411;6.787;%72.0
2025-10-07 22:00:00;1,26;1,26;1,25;367;476;33;27.193;20.511;6.682;%72.0
2025-10-07 23:00:00;1,22;1,23;1,2;368;477;33;27.329;20.644;6.685;%71.0
2025-10-08 00:00:00;1,25;1,25;1,24;368;476;32;27.439;20.760;6.678;%71.0
2025-10-08 01:00:00;1,27;1,27;1,28;366;475;31;27.465;20.751;6.715;%73.0
2025-10-08 02:00:00;1,15;1,17;1,07;368;477;30;27.362;20.684;6.678;%68.0
2025-10-08 03:00:00;1,34;1,34;1,35;365;475;30;27.080;20.363;6.718;%74.0
2025-10-08 04:00:00;1,16;1,16;1,16;363;470;30;27.314;20.698;6.615;%66.0
2025-10-08 05:00:00;1,27;1,28;1,25;362;468;30;27.148;20.552;6.596;%71.0
2025-10-08 06:00:00;1,23;1,25;1,17;366;476;30;26.918;20.287;6.631;%70.0
2025-10-08 07:00:00;1,26;1,27;1,21;366;476;30;26.975;20.286;6.689;%71.0
2025-10-08 08:00:00;1,24;1,25;1,21;367;476;32;27.089;20.416;6.674;%71.0
2025-10-08 09:00:00;1,28;1,28;1,28;367;476;34;27.116;20.394;6.723;%72.0
2025-10-08 10:00:00;1,28;1,28;1,28;367;476;34;27.083;20.398;6.685;%72.0
2025-10-08 11:00:00;1,37;1,36;1,42;364;475;34;27.036;20.239;6.798;%74.0
2025-10-08 12:00:00;1,24;1,25;1,22;364;475;34;27.214;20.347;6.867;%70.0
2025-10-08 13:00:00;1,41;1,39;1,46;364;475;35;27.036;20.212;6.824;%75.0
2025-10-08 14:00:00;1,24;1,25;1,21;364;475;35;27.130;20.296;6.834;%70.0
2025-10-08 15:00:00;1,35;1,33;1,38;365;476;35;26.960;20.152;6.808;%74.0
2025-10-08 16:00:00;1,37;1,35;1,44;366;476;36;27.024;20.266;6.759;%75.0
2025-10-08 17:00:00;1,36;1,35;1,39;365;475;36;26.935;20.144;6.791;%74.0
2025-10-08 18:00:00;1,27;1,27;1,25;365;476;36;27.031;20.213;6.818;%72.0
2025-10-08 19:00:00;1,34;1,33;1,36;365;476;35;26.918;20.124;6.793;%74.0
2025-10-08 20:00:00;1,26;1,26;1,25;365;476;34;27.080;20.280;6.800;%71.0
2025-10-08 21:00:00;1,34;1,33;1,4;365;476;34;27.073;20.286;6.786;%74.0
2025-10-08 22:00:00;1,31;1,31;1,32;366;476;33;26.951;20.262;6.689;%73.0
2025-10-08 23:00:00;1,16;1,18;1,09;366;475;32;27.186;20.494;6.692;%67.0
2025-10-09 00:00:00;1,33;1,33;1,34;365;475;32;27.018;20.329;6.689;%73.0
2025-10-09 01:00:00;1,17;1,19;1,11;366;474;31;27.403;20.696;6.707;%68.0
2025-10-09 02:00:00;1,27;1,27;1,28;366;476;31;27.149;20.453;6.696;%72.0
2025-10-09 03:00:00;1,22;1,24;1,17;365;475;30;27.046;20.334;6.711;%69.0
2025-10-09 04:00:00;1,26;1,24;1,32;362;468;30;27.459;20.780;6.679;%70.0
2025-10-09 05:00:00;1,18;1,19;1,13;366;471;30;27.544;20.989;6.555;%69.0
2025-10-09 06:00:00;1,2;1,21;1,18;370;478;30;27.404;20.838;6.566;%71.0
2025-10-09 07:00:00;1,27;1,28;1,26;368;477;30;27.242;20.603;6.639;%72.0
2025-10-09 08:00:00;1,18;1,2;1,14;368;477;32;27.516;20.812;6.705;%69.0
2025-10-09 09:00:00;1,33;1,32;1,35;367;476;34;27.216;20.490;6.726;%74.0
2025-10-09 10:00:00;1,19;1,2;1,16;368;477;34;27.314;20.615;6.699;%69.0
2025-10-09 11:00:00;1,32;1,31;1,37;366;476;34;27.013;20.315;6.698;%74.0
2025-10-09 12:00:00;1,34;1,33;1,38;366;475;35;27.058;20.321;6.737;%74.0
2025-10-09 13:00:00;1,23;1,24;1,22;357;466;34;27.819;20.804;7.016;%71.0
2025-10-09 14:00:00;1,36;1,35;1,39;347;458;33;28.335;20.960;7.374;%75.0
2025-10-09 15:00:00;1,27;1,27;1,26;351;462;33;28.229;20.927;7.303;%72.0
2025-10-09 16:00:00;1,33;1,32;1,36;364;474;36;27.243;20.447;6.796;%74.0
2025-10-09 17:00:00;1,36;1,34;1,42;363;472;36;27.441;20.615;6.826;%75.0
2025-10-09 18:00:00;1,42;1,4;1,49;363;473;36;27.140;20.309;6.831;%76.0
2025-10-09 19:00:00;1,24;1,25;1,22;365;473;35;27.349;20.562;6.786;%71.0
2025-10-09 20:00:00;1,35;1,34;1,39;365;475;34;27.186;20.434;6.751;%74.0
2025-10-09 21:00:00;1,25;1,26;1,23;365;475;34;27.292;20.506;6.786;%71.0
2025-10-09 22:00:00;1,29;1,29;1,3;367;475;33;27.362;20.659;6.703;%73.0
2025-10-09 23:00:00;1,31;1,3;1,34;367;475;33;27.475;20.775;6.701;%74.0
2025-10-10 00:00:00;1,27;1,27;1,26;367;474;32;27.540;20.834;6.705;%72.0
2025-10-10 01:00:00;1,27;1,27;1,25;366;474;31;27.530;20.828;6.702;%71.0
2025-10-10 02:00:00;1,22;1,23;1,17;368;476;31;27.298;20.664;6.633;%70.0
2025-10-10 03:00:00;1,28;1,29;1,25;367;475;31;27.150;20.514;6.636;%71.0
2025-10-10 04:00:00;1,26;1,23;1,34;363;467;30;27.542;20.978;6.564;%70.0
2025-10-10 05:00:00;1,16;1,18;1,11;366;472;30;27.533;20.934;6.598;%69.0
2025-10-10 06:00:00;1,3;1,3;1,3;368;477;30;27.190;20.586;6.603;%73.0
2025-10-10 07:00:00;1,13;1,16;1,04;368;477;31;27.420;20.749;6.671;%67.0
2025-10-10 08:00:00;1,28;1,28;1,27;366;475;32;27.256;20.529;6.727;%73.0
2025-10-10 09:00:00;1,27;1,26;1,29;367;476;34;27.320;20.608;6.712;%72.0
2025-10-10 10:00:00;1,28;1,27;1,33;369;476;34;27.393;20.749;6.644;%73.0
2025-10-10 11:00:00;1,33;1,32;1,37;367;475;35;27.014;20.346;6.668;%74.0
2025-10-10 12:00:00;1,2;1,21;1,17;367;475;35;27.252;20.531;6.721;%70.0
2025-10-10 13:00:00;1,36;1,35;1,41;364;474;35;27.006;20.231;6.775;%75.0
2025-10-10 14:00:00;1,37;1,35;1,43;365;475;36;27.234;20.403;6.831;%75.0
2025-10-10 15:00:00;1,38;1,35;1,45;365;476;36;27.209;20.375;6.834;%74.0
2025-10-10 16:00:00;1,3;1,29;1,32;365;475;36;27.110;20.312;6.798;%72.0
2025-10-10 17:00:00;1,4;1,37;1,47;366;475;37;27.160;20.395;6.765;%75.0
2025-10-10 18:00:00;1,25;1,25;1,25;367;476;36;27.353;20.568;6.785;%72.0
2025-10-10 19:00:00;1,38;1,36;1,44;366;476;36;27.068;20.297;6.771;%75.0
2025-10-10 20:00:00;1,35;1,33;1,41;366;476;35;27.156;20.399;6.757;%74.0
2025-10-10 21:00:00;1,29;1,29;1,3;366;476;34;27.189;20.402;6.787;%72.0
2025-10-10 22:00:00;1,29;1,29;1,29;365;475;33;26.953;20.215;6.739;%72.0
2025-10-10 23:00:00;1,24;1,25;1,2;364;475;33;26.904;20.188;6.717;%70.0
2025-10-11 00:00:00;1,24;1,25;1,21;364;474;32;26.918;20.213;6.704;%70.0
2025-10-11 01:00:00;1,27;1,27;1,25;364;474;32;27.067;20.355;6.713;%71.0
2025-10-11 02:00:00;1,19;1,22;1,13;366;476;31;27.025;20.355;6.670;%69.0
2025-10-11 03:00:00;1,29;1,29;1,28;365;475;30;27.125;20.418;6.707;%73.0
2025-10-11 04:00:00;1,16;1,14;1,2;364;468;31;27.499;20.919;6.580;%66.0
2025-10-11 05:00:00;1,3;1,29;1,3;364;469;30;27.415;20.860;6.555;%74.0
2025-10-11 06:00:00;1,21;1,22;1,18;369;478;30;27.267;20.666;6.601;%70.0
2025-10-11 07:00:00;1,17;1,19;1,12;368;477;30;27.415;20.733;6.682;%69.0
2025-10-11 08:00:00;1,21;1,22;1,17;368;477;31;27.403;20.699;6.704;%70.0
2025-10-11 09:00:00;1,27;1,27;1,27;367;476;32;27.066;20.389;6.678;%71.0
2025-10-11 10:00:00;1,27;1,27;1,28;366;476;33;26.980;20.299;6.681;%71.0
2025-10-11 11:00:00;1,31;1,31;1,31;365;475;33;26.910;20.181;6.730;%72.0
2025-10-11 12:00:00;1,33;1,32;1,33;364;475;34;26.762;20.036;6.725;%72.0
2025-10-11 13:00:00;1,32;1,32;1,32;364;475;35;26.687;19.938;6.749;%72.0
2025-10-11 14:00:00;1,3;1,3;1,29;363;475;35;26.820;19.983;6.837;%71.0
2025-10-11 15:00:00;1,4;1,39;1,44;363;475;35;26.787;19.942;6.845;%74.0
2025-10-11 16:00:00;1,35;1,34;1,38;365;476;35;26.962;20.188;6.775;%73.0
2025-10-11 17:00:00;1,35;1,34;1,4;366;476;36;27.130;20.351;6.779;%74.0
2025-10-11 18:00:00;1,38;1,36;1,44;367;477;36;27.351;20.566;6.785;%75.0
2025-10-11 19:00:00;1,33;1,32;1,36;368;477;35;27.539;20.773;6.766;%74.0
2025-10-11 20:00:00;1,28;1,28;1,3;367;476;35;27.538;20.752;6.787;%73.0
2025-10-11 21:00:00;1,35;1,34;1,38;366;476;34;27.301;20.511;6.790;%74.0
2025-10-11 22:00:00;1,29;1,29;1,29;366;476;34;27.189;20.456;6.734;%72.0
2025-10-11 23:00:00;1,27;1,26;1,27;366;476;33;27.228;20.481;6.747;%72.0
2025-10-12 00:00:00;1,34;1,34;1,36;365;475;33;26.893;20.191;6.702;%73.0
2025-10-12 01:00:00;1,17;1,19;1,1;365;474;32;26.942;20.257;6.685;%67.0
2025-10-12 02:00:00;1,29;1,29;1,27;365;476;31;26.637;19.991;6.646;%71.0
2025-10-12 03:00:00;1,27;1,28;1,26;365;476;31;27.047;20.349;6.698;%71.0
2025-10-12 04:00:00;1,27;1,24;1,37;363;467;31;27.635;21.009;6.626;%71.0
2025-10-12 05:00:00;1,16;1,18;1,09;367;472;30;27.586;21.014;6.571;%69.0
2025-10-12 06:00:00;1,22;1,23;1,2;370;478;30;27.372;20.787;6.585;%72.0
2025-10-12 07:00:00;1,27;1,27;1,3;369;478;30;27.426;20.772;6.654;%73.0
2025-10-12 08:00:00;1,16;1,17;1,12;369;477;31;27.587;20.914;6.672;%69.0
2025-10-12 09:00:00;1,26;1,26;1,25;368;477;32;27.415;20.695;6.720;%72.0
2025-10-12 10:00:00;1,19;1,2;1,17;369;477;32;27.444;20.763;6.681;%70.0
2025-10-12 11:00:00;1,31;1,3;1,36;368;477;33;27.142;20.482;6.659;%74.0
2025-10-12 12:00:00;1,27;1,27;1,27;366;476;34;27.176;20.437;6.739;%72.0
2025-10-12 13:00:00;1,24;1,25;1,23;366;476;34;27.188;20.419;6.769;%71.0
2025-10-12 14:00:00;1,34;1,33;1,38;366;476;35;27.212;20.413;6.800;%74.0
2025-10-12 15:00:00;1,25;1,25;1,25;367;477;35;27.395;20.562;6.833;%71.0
2025-10-12 16:00:00;1,35;1,32;1,41;367;476;35;27.339;20.569;6.770;%75.0
2025-10-12 17:00:00;1,41;1,39;1,48;366;476;35;27.335;20.555;6.781;%76.0
2025-10-12 18:00:00;1,23;1,24;1,22;368;476;35;27.596;20.795;6.801;%71.0
2025-10-12 19:00:00;1,34;1,33;1,4;368;476;35;27.394;20.652;6.742;%75.0
2025-10-12 20:00:00;1,28;1,27;1,3;368;476;35;27.499;20.738;6.761;%73.0
2025-10-12 21:00:00;1,33;1,31;1,37;365;473;34;27.521;20.744;6.776;%75.0
2025-10-12 22:00:00;1,26;1,26;1,26;367;476;34;27.381;20.647;6.734;%72.0
2025-10-12 23:00:00;1,26;1,26;1,24;366;474;33;27.350;20.647;6.702;%72.0
2025-10-13 00:00:00;1,25;1,25;1,23;367;475;32;27.409;20.712;6.697;%71.0
2025-10-13 01:00:00;1,28;1,27;1,3;367;475;32;27.511;20.809;6.702;%73.0
2025-10-13 02:00:00;1,18;1,19;1,14;369;477;31;27.640;20.954;6.686;%70.0
2025-10-13 03:00:00;1,35;1,34;1,37;367;476;31;27.335;20.645;6.690;%75.0
2025-10-13 04:00:00;1,17;1,15;1,2;363;466;31;28.109;21.496;6.613;%68.0
2025-10-13 05:00:00;1,26;1,26;1,27;368;474;31;27.508;20.907;6.601;%72.0
2025-10-13 06:00:00;1,24;1,25;1,2;368;477;30;27.260;20.617;6.643;%71.0
2025-10-13 07:00:00;1,25;1,26;1,21;367;477;31;27.234;20.543;6.691;%71.0
2025-10-13 08:00:00;1,27;1,27;1,26;367;476;33;27.266;20.557;6.709;%72.0
2025-10-13 09:00:00;1,29;1,29;1,31;368;477;34;27.349;20.605;6.744;%72.0
2025-10-13 10:00:00;1,35;1,33;1,4;368;477;35;27.155;20.465;6.689;%75.0
2025-10-13 11:00:00;1,37;1,35;1,41;366;476;35;27.062;20.328;6.733;%74.0
2025-10-13 12:00:00;1,24;1,25;1,22;367;476;35;27.193;20.448;6.744;%71.0
2025-10-13 13:00:00;1,45;1,42;1,52;365;475;36;27.072;20.258;6.814;%76.0
2025-10-13 14:00:00;1,27;1,28;1,27;365;476;36;27.370;20.484;6.886;%72.0
2025-10-13 15:00:00;1,37;1,35;1,42;366;476;36;27.266;20.423;6.844;%75.0
2025-10-13 16:00:00;1,4;1,37;1,51;366;476;37;27.287;20.492;6.795;%76.0
2025-10-13 17:00:00;1,33;1,32;1,36;366;475;37;27.291;20.486;6.806;%74.0
2025-10-13 18:00:00;1,25;1,25;1,23;366;476;36;27.433;20.622;6.811;%72.0
2025-10-13 19:00:00;1,39;1,36;1,45;366;476;36;27.253;20.456;6.797;%76.0
2025-10-13 20:00:00;1,34;1,32;1,37;366;476;35;27.292;20.503;6.790;%74.0
2025-10-13 21:00:00;1,3;1,3;1,31;366;476;34;27.282;20.503;6.779;%72.0
2025-10-13 22:00:00;1,33;1,33;1,35;366;476;33;26.933;20.237;6.696;%74.0
2025-10-13 23:00:00;1,2;1,22;1,14;366;476;33;26.840;20.188;6.652;%68.0
2025-10-14 00:00:00;1,3;1,3;1,29;365;475;32;26.774;20.102;6.672;%72.0
2025-10-14 01:00:00;1,29;1,29;1,29;365;474;32;27.076;20.388;6.687;%72.0
2025-10-14 02:00:00;1,15;1,18;1,07;367;477;31;27.261;20.584;6.676;%68.0
2025-10-14 03:00:00;1,29;1,29;1,3;367;476;31;27.284;20.581;6.703;%73.0
2025-10-14 04:00:00;1,18;1,17;1,2;362;465;31;27.812;21.198;6.613;%68.0
2025-10-14 05:00:00;1,27;1,27;1,28;367;474;30;27.193;20.622;6.572;%72.0
2025-10-14 06:00:00;1,16;1,19;1,08;368;476;30;26.953;20.401;6.552;%67.0
2025-10-14 07:00:00;1,29;1,29;1,28;366;476;31;26.752;20.126;6.625;%72.0
2025-10-14 08:00:00;1,18;1,2;1,12;365;476;32;26.754;20.092;6.662;%67.0
2025-10-14 09:00:00;1,36;1,35;1,38;363;475;34;26.405;19.675;6.730;%73.0
2025-10-14 10:00:00;1,34;1,33;1,36;363;475;34;26.472;19.751;6.721;%71.0
2025-10-14 11:00:00;1,28;1,29;1,28;364;475;34;26.716;20.012;6.704;%71.0
2025-10-14 12:00:00;1,31;1,3;1,34;365;476;35;26.948;20.193;6.755;%73.0
2025-10-14 13:00:00;1,3;1,3;1,32;366;476;35;27.183;20.395;6.788;%72.0
2025-10-14 14:00:00;1,3;1,3;1,31;366;476;36;27.396;20.554;6.842;%73.0
2025-10-14 15:00:00;1,35;1,33;1,41;363;473;36;27.425;20.580;6.845;%75.0
2025-10-14 16:00:00;1,4;1,37;1,48;366;475;36;27.236;20.450;6.786;%76.0
2025-10-14 17:00:00;1,27;1,27;1,27;367;475;36;27.484;20.681;6.804;%72.0
2025-10-14 18:00:00;1,41;1,38;1,49;367;476;36;27.362;20.565;6.797;%76.0
2025-10-14 19:00:00;1,33;1,31;1,36;367;476;36;27.352;20.564;6.788;%73.0
2025-10-14 20:00:00;1,31;1,31;1,33;366;476;35;27.269;20.483;6.786;%73.0
2025-10-14 21:00:00;1,33;1,31;1,38;366;476;34;27.301;20.510;6.791;%75.0
2025-10-14 22:00:00;1,32;1,32;1,33;367;476;33;27.255;20.557;6.698;%73.0
2025-10-14 23:00:00;1,21;1,23;1,17;367;476;33;27.420;20.713;6.707;%70.0
2025-10-15 00:00:00;1,33;1,32;1,34;368;475;32;27.369;20.718;6.650;%74.0
2025-10-15 01:00:00;1,18;1,2;1,14;368;475;32;27.747;21.042;6.705;%70.0
2025-10-15 02:00:00;1,27;1,26;1,3;367;475;31;27.637;20.883;6.755;%74.0
2025-10-15 03:00:00;1,27;1,27;1,24;368;476;30;27.493;20.787;6.706;%72.0
2025-10-15 04:00:00;1,26;1,26;1,25;354;463;29;28.398;21.263;7.135;%71.0
2025-10-15 05:00:00;1,21;1,24;1,13;360;477;28;27.807;20.599;7.207;%70.0
2025-10-15 06:00:00;1,29;1,3;1,25;363;477;29;27.558;20.537;7.021;%72.0
2025-10-15 07:00:00;1,26;1,27;1,26;368;477;30;27.253;20.562;6.691;%72.0
2025-10-15 08:00:00;1,19;1,21;1,14;367;476;32;27.134;20.433;6.701;%68.0
2025-10-15 09:00:00;1,36;1,35;1,37;365;476;33;27.018;20.260;6.758;%75.0
2025-10-15 10:00:00;1,23;1,24;1,22;366;475;34;27.228;20.503;6.725;%71.0
2025-10-15 11:00:00;1,34;1,32;1,4;367;476;34;27.307;20.565;6.742;%75.0
2025-10-15 12:00:00;1,3;1,29;1,34;367;477;35;27.352;20.586;6.767;%74.0
2025-10-15 13:00:00;1,28;1,28;1,27;365;476;35;27.189;20.380;6.809;%72.0
2025-10-15 14:00:00;1,29;1,28;1,3;366;476;35;27.217;20.399;6.819;%73.0
2025-10-15 15:00:00;1,37;1,34;1,44;365;476;35;27.163;20.340;6.823;%75.0
2025-10-15 16:00:00;1,4;1,38;1,47;366;476;36;26.939;20.192;6.747;%74.0
2025-10-15 17:00:00;1,25;1,25;1,25;366;476;36;27.031;20.269;6.762;%70.0
2025-10-15 18:00:00;1,39;1,37;1,46;365;475;36;26.942;20.149;6.792;%75.0
2025-10-15 19:00:00;1,25;1,25;1,22;365;476;35;27.094;20.293;6.801;%71.0
2025-10-15 20:00:00;1,32;1,32;1,32;364;475;34;26.849;20.081;6.768;%73.0
2025-10-15 21:00:00;1,33;1,32;1,36;364;476;33;26.940;20.150;6.790;%74.0
2025-10-15 22:00:00;1,22;1,23;1,18;366;476;33;27.086;20.376;6.711;%70.0
2025-10-15 23:00:00;1,25;1,25;1,24;367;476;32;27.214;20.527;6.687;%72.0
2025-10-16 00:00:00;1,18;1,2;1,13;367;476;32;27.392;20.700;6.692;%69.0
2025-10-16 01:00:00;1,26;1,26;1,25;366;474;31;27.525;20.813;6.712;%72.0
2025-10-16 02:00:00;1,24;1,23;1,24;368;477;31;27.402;20.725;6.678;%72.0
2025-10-16 03:00:00;1,14;1,16;1,07;368;477;30;27.384;20.684;6.700;%68.0
2025-10-16 04:00:00;1,28;1,27;1,31;360;463;30;27.708;21.096;6.613;%72.0
2025-10-16 05:00:00;1,15;1,17;1,08;369;477;30;27.558;20.926;6.632;%68.0
2025-10-16 06:00:00;1,25;1,25;1,25;368;477;30;27.317;20.677;6.640;%71.0
2025-10-16 07:00:00;1,13;1,15;1,04;368;477;30;27.340;20.641;6.699;%66.0
2025-10-16 08:00:00;1,33;1,32;1,36;366;476;32;27.178;20.431;6.746;%74.0
2025-10-16 09:00:00;1,18;1,19;1,13;367;476;33;27.242;20.502;6.740;%68.0
2025-10-16 10:00:00;1,36;1,35;1,41;367;476;34;27.053;20.360;6.693;%75.0
2025-10-16 11:00:00;1,27;1,26;1,3;369;478;34;27.206;20.525;6.681;%73.0
2025-10-16 12:00:00;1,29;1,28;1,3;368;477;35;27.217;20.478;6.739;%73.0
2025-10-16 13:00:00;1,44;1,42;1,5;364;477;38;27.144;20.191;6.952;%76.0
2025-10-16 14:00:00;1,48;1,46;1,54;365;477;38;27.121;20.189;6.932;%76.0
2025-10-16 15:00:00;1,39;1,37;1,46;366;477;37;27.227;20.329;6.898;%75.0
2025-10-16 16:00:00;1,41;1,38;1,51;367;477;37;27.239;20.416;6.823;%76.0
2025-10-16 17:00:00;1,37;1,34;1,44;367;477;37;27.262;20.450;6.812;%74.0
2025-10-16 18:00:00;1,42;1,39;1,49;366;477;37;27.022;20.198;6.824;%75.0
2025-10-16 19:00:00;1,28;1,28;1,29;367;478;37;27.160;20.349;6.810;%72.0
2025-10-16 20:00:00;1,43;1,4;1,49;366;478;35;27.035;20.223;6.813;%76.0
2025-10-16 21:00:00;1,31;1,3;1,34;366;477;34;27.183;20.363;6.820;%74.0
2025-10-16 22:00:00;1,32;1,31;1,34;367;477;34;27.098;20.356;6.742;%73.0
2025-10-16 23:00:00;1,26;1,26;1,25;368;477;33;27.067;20.385;6.682;%71.0
2025-10-17 00:00:00;1,22;1,24;1,17;366;477;32;26.806;20.149;6.657;%69.0
2025-10-17 01:00:00;1,22;1,24;1,17;365;475;32;26.927;20.239;6.688;%70.0
2025-10-17 02:00:00;1,3;1,29;1,31;367;477;31;26.822;20.191;6.631;%72.0
2025-10-17 03:00:00;1,17;1,19;1,1;367;477;30;27.079;20.414;6.665;%67.0
2025-10-17 04:00:00;1,33;1,3;1,41;362;469;30;27.199;20.593;6.605;%73.0
2025-10-17 05:00:00;1,16;1,18;1,09;366;472;30;27.327;20.752;6.575;%67.0
2025-10-17 06:00:00;1,29;1,28;1,31;369;478;30;27.027;20.431;6.596;%72.0
2025-10-17 07:00:00;1,17;1,19;1,11;369;478;31;27.224;20.564;6.660;%69.0
2025-10-17 08:00:00;1,23;1,23;1,22;368;478;32;27.267;20.558;6.709;%72.0
2025-10-17 09:00:00;1,26;1,25;1,29;369;479;34;27.239;20.519;6.719;%72.0
2025-10-17 10:00:00;1,31;1,29;1,36;369;478;34;27.211;20.543;6.668;%74.0
2025-10-17 11:00:00;1,26;1,25;1,27;370;478;35;27.425;20.716;6.709;%72.0
2025-10-17 12:00:00;1,32;1,31;1,35;368;478;35;27.354;20.591;6.763;%74.0
2025-10-17 13:00:00;1,27;1,26;1,28;368;478;36;27.294;20.495;6.799;%72.0
2025-10-17 14:00:00;1,39;1,37;1,46;366;478;36;27.028;20.201;6.827;%75.0
2025-10-17 15:00:00;1,28;1,28;1,3;366;478;36;27.164;20.326;6.838;%72.0
2025-10-17 16:00:00;1,39;1,37;1,47;366;477;37;27.009;20.219;6.790;%75.0
2025-10-17 17:00:00;1,28;1,28;1,29;366;477;37;27.131;20.317;6.814;%72.0
2025-10-17 18:00:00;1,39;1,37;1,46;366;477;37;27.057;20.254;6.803;%75.0
2025-10-17 19:00:00;1,24;1,25;1,23;367;477;36;27.292;20.487;6.805;%71.0
2025-10-17 20:00:00;1,35;1,33;1,39;365;474;35;27.380;20.560;6.820;%75.0
2025-10-17 21:00:00;1,29;1,28;1,32;366;476;34;27.311;20.523;6.788;%73.0
2025-10-17 22:00:00;1,28;1,27;1,29;366;476;33;27.229;20.459;6.770;%72.0
2025-10-17 23:00:00;1,25;1,25;1,24;368;477;33;27.247;20.546;6.701;%71.0
2025-10-18 00:00:00;1,23;1,24;1,2;368;477;32;27.310;20.610;6.700;%70.0
2025-10-18 01:00:00;1,25;1,25;1,23;366;475;32;27.409;20.680;6.730;%71.0
2025-10-18 02:00:00;1,23;1,24;1,23;368;478;31;27.216;20.572;6.644;%71.0
2025-10-18 03:00:00;1,17;1,19;1,11;368;477;30;27.404;20.695;6.710;%69.0
2025-10-18 04:00:00;1,39;1,36;1,5;365;473;30;27.301;20.662;6.639;%75.0
2025-10-18 05:00:00;1,1;1,13;1;364;468;30;27.825;21.217;6.608;%67.0
2025-10-18 06:00:00;1,28;1,29;1,26;369;478;30;27.098;20.523;6.575;%72.0
2025-10-18 07:00:00;1,19;1,21;1,14;368;478;30;27.211;20.557;6.653;%69.0
2025-10-18 08:00:00;1,25;1,25;1,25;368;477;31;27.194;20.524;6.671;%72.0
2025-10-18 09:00:00;1,27;1,27;1,25;368;478;32;27.188;20.493;6.695;%72.0
2025-10-18 10:00:00;1,23;1,23;1,2;369;478;33;27.263;20.598;6.664;%71.0
2025-10-18 11:00:00;1,33;1,32;1,35;368;478;34;27.206;20.504;6.702;%73.0
2025-10-18 12:00:00;1,23;1,24;1,22;369;478;34;27.373;20.628;6.746;%71.0
2025-10-18 13:00:00;1,4;1,39;1,45;366;477;35;27.078;20.292;6.786;%75.0
2025-10-18 14:00:00;1,3;1,29;1,32;367;478;35;27.207;20.398;6.809;%73.0
2025-10-18 15:00:00;1,38;1,35;1,45;367;478;36;27.271;20.475;6.796;%75.0
2025-10-18 16:00:00;1,33;1,32;1,37;368;477;36;27.223;20.482;6.741;%73.0
2025-10-18 17:00:00;1,33;1,32;1,36;367;477;36;27.131;20.363;6.768;%74.0
2025-10-18 18:00:00;1,24;1,24;1,23;367;477;36;27.101;20.312;6.789;%71.0
2025-10-18 19:00:00;1,37;1,35;1,42;365;477;35;26.978;20.172;6.805;%75.0
2025-10-18 20:00:00;1,36;1,35;1,41;365;477;35;26.939;20.128;6.810;%73.0
2025-10-18 21:00:00;1,3;1,29;1,32;366;478;34;26.996;20.204;6.792;%72.0
2025-10-18 22:00:00;1,28;1,28;1,3;368;478;34;27.000;20.301;6.699;%73.0
2025-10-18 23:00:00;1,2;1,21;1,16;369;478;33;27.245;20.578;6.667;%70.0
2025-10-19 00:00:00;1,24;1,24;1,24;369;477;32;27.383;20.717;6.666;%73.0
2025-10-19 01:00:00;1,31;1,29;1,36;368;476;32;27.523;20.848;6.675;%74.0
2025-10-19 02:00:00;1,17;1,18;1,12;370;478;31;27.613;20.934;6.678;%69.0
2025-10-19 03:00:00;1,26;1,26;1,27;368;477;30;27.431;20.719;6.712;%73.0
2025-10-19 04:00:00;1,14;1,14;1,14;368;475;30;27.535;20.924;6.612;%66.0
2025-10-19 05:00:00;1,26;1,25;1,26;363;467;30;27.685;21.098;6.586;%73.0
2025-10-19 06:00:00;1,21;1,22;1,16;369;478;30;27.202;20.594;6.607;%70.0
2025-10-19 07:00:00;1,2;1,22;1,15;369;478;30;27.306;20.645;6.661;%70.0
2025-10-19 08:00:00;1,19;1,21;1,13;369;477;31;27.355;20.687;6.668;%69.0
2025-10-19 09:00:00;1,25;1,25;1,24;368;478;31;27.242;20.559;6.683;%72.0
2025-10-19 10:00:00;1,25;1,25;1,25;369;478;32;27.277;20.644;6.633;%72.0
2025-10-19 11:00:00;1,21;1,22;1,19;369;477;33;27.419;20.757;6.662;%71.0
2025-10-19 12:00:00;1,31;1,3;1,34;368;477;33;27.320;20.602;6.717;%74.0
2025-10-19 13:00:00;1,24;1,24;1,21;367;477;34;27.416;20.635;6.781;%71.0
2025-10-19 14:00:00;1,29;1,28;1,3;366;477;34;27.256;20.459;6.797;%73.0
2025-10-19 15:00:00;1,27;1,27;1,29;366;477;35;27.278;20.467;6.811;%72.0
2025-10-19 16:00:00;1,39;1,37;1,44;366;476;35;27.029;20.296;6.732;%76.0
2025-10-19 17:00:00;1,21;1,22;1,17;367;476;35;27.301;20.551;6.749;%70.0
2025-10-19 18:00:00;1,35;1,34;1,4;367;477;35;27.143;20.410;6.733;%75.0
2025-10-19 19:00:00;1,23;1,24;1,19;366;477;34;27.220;20.431;6.789;%70.0
2025-10-19 20:00:00;1,3;1,3;1,31;366;477;34;27.073;20.289;6.785;%72.0
2025-10-19 21:00:00;1,3;1,29;1,32;367;477;34;27.206;20.430;6.776;%73.0
2025-10-19 22:00:00;1,28;1,28;1,29;368;478;33;27.127;20.442;6.685;%72.0
2025-10-19 23:00:00;1,28;1,28;1,28;367;477;32;27.020;20.321;6.699;%72.0
2025-10-20 00:00:00;1,23;1,24;1,19;367;477;32;27.133;20.448;6.686;%70.0
2025-10-20 01:00:00;1,28;1,28;1,27;367;476;31;27.289;20.581;6.708;%72.0
2025-10-20 02:00:00;1,22;1,22;1,19;368;478;30;27.232;20.555;6.677;%70.0
2025-10-20 03:00:00;1,18;1,19;1,13;368;477;30;27.538;20.829;6.709;%69.0
2025-10-20 04:00:00;1,36;1,34;1,42;365;472;30;27.320;20.707;6.613;%74.0
2025-10-20 05:00:00;1,1;1,13;1;363;467;30;27.729;21.142;6.586;%66.0
2025-10-20 06:00:00;1,32;1,32;1,32;368;477;30;27.032;20.424;6.608;%73.0
2025-10-20 07:00:00;1,2;1,21;1,15;367;477;30;27.129;20.432;6.697;%69.0
2025-10-20 08:00:00;1,2;1,22;1,17;366;477;32;26.969;20.241;6.728;%70.0
2025-10-20 09:00:00;1,34;1,33;1,35;366;477;34;26.763;20.038;6.725;%73.0
2025-10-20 10:00:00;1,18;1,2;1,14;368;478;34;27.001;20.326;6.676;%69.0
2025-10-20 11:00:00;1,38;1,37;1,44;366;477;34;26.893;20.158;6.735;%75.0
2025-10-20 12:00:00;1,24;1,25;1,23;365;475;35;27.111;20.325;6.786;%71.0
2025-10-20 13:00:00;1,4;1,38;1,46;361;475;34;27.346;20.255;7.091;%76.0
2025-10-20 14:00:00;1,23;1,23;1,21;366;476;35;27.416;20.583;6.833;%71.0
2025-10-20 15:00:00;1,38;1,35;1,44;366;476;36;27.093;20.304;6.789;%76.0
2025-10-20 16:00:00;1,3;1,29;1,33;368;477;36;27.240;20.486;6.754;%73.0
2025-10-20 17:00:00;1,4;1,37;1,5;366;476;37;27.272;20.474;6.797;%77.0
2025-10-20 18:00:00;1,23;1,23;1,23;368;477;36;27.421;20.607;6.815;%71.0
2025-10-20 19:00:00;1,35;1,33;1,4;367;477;36;27.117;20.333;6.784;%75.0
2025-10-20 20:00:00;1,25;1,25;1,24;367;477;34;27.259;20.454;6.804;%71.0
2025-10-20 21:00:00;1,31;1,3;1,36;366;477;34;27.181;20.393;6.788;%74.0
2025-10-20 22:00:00;1,31;1,3;1,35;367;477;33;27.034;20.342;6.691;%73.0
2025-10-20 23:00:00;1,17;1,19;1,11;369;477;33;27.254;20.604;6.650;%69.0
2025-10-21 00:00:00;1,29;1,29;1,3;368;477;32;27.158;20.504;6.654;%73.0
2025-10-21 01:00:00;1,21;1,22;1,17;368;475;32;27.582;20.877;6.705;%70.0
2025-10-21 02:00:00;1,22;1,22;1,21;369;478;31;27.473;20.804;6.669;%71.0
2025-10-21 03:00:00;1,3;1,3;1,31;368;477;31;27.456;20.772;6.685;%74.0
2025-10-21 04:00:00;1,16;1,16;1,15;368;473;31;27.842;21.249;6.593;%68.0
2025-10-21 05:00:00;1,25;1,25;1,24;365;469;30;27.849;21.274;6.575;%72.0
2025-10-21 06:00:00;1,19;1,21;1,14;371;478;30;27.497;20.905;6.592;%70.0
2025-10-21 07:00:00;1,26;1,25;1,27;369;478;31;27.256;20.622;6.634;%73.0
2025-10-21 08:00:00;1,19;1,21;1,14;368;477;32;27.248;20.586;6.662;%69.0
2025-10-21 09:00:00;1,29;1,29;1,31;367;477;34;27.257;20.512;6.744;%73.0
2025-10-21 10:00:00;1,24;1,25;1,22;368;477;34;27.321;20.614;6.706;%71.0
2025-10-21 11:00:00;1,28;1,27;1,28;368;477;35;27.271;20.580;6.690;%72.0
2025-10-21 12:00:00;1,35;1,33;1,42;369;477;35;27.353;20.641;6.712;%75.0
2025-10-21 13:00:00;1,34;1,32;1,39;367;476;35;27.444;20.647;6.797;%74.0
2025-10-21 14:00:00;1,24;1,24;1,24;365;473;35;27.708;20.874;6.833;%72.0
2025-10-21 15:00:00;1,43;1,4;1,51;366;476;36;27.369;20.510;6.859;%76.0
2025-10-21 16:00:00;1,26;1,26;1,28;368;476;36;27.586;20.769;6.817;%72.0
2025-10-21 17:00:00;1,38;1,36;1,45;367;476;36;27.432;20.631;6.800;%75.0
2025-10-21 18:00:00;1,32;1,3;1,38;367;477;36;27.478;20.642;6.836;%74.0
2025-10-21 19:00:00;1,4;1,37;1,46;367;477;35;27.306;20.486;6.820;%75.0
2025-10-21 20:00:00;1,22;1,23;1,2;368;477;35;27.447;20.678;6.769;%71.0
2025-10-21 21:00:00;1,4;1,38;1,46;367;477;34;27.291;20.510;6.780;%76.0
2025-10-21 22:00:00;1,16;1,17;1,1;368;477;33;27.383;20.671;6.712;%69.0
2025-10-21 23:00:00;1,35;1,33;1,39;368;477;33;27.140;20.469;6.671;%74.0
2025-10-22 00:00:00;1,22;1,22;1,21;367;476;32;27.296;20.628;6.668;%71.0
2025-10-22 01:00:00;1,21;1,22;1,19;366;474;32;27.516;20.808;6.708;%71.0
2025-10-22 02:00:00;1,35;1,34;1,37;367;477;31;27.239;20.532;6.707;%74.0
2025-10-22 03:00:00;1,12;1,15;1,02;367;476;31;27.506;20.767;6.739;%67.0
2025-10-22 04:00:00;1,36;1,33;1,44;364;471;31;27.446;20.813;6.633;%74.0
2025-10-22 05:00:00;1,22;1,22;1,21;365;470;30;27.892;21.274;6.618;%72.0
2025-10-22 06:00:00;1,21;1,21;1,19;370;478;30;27.583;20.944;6.638;%71.0
2025-10-22 07:00:00;1,21;1,22;1,17;369;478;31;27.461;20.782;6.679;%70.0
2025-10-22 08:00:00;1,22;1,22;1,2;367;477;33;27.141;20.426;6.715;%71.0
2025-10-22 09:00:00;1,42;1,4;1,51;364;476;34;26.750;19.969;6.780;%75.0
2025-10-22 10:00:00;1,28;1,28;1,28;366;476;35;27.033;20.251;6.782;%72.0
2025-10-22 11:00:00;1,24;1,25;1,24;366;477;35;27.137;20.358;6.778;%71.0
2025-10-22 12:00:00;1,35;1,34;1,38;365;476;36;27.026;20.228;6.798;%74.0
2025-10-22 13:00:00;1,33;1,32;1,38;366;476;36;27.148;20.347;6.801;%73.0
2025-10-22 14:00:00;1,42;1,39;1,5;365;476;37;27.125;20.278;6.847;%75.0
2025-10-22 15:00:00;1,35;1,33;1,4;365;475;37;27.363;20.492;6.872;%74.0
2025-10-22 16:00:00;1,36;1,34;1,41;365;476;37;27.257;20.389;6.869;%74.0
2025-10-22 17:00:00;1,29;1,29;1,31;365;476;37;27.314;20.391;6.924;%73.0
2025-10-22 18:00:00;1,41;1,38;1,49;365;476;37;27.061;20.200;6.861;%76.0
2025-10-22 19:00:00;1,38;1,37;1,42;365;477;36;26.931;20.089;6.843;%74.0
2025-10-22 20:00:00;1,34;1,33;1,37;366;477;35;27.020;20.215;6.805;%73.0
2025-10-22 21:00:00;1,28;1,28;1,28;366;477;34;27.097;20.294;6.803;%72.0
2025-10-22 22:00:00;1,27;1,27;1,26;367;476;34;27.215;20.502;6.713;%72.0
2025-10-22 23:00:00;1,23;1,23;1,22;368;476;33;27.392;20.710;6.682;%71.0
2025-10-23 00:00:00;1,28;1,27;1,31;369;477;33;27.265;20.599;6.666;%73.0
2025-10-23 01:00:00;1,27;1,27;1,26;367;475;32;27.345;20.642;6.703;%72.0
2025-10-23 02:00:00;1,21;1,22;1,18;368;478;31;27.301;20.619;6.682;%70.0
2025-10-23 03:00:00;1,19;1,21;1,14;367;477;31;27.468;20.732;6.736;%70.0
2025-10-23 04:00:00;1,27;1,25;1,35;364;469;30;27.663;21.045;6.618;%72.0
2025-10-23 05:00:00;1,22;1,23;1,2;366;472;30;27.565;20.971;6.594;%71.0
2025-10-23 06:00:00;1,14;1,17;1,07;370;478;30;27.142;20.558;6.584;%67.0
2025-10-23 07:00:00;1,25;1,26;1,23;369;478;31;27.031;20.414;6.616;%71.0
2025-10-23 08:00:00;1,18;1,2;1,13;368;477;32;27.157;20.473;6.685;%69.0
2025-10-23 09:00:00;1,3;1,29;1,33;366;477;34;27.127;20.369;6.757;%73.0
2025-10-23 10:00:00;1,37;1,35;1,42;367;476;34;27.121;20.410;6.712;%74.0
2025-10-23 11:00:00;1,23;1,23;1,2;367;477;34;27.186;20.446;6.739;%70.0
2025-10-23 12:00:00;1,43;1,41;1,5;365;476;35;26.964;20.190;6.774;%75.0
2025-10-23 13:00:00;1,27;1,27;1,25;365;476;35;27.165;20.340;6.825;%71.0
2025-10-23 14:00:00;1,41;1,39;1,47;363;474;36;26.994;20.175;6.819;%75.0
2025-10-23 15:00:00;1,38;1,36;1,43;363;476;36;26.951;20.050;6.901;%74.0
2025-10-23 16:00:00;1,44;1,41;1,53;365;476;36;27.186;20.332;6.854;%76.0
2025-10-23 17:00:00;1,27;1,27;1,27;367;477;36;27.380;20.562;6.818;%72.0
2025-10-23 18:00:00;1,44;1,42;1,53;367;477;36;27.352;20.541;6.812;%76.0
2025-10-23 19:00:00;1,27;1,27;1,28;368;477;36;27.529;20.742;6.787;%72.0
2025-10-23 20:00:00;1,34;1,32;1,38;368;477;35;27.371;20.617;6.754;%74.0
2025-10-23 21:00:00;1,35;1,33;1,42;366;475;34;27.333;20.593;6.740;%75.0
2025-10-23 22:00:00;1,31;1,3;1,34;367;476;33;27.272;20.548;6.724;%74.0
2025-10-23 23:00:00;1,19;1,21;1,15;368;476;33;27.447;20.730;6.716;%70.0
2025-10-24 00:00:00;1,28;1,28;1,27;368;477;32;27.327;20.632;6.695;%73.0
2025-10-24 01:00:00;1,22;1,23;1,19;367;476;32;27.409;20.704;6.705;%71.0
2025-10-24 02:00:00;1,3;1,29;1,33;367;477;31;27.128;20.420;6.709;%73.0
2025-10-24 03:00:00;1,19;1,21;1,13;367;477;31;27.346;20.628;6.719;%69.0
2025-10-24 04:00:00;1,25;1,22;1,32;364;469;31;27.521;20.920;6.600;%70.0
2025-10-24 05:00:00;1,24;1,24;1,23;366;472;30;27.282;20.757;6.525;%71.0
2025-10-24 06:00:00;1,17;1,19;1,12;370;478;30;27.038;20.490;6.548;%69.0
2025-10-24 07:00:00;1,23;1,24;1,2;369;478;31;27.142;20.527;6.615;%71.0
2025-10-24 08:00:00;1,18;1,19;1,13;368;477;32;27.358;20.672;6.687;%70.0
2025-10-24 09:00:00;1,31;1,3;1,35;368;477;34;27.270;20.533;6.738;%74.0
2025-10-24 10:00:00;1,31;1,29;1,34;367;476;34;27.269;20.549;6.719;%73.0
2025-10-24 11:00:00;1,2;1,21;1,18;369;477;34;27.491;20.756;6.735;%70.0
2025-10-24 12:00:00;1,37;1,35;1,42;367;477;35;27.174;20.423;6.750;%75.0
2025-10-24 13:00:00;1,25;1,26;1,24;367;477;35;27.271;20.477;6.795;%71.0
2025-10-24 14:00:00;1,37;1,35;1,43;366;476;36;27.276;20.452;6.824;%75.0
2025-10-24 15:00:00;1,35;1,33;1,42;365;474;36;27.480;20.650;6.830;%75.0
2025-10-24 16:00:00;1,34;1,32;1,4;367;477;36;27.292;20.486;6.806;%74.0
2025-10-24 17:00:00;1,25;1,25;1,26;366;476;36;27.434;20.575;6.859;%72.0
2025-10-24 18:00:00;1,39;1,36;1,46;366;477;36;27.243;20.428;6.815;%75.0
2025-10-24 19:00:00;1,25;1,25;1,24;367;477;36;27.391;20.573;6.817;%71.0
2025-10-24 20:00:00;1,32;1,31;1,37;367;477;35;27.260;20.481;6.779;%74.0
2025-10-24 21:00:00;1,32;1,3;1,36;367;477;34;27.282;20.510;6.772;%74.0
2025-10-24 22:00:00;1,25;1,25;1,25;368;476;34;27.248;20.569;6.679;%72.0
2025-10-24 23:00:00;1,25;1,25;1,25;367;475;33;27.254;20.580;6.674;%71.0
2025-10-25 00:00:00;1,23;1,23;1,2;367;476;32;27.343;20.631;6.713;%70.0
2025-10-25 01:00:00;1,27;1,27;1,27;367;475;32;27.477;20.748;6.729;%72.0
2025-10-25 02:00:00;1,25;1,25;1,26;369;478;31;27.472;20.780;6.692;%72.0
2025-10-25 03:00:00;1,17;1,18;1,11;368;477;30;27.652;20.906;6.746;%69.0
2025-10-25 04:00:00;1,4;1,36;1,52;362;467;30;27.671;21.026;6.645;%75.0
2025-10-25 05:00:00;1,12;1,14;1,04;367;474;30;27.757;21.114;6.643;%67.0
2025-10-25 06:00:00;1,26;1,25;1,27;369;478;30;27.272;20.656;6.616;%72.0
2025-10-25 07:00:00;1,24;1,25;1,21;368;478;30;27.154;20.497;6.658;%70.0
2025-10-25 08:00:00;1,25;1,25;1,22;367;477;31;27.043;20.383;6.659;%71.0
2025-10-25 09:00:00;1,25;1,26;1,22;366;477;32;27.054;20.343;6.711;%71.0
2025-10-25 10:00:00;1,26;1,26;1,24;367;477;33;27.090;20.428;6.662;%71.0
2025-10-25 11:00:00;1,31;1,3;1,35;367;477;34;27.076;20.371;6.706;%73.0
2025-10-25 12:00:00;1,34;1,33;1,37;367;477;34;27.115;20.378;6.737;%73.0
2025-10-25 13:00:00;1,26;1,25;1,26;368;477;35;27.327;20.565;6.761;%71.0
2025-10-25 14:00:00;1,43;1,41;1,52;367;477;35;27.172;20.386;6.786;%75.0
2025-10-25 15:00:00;1,26;1,26;1,25;367;477;35;27.092;20.319;6.773;%71.0
2025-10-25 16:00:00;1,39;1,37;1,45;366;475;36;27.062;20.350;6.711;%74.0
2025-10-25 17:00:00;1,32;1,3;1,37;368;476;36;27.323;20.602;6.721;%74.0
2025-10-25 18:00:00;1,38;1,35;1,48;368;476;36;27.321;20.575;6.746;%76.0
2025-10-25 19:00:00;1,21;1,21;1,21;369;477;35;27.431;20.711;6.719;%71.0
2025-10-25 20:00:00;1,34;1,32;1,38;367;476;35;27.214;20.493;6.721;%75.0
2025-10-25 21:00:00;1,22;1,22;1,21;369;477;34;27.524;20.797;6.726;%71.0
2025-10-25 22:00:00;1,32;1,3;1,38;369;477;34;27.353;20.713;6.640;%75.0
2025-10-25 23:00:00;1,31;1,3;1,35;368;475;33;27.485;20.850;6.635;%75.0
2025-10-26 00:00:00;1,13;1,15;1,07;370;477;33;27.669;21.019;6.649;%68.0
2025-10-26 01:00:00;1,3;1,29;1,32;368;476;32;27.456;20.776;6.680;%75.0
2025-10-26 02:00:00;1,23;1,23;1,23;370;479;31;27.546;20.867;6.679;%71.0
2025-10-26 03:00:00;1,2;1,21;1,17;369;478;30;27.602;20.908;6.694;%70.0
2025-10-26 04:00:00;1,28;1,27;1,33;363;467;30;27.834;21.236;6.599;%72.0
2025-10-26 05:00:00;1,16;1,18;1,11;369;475;30;27.654;21.068;6.585;%69.0
2025-10-26 06:00:00;1,24;1,23;1,24;371;478;30;27.463;20.867;6.597;%72.0
2025-10-26 07:00:00;1,15;1,17;1,09;371;478;30;27.591;20.956;6.635;%69.0
2025-10-26 08:00:00;1,32;1,31;1,35;369;477;31;27.294;20.647;6.647;%74.0
2025-10-26 09:00:00;1,11;1,14;1,04;370;478;32;27.675;20.992;6.683;%67.0
2025-10-26 10:00:00;1,29;1,28;1,35;370;478;32;27.461;20.811;6.650;%74.0
2025-10-26 11:00:00;1,3;1,29;1,33;369;477;33;27.386;20.729;6.656;%73.0
2025-10-26 12:00:00;1,17;1,18;1,13;369;477;33;27.437;20.735;6.702;%69.0
2025-10-26 13:00:00;1,35;1,34;1,4;366;476;34;26.957;20.230;6.727;%74.0
2025-10-26 14:00:00;1,23;1,23;1,22;367;477;35;27.192;20.453;6.739;%70.0
2025-10-26 15:00:00;1,33;1,32;1,37;366;476;35;27.046;20.287;6.759;%74.0
2025-10-26 16:00:00;1,33;1,32;1,36;366;475;35;27.086;20.376;6.709;%73.0
2025-10-26 17:00:00;1,25;1,26;1,24;366;476;35;27.222;20.469;6.753;%71.0
2025-10-26 18:00:00;1,28;1,28;1,3;365;474;35;27.263;20.504;6.760;%72.0
2025-10-26 19:00:00;1,28;1,28;1,29;365;475;35;27.274;20.448;6.826;%72.0
2025-10-26 20:00:00;1,32;1,31;1,34;365;476;34;27.162;20.357;6.805;%73.0
2025-10-26 21:00:00;1,26;1,26;1,25;367;477;34;27.305;20.534;6.771;%72.0
2025-10-26 22:00:00;1,32;1,31;1,33;367;476;33;27.223;20.536;6.688;%74.0
2025-10-26 23:00:00;1,18;1,19;1,13;369;477;33;27.526;20.857;6.669;%70.0
2025-10-27 00:00:00;1,34;1,33;1,37;368;475;32;27.391;20.745;6.646;%74.0
2025-10-27 01:00:00;1,25;1,25;1,24;367;475;32;27.424;20.754;6.670;%71.0
2025-10-27 02:00:00;1,21;1,22;1,19;369;478;31;27.297;20.639;6.657;%71.0
2025-10-27 03:00:00;1,27;1,28;1,25;367;477;30;27.301;20.585;6.716;%72.0
2025-10-27 04:00:00;1,23;1,23;1,24;361;466;30;27.701;21.071;6.630;%70.0
2025-10-27 05:00:00;1,18;1,2;1,12;367;474;30;27.357;20.756;6.601;%70.0
2025-10-27 06:00:00;1,19;1,21;1,14;368;477;30;27.130;20.513;6.617;%69.0
2025-10-27 07:00:00;1,32;1,32;1,32;367;477;30;27.106;20.432;6.674;%73.0
2025-10-27 08:00:00;1,17;1,18;1,11;368;477;32;27.418;20.734;6.684;%69.0
2025-10-27 09:00:00;1,36;1,35;1,39;367;477;34;27.249;20.524;6.724;%74.0
2025-10-27 10:00:00;1,26;1,26;1,26;369;477;34;27.402;20.709;6.694;%72.0
2025-10-27 11:00:00;1,35;1,33;1,4;367;477;34;27.251;20.508;6.743;%74.0
2025-10-27 12:00:00;1,3;1,29;1,31;367;477;35;27.285;20.498;6.788;%72.0
2025-10-27 13:00:00;1,32;1,32;1,34;366;477;35;27.074;20.267;6.807;%73.0
2025-10-27 14:00:00;1,27;1,28;1,26;366;476;36;27.089;20.289;6.799;%72.0
2025-10-27 15:00:00;1,46;1,43;1,54;365;476;36;26.951;20.153;6.798;%76.0
2025-10-27 16:00:00;1,36;1,35;1,41;366;475;36;27.065;20.299;6.766;%75.0
2025-10-27 17:00:00;1,29;1,28;1,3;366;474;37;27.263;20.493;6.770;%72.0
2025-10-27 18:00:00;1,29;1,28;1,31;366;476;36;27.363;20.521;6.841;%73.0
2025-10-27 19:00:00;1,37;1,34;1,46;367;477;35;27.376;20.565;6.811;%76.0
2025-10-27 20:00:00;1,36;1,34;1,44;367;477;34;27.421;20.616;6.806;%75.0
2025-10-27 21:00:00;1,19;1,2;1,16;368;477;34;27.736;20.927;6.809;%70.0
2025-10-27 22:00:00;1,35;1,33;1,4;368;477;33;27.346;20.623;6.723;%74.0
2025-10-27 23:00:00;1,18;1,19;1,13;368;477;33;27.245;20.541;6.704;%69.0
2025-10-28 00:00:00;1,31;1,3;1,33;365;476;32;26.861;20.173;6.688;%72.0
2025-10-28 01:00:00;1,33;1,33;1,34;364;474;32;26.809;20.159;6.650;%73.0
2025-10-28 02:00:00;1,15;1,18;1,07;367;477;31;26.944;20.291;6.653;%66.0
2025-10-28 03:00:00;1,28;1,28;1,26;365;476;31;26.936;20.231;6.705;%71.0
2025-10-28 04:00:00;1,26;1,24;1,34;360;464;31;27.573;20.970;6.603;%70.0
2025-10-28 05:00:00;1,23;1,23;1,21;368;476;30;27.292;20.686;6.606;%71.0
2025-10-28 06:00:00;1,11;1,14;1,02;370;478;30;27.358;20.759;6.599;%66.0
2025-10-28 07:00:00;1,31;1,31;1,33;368;478;31;27.061;20.423;6.638;%73.0
2025-10-28 08:00:00;1,23;1,23;1,22;369;477;32;27.280;20.605;6.675;%71.0
2025-10-28 09:00:00;1,24;1,24;1,25;368;478;34;27.255;20.551;6.704;%71.0
2025-10-28 10:00:00;1,35;1,33;1,4;367;477;34;26.881;20.197;6.684;%74.0
2025-10-28 11:00:00;1,22;1,23;1,17;365;476;34;26.685;19.948;6.736;%68.0
2025-10-28 12:00:00;1,32;1,31;1,35;365;476;35;26.840;20.073;6.767;%73.0
2025-10-28 13:00:00;1,36;1,34;1,41;365;475;36;27.057;20.238;6.819;%73.0
2025-10-28 14:00:00;1,4;1,38;1,48;365;475;36;27.129;20.294;6.835;%75.0
2025-10-28 15:00:00;1,33;1,32;1,36;364;474;36;27.204;20.388;6.816;%73.0
2025-10-28 16:00:00;1,29;1,29;1,29;365;475;35;27.206;20.390;6.817;%73.0
2025-10-28 17:00:00;1,37;1,35;1,42;366;476;35;27.125;20.343;6.782;%75.0
2025-10-28 18:00:00;1,32;1,31;1,35;367;477;35;27.216;20.430;6.786;%74.0
2025-10-28 19:00:00;1,31;1,3;1,34;367;477;35;27.262;20.503;6.759;%74.0
2025-10-28 20:00:00;1,36;1,35;1,41;367;476;35;27.318;20.555;6.763;%74.0
2025-10-28 21:00:00;1,26;1,26;1,24;366;476;34;27.461;20.643;6.818;%72.0
2025-10-28 22:00:00;1,29;1,29;1,3;367;477;33;27.317;20.571;6.745;%72.0
2025-10-28 23:00:00;1,25;1,25;1,25;368;477;33;27.277;20.591;6.687;%72.0
2025-10-29 00:00:00;1,35;1,34;1,37;367;477;32;27.078;20.411;6.667;%74.0
2025-10-29 01:00:00;1,25;1,26;1,22;367;475;32;27.472;20.759;6.713;%71.0
2025-10-29 02:00:00;1,23;1,24;1,19;368;477;31;27.227;20.553;6.674;%71.0
2025-10-29 03:00:00;1,23;1,24;1,18;367;476;31;27.192;20.502;6.690;%71.0
2025-10-29 04:00:00;1,34;1,31;1,44;360;463;31;27.432;20.845;6.587;%72.0
2025-10-29 05:00:00;1,14;1,17;1,06;368;477;30;26.984;20.415;6.569;%67.0
2025-10-29 06:00:00;1,27;1,28;1,27;369;478;30;26.968;20.413;6.554;%73.0
2025-10-29 07:00:00;1,18;1,2;1,14;369;478;31;27.278;20.640;6.638;%69.0
2025-10-29 08:00:00;1,29;1,28;1,32;368;477;31;27.228;20.547;6.682;%72.0
2025-10-29 09:00:00;1,24;1,24;1,22;368;477;32;27.288;20.554;6.734;%71.0
2025-10-29 10:00:00;1,2;1,21;1,17;368;477;33;27.453;20.727;6.726;%71.0
2025-10-29 11:00:00;1,34;1,32;1,39;367;477;34;27.130;20.395;6.735;%74.0
2025-10-29 12:00:00;1,32;1,31;1,36;366;476;34;27.104;20.345;6.759;%73.0
2025-10-29 13:00:00;1,23;1,24;1,23;365;474;35;27.247;20.490;6.756;%71.0
2025-10-29 14:00:00;1,35;1,33;1,4;365;476;35;27.073;20.269;6.804;%74.0
2025-10-29 15:00:00;1,23;1,23;1,2;366;477;35;27.310;20.480;6.831;%71.0
2025-10-29 16:00:00;1,41;1,37;1,5;367;476;35;27.150;20.395;6.756;%77.0
2025-10-29 17:00:00;1,33;1,32;1,37;365;474;36;27.548;20.695;6.853;%72.0
2025-10-29 18:00:00;1,37;1,36;1,42;366;475;35;27.378;20.600;6.778;%75.0
2025-10-29 19:00:00;1,24;1,24;1,25;367;477;35;27.648;20.811;6.837;%72.0
2025-10-29 20:00:00;1,32;1,31;1,38;367;477;34;27.510;20.709;6.801;%75.0
2025-10-29 21:00:00;1,38;1,36;1,44;367;477;34;27.353;20.566;6.787;%75.0
2025-10-29 22:00:00;1,18;1,19;1,14;369;477;34;27.583;20.886;6.697;%70.0
2025-10-29 23:00:00;1,32;1,31;1,35;368;477;33;27.372;20.654;6.718;%74.0
2025-10-30 00:00:00;1,22;1,23;1,22;368;477;32;27.519;20.784;6.735;%71.0
2025-10-30 01:00:00;1,21;1,22;1,2;368;476;32;27.678;20.959;6.719;%71.0
2025-10-30 02:00:00;1,33;1,32;1,36;369;478;31;27.343;20.696;6.646;%74.0
2025-10-30 03:00:00;1,11;1,14;1,03;369;477;31;27.615;20.915;6.700;%67.0
2025-10-30 04:00:00;1,35;1,31;1,48;360;464;31;27.774;21.145;6.628;%73.0
2025-10-30 05:00:00;1,23;1,24;1,2;369;476;30;27.314;20.714;6.600;%71.0
2025-10-30 06:00:00;1,19;1,2;1,15;370;478;30;27.323;20.713;6.611;%70.0
2025-10-30 07:00:00;1,26;1,26;1,24;369;478;31;27.325;20.637;6.687;%72.0
2025-10-30 08:00:00;1,24;1,25;1,23;368;478;32;27.509;20.752;6.757;%72.0
2025-10-30 09:00:00;1,35;1,34;1,38;367;477;34;27.375;20.587;6.788;%74.0
2025-10-30 10:00:00;1,33;1,32;1,36;367;477;34;27.275;20.525;6.750;%74.0
2025-10-30 11:00:00;1,26;1,25;1,27;368;477;35;27.417;20.678;6.739;%73.0
2025-10-30 12:00:00;1,44;1,42;1,51;366;475;35;27.260;20.508;6.751;%76.0
2025-10-30 13:00:00;1,27;1,27;1,26;366;476;35;27.381;20.565;6.816;%72.0
2025-10-30 14:00:00;1,38;1,36;1,43;366;476;36;27.156;20.329;6.827;%75.0
2025-10-30 15:00:00;1,33;1,31;1,38;367;477;36;27.351;20.516;6.835;%74.0
2025-10-30 16:00:00;1,33;1,31;1,37;367;477;36;27.341;20.554;6.787;%74.0
2025-10-30 17:00:00;1,36;1,34;1,39;366;476;37;27.274;20.479;6.794;%74.0
2025-10-30 18:00:00;1,27;1,27;1,28;366;476;36;27.306;20.503;6.803;%72.0
2025-10-30 19:00:00;1,36;1,34;1,4;366;477;35;27.255;20.436;6.819;%75.0
2025-10-30 20:00:00;1,36;1,33;1,43;367;477;34;27.409;20.601;6.808;%75.0
2025-10-30 21:00:00;1,22;1,22;1,21;368;477;34;27.540;20.728;6.812;%71.0
2025-10-30 22:00:00;1,32;1,31;1,36;367;476;33;27.279;20.573;6.706;%75.0
2025-10-30 23:00:00;1,2;1,21;1,18;368;477;33;27.472;20.741;6.730;%70.0
2025-10-31 00:00:00;1,28;1,27;1,31;368;477;32;27.386;20.673;6.713;%73.0
2025-10-31 01:00:00;1,31;1,3;1,33;366;475;32;27.348;20.628;6.721;%74.0
2025-10-31 02:00:00;1,11;1,14;1,02;368;478;31;27.532;20.778;6.754;%67.0
2025-10-31 03:00:00;1,35;1,33;1,39;366;477;31;27.269;20.499;6.770;%76.0
2025-10-31 04:00:00;1,2;1,19;1,21;361;464;31;27.845;21.212;6.633;%69.0
2025-10-31 05:00:00;1,25;1,26;1,22;369;476;30;27.249;20.672;6.577;%71.0
2025-10-31 06:00:00;1,21;1,22;1,17;370;478;30;27.310;20.723;6.587;%70.0
2025-10-31 07:00:00;1,3;1,29;1,33;368;478;31;27.378;20.675;6.703;%74.0
2025-10-31 08:00:00;1,2;1,21;1,15;368;477;32;27.439;20.675;6.764;%69.0
2025-10-31 09:00:00;1,33;1,32;1,34;366;477;33;27.042;20.254;6.788;%73.0
2025-10-31 10:00:00;1,25;1,25;1,24;367;476;34;27.159;20.432;6.727;%71.0
2025-10-31 11:00:00;1,37;1,35;1,42;366;476;35;27.142;20.403;6.739;%75.0
2025-10-31 12:00:00;1,28;1,28;1,29;366;476;35;27.333;20.523;6.810;%72.0
2025-10-31 13:00:00;1,35;1,34;1,39;366;476;35;27.281;20.452;6.829;%74.0
2025-10-31 14:00:00;1,26;1,27;1,26;366;476;36;27.559;20.708;6.851;%72.0
2025-10-31 15:00:00;1,44;1,41;1,53;366;477;36;27.335;20.452;6.883;%76.0
2025-10-31 16:00:00;1,35;1,33;1,4;367;477;36;27.302;20.487;6.815;%74.0
2025-10-31 17:00:00;1,38;1,36;1,44;366;476;37;27.132;20.330;6.802;%74.0
2025-10-31 18:00:00;1,32;1,31;1,36;365;475;36;27.062;20.239;6.823;%72.0
2025-10-31 19:00:00;1,38;1,37;1,43;365;476;36;27.036;20.258;6.778;%74.0
2025-10-31 20:00:00;1,25;1,25;1,24;367;476;35;27.357;20.567;6.790;%71.0
2025-10-31 21:00:00;1,39;1,36;1,47;365;476;35;27.253;20.421;6.832;%75.0
2025-10-31 22:00:00;1,34;1,32;1,37;366;476;34;27.176;20.432;6.744;%74.0
2025-10-31 23:00:00;1,22;1,23;1,18;367;477;33;27.371;20.625;6.746;%70.0
2025-11-01 00:00:00;1,31;1,31;1,31;367;477;32;27.306;20.573;6.733;%73.0
2025-11-01 01:00:00;1,26;1,26;1,26;367;476;32;27.532;20.780;6.752;%73.0
2025-11-01 02:00:00;1,27;1,27;1,26;368;477;31;27.287;20.588;6.698;%72.0
2025-11-01 03:00:00;1,3;1,31;1,3;367;476;31;27.269;20.566;6.704;%72.0
2025-11-01 04:00:00;1,21;1,19;1,26;365;469;31;27.566;20.996;6.570;%68.0
2025-11-01 05:00:00;1,32;1,32;1,31;365;471;30;27.393;20.804;6.588;%73.0
2025-11-01 06:00:00;1,21;1,21;1,19;371;479;30;27.512;20.886;6.626;%71.0
2025-11-01 07:00:00;1,17;1,18;1,12;370;479;30;27.683;20.982;6.702;%70.0
2025-11-01 08:00:00;1,34;1,34;1,36;368;477;32;27.426;20.703;6.723;%74.0
2025-11-01 09:00:00;1,18;1,19;1,14;370;478;32;27.587;20.856;6.731;%70.0
2025-11-01 10:00:00;1,34;1,33;1,38;368;477;33;27.274;20.565;6.709;%75.0
2025-11-01 11:00:00;1,3;1,29;1,34;368;477;34;27.270;20.563;6.707;%73.0
2025-11-01 12:00:00;1,29;1,28;1,31;368;477;35;27.247;20.512;6.735;%73.0
2025-11-01 13:00:00;1,37;1,36;1,43;366;477;35;27.189;20.395;6.794;%75.0
2025-11-01 14:00:00;1,28;1,28;1,28;366;476;36;27.348;20.526;6.822;%72.0
2025-11-01 15:00:00;1,32;1,31;1,35;366;476;36;27.461;20.623;6.839;%74.0
2025-11-01 16:00:00;1,42;1,39;1,53;367;477;36;27.435;20.616;6.818;%77.0
2025-11-01 17:00:00;1,36;1,34;1,41;367;477;36;27.242;20.471;6.771;%75.0
2025-11-01 18:00:00;1,23;1,24;1,22;368;477;36;27.415;20.618;6.797;%71.0
2025-11-01 19:00:00;1,36;1,34;1,41;367;477;35;27.379;20.576;6.803;%75.0
2025-11-01 20:00:00;1,31;1,29;1,35;368;477;35;27.540;20.758;6.783;%74.0
2025-11-01 21:00:00;1,32;1,3;1,37;367;476;34;27.637;20.815;6.823;%74.0
2025-11-01 22:00:00;1,3;1,29;1,31;368;477;34;27.460;20.706;6.754;%73.0
2025-11-01 23:00:00;1,26;1,26;1,24;368;477;33;27.472;20.733;6.739;%72.0
2025-11-02 00:00:00;1,24;1,25;1,23;368;476;33;27.527;20.808;6.720;%72.0
2025-11-02 01:00:00;1,28;1,28;1,31;367;476;32;27.447;20.716;6.731;%73.0
2025-11-02 02:00:00;1,22;1,23;1,19;369;478;31;27.393;20.714;6.679;%71.0
2025-11-02 03:00:00;1,26;1,26;1,25;368;477;31;27.472;20.777;6.696;%72.0
2025-11-02 04:00:00;1,16;1,16;1,16;367;473;31;27.774;21.116;6.658;%68.0
2025-11-02 05:00:00;1,29;1,29;1,29;363;468;30;27.753;21.131;6.622;%74.0
2025-11-02 06:00:00;1,23;1,23;1,22;371;479;30;27.539;20.907;6.632;%72.0
2025-11-02 07:00:00;1,14;1,16;1,07;369;478;30;27.574;20.883;6.691;%68.0
2025-11-02 08:00:00;1,23;1,24;1,21;369;477;31;27.457;20.776;6.681;%71.0
2025-11-02 09:00:00;1,2;1,21;1,17;369;478;31;27.414;20.723;6.691;%70.0
2025-11-02 10:00:00;1,31;1,3;1,33;368;478;32;27.069;20.404;6.665;%73.0
2025-11-02 11:00:00;1,24;1,26;1,21;367;477;32;27.042;20.325;6.716;%70.0
2025-11-02 12:00:00;1,29;1,3;1,28;365;477;33;26.873;20.130;6.743;%71.0
2025-11-02 13:00:00;1,3;1,3;1,27;364;476;34;26.720;19.957;6.763;%71.0
2025-11-02 14:00:00;1,26;1,26;1,23;365;477;34;27.010;20.209;6.802;%71.0
2025-11-02 15:00:00;1,36;1,34;1,41;364;475;35;27.107;20.274;6.833;%74.0
2025-11-02 16:00:00;1,36;1,35;1,4;364;476;35;26.900;20.114;6.786;%74.0
2025-11-02 17:00:00;1,22;1,24;1,16;364;476;35;26.906;20.097;6.809;%69.0
2025-11-02 18:00:00;1,41;1,39;1,46;364;476;35;26.776;19.974;6.802;%75.0
2025-11-02 19:00:00;1,25;1,25;1,24;367;477;35;27.305;20.523;6.782;%72.0
2025-11-02 20:00:00;1,33;1,32;1,38;367;477;34;27.428;20.635;6.794;%75.0
2025-11-02 21:00:00;1,25;1,25;1,24;367;476;34;27.641;20.821;6.820;%72.0
2025-11-02 22:00:00;1,33;1,33;1,35;366;476;34;27.528;20.712;6.816;%73.0
2025-11-02 23:00:00;1,28;1,27;1,29;368;477;34;27.460;20.688;6.772;%73.0
2025-11-03 00:00:00;1,3;1,29;1,3;367;477;32;27.329;20.586;6.743;%73.0
2025-11-03 01:00:00;1,27;1,28;1,24;366;475;31;27.325;20.597;6.728;%71.0
2025-11-03 02:00:00;1,22;1,24;1,17;368;477;31;27.209;20.530;6.680;%70.0
2025-11-03 03:00:00;1,21;1,23;1,16;366;476;30;27.171;20.457;6.714;%70.0
2025-11-03 04:00:00;1,31;1,28;1,38;364;472;30;27.099;20.494;6.605;%72.0
2025-11-03 05:00:00;1,13;1,16;1,03;362;466;30;27.576;20.967;6.609;%67.0
2025-11-03 06:00:00;1,24;1,25;1,21;369;478;30;27.271;20.643;6.628;%72.0
2025-11-03 07:00:00;1,2;1,2;1,17;370;478;30;27.627;20.940;6.687;%71.0
2025-11-03 08:00:00;1,27;1,26;1,31;369;478;32;27.551;20.801;6.749;%74.0
2025-11-03 09:00:00;1,26;1,26;1,26;367;478;33;27.303;20.530;6.773;%73.0
2025-11-03 10:00:00;1,21;1,22;1,19;368;478;34;27.090;20.409;6.681;%70.0
2025-11-03 11:00:00;;;;;;;;;;