Pursaklar ANKTOCDELLCLD01;Latency;Read Latency;Write Latency;Avg. Size;Read Size;Write Size;Total IOPS;Read IOPS;Write IOPS;CPU Utilization
2025-10-04 10:09:46;;;;;;;;;;
2025-10-04 11:00:00;0,3;0,75;0,24;22;44;19;2.657;0.283;2.374;%6.0
2025-10-04 12:00:00;0,3;0,76;0,25;24;42;21;2.717;0.302;2.415;%6.0
2025-10-04 13:00:00;0,31;0,81;0,25;22;46;19;2.690;0.299;2.391;%6.0
2025-10-04 14:00:00;0,3;0,76;0,25;22;43;19;2.759;0.277;2.482;%6.0
2025-10-04 15:00:00;0,3;0,77;0,24;22;44;19;2.651;0.269;2.382;%6.0
2025-10-04 16:00:00;0,3;0,81;0,25;22;47;19;2.699;0.251;2.448;%6.0
2025-10-04 17:00:00;0,3;0,78;0,24;22;46;19;2.658;0.266;2.392;%6.0
2025-10-04 18:00:00;0,29;0,76;0,24;21;45;19;2.597;0.247;2.350;%6.0
2025-10-04 19:00:00;0,29;0,79;0,24;22;47;20;2.630;0.251;2.379;%6.0
2025-10-04 20:00:00;0,29;0,76;0,24;22;44;19;2.687;0.267;2.419;%7.0
2025-10-04 21:00:00;0,3;0,76;0,24;22;44;20;2.662;0.280;2.382;%6.0
2025-10-04 22:00:00;0,31;0,79;0,25;22;45;20;2.709;0.288;2.422;%7.0
2025-10-04 23:00:00;0,3;0,77;0,24;22;45;19;2.647;0.265;2.382;%6.0
2025-10-05 00:00:00;0,29;0,79;0,24;22;47;19;2.616;0.253;2.363;%6.0
2025-10-05 01:00:00;0,29;0,74;0,24;22;50;19;2.628;0.255;2.373;%6.0
2025-10-05 02:00:00;0,29;0,74;0,24;22;45;19;2.677;0.259;2.418;%6.0
2025-10-05 03:00:00;0,31;0,63;0,24;22;37;19;2.835;0.469;2.366;%6.0
2025-10-05 04:00:00;0,3;0,73;0,25;23;50;20;2.745;0.287;2.457;%6.0
2025-10-05 05:00:00;0,29;0,78;0,24;22;47;19;2.590;0.243;2.347;%6.0
2025-10-05 06:00:00;0,3;0,79;0,24;22;45;19;2.636;0.277;2.359;%6.0
2025-10-05 07:00:00;0,29;0,73;0,24;22;47;19;2.577;0.248;2.329;%6.0
2025-10-05 08:00:00;0,31;0,49;0,25;21;26;20;3.222;0.756;2.466;%7.0
2025-10-05 09:00:00;0,3;0,44;0,25;21;26;19;3.271;0.929;2.342;%7.0
2025-10-05 10:00:00;0,31;0,46;0,25;21;25;20;3.309;0.883;2.426;%7.0
2025-10-05 11:00:00;0,31;0,41;0,25;20;20;19;3.931;1.574;2.357;%8.0
2025-10-05 12:00:00;0,31;0,45;0,25;22;24;22;3.351;0.963;2.388;%7.0
2025-10-05 13:00:00;0,3;0,47;0,24;21;27;19;3.144;0.808;2.336;%7.0
2025-10-05 14:00:00;0,3;0,46;0,25;21;27;19;3.210;0.768;2.442;%7.0
2025-10-05 15:00:00;0,3;0,5;0,24;21;27;20;3.095;0.716;2.379;%7.0
2025-10-05 16:00:00;0,31;0,47;0,25;21;26;20;3.299;0.857;2.442;%7.0
2025-10-05 17:00:00;0,3;0,45;0,24;21;27;19;3.218;0.840;2.378;%7.0
2025-10-05 18:00:00;0,3;0,46;0,24;20;25;19;3.154;0.802;2.353;%7.0
2025-10-05 19:00:00;0,3;0,45;0,24;21;24;19;3.251;0.881;2.370;%7.0
2025-10-05 20:00:00;0,3;0,42;0,25;22;27;20;3.438;0.998;2.440;%7.0
2025-10-05 21:00:00;0,29;0,46;0,24;21;25;19;3.108;0.754;2.354;%7.0
2025-10-05 22:00:00;0,31;0,46;0,26;21;25;19;3.274;0.862;2.412;%9.0
2025-10-05 23:00:00;0,3;0,46;0,24;21;25;19;3.188;0.826;2.362;%7.0
2025-10-06 00:00:00;0,3;0,45;0,24;20;24;19;3.189;0.847;2.342;%7.0
2025-10-06 01:00:00;0,3;0,44;0,24;21;26;19;3.214;0.875;2.339;%7.0
2025-10-06 02:00:00;0,3;0,46;0,25;21;24;20;3.318;0.865;2.453;%7.0
2025-10-06 03:00:00;0,31;0,46;0,25;21;24;19;3.476;1.114;2.363;%7.0
2025-10-06 04:00:00;0,31;0,45;0,26;21;24;20;3.454;0.935;2.519;%7.0
2025-10-06 05:00:00;0,3;0,46;0,24;21;25;19;3.187;0.827;2.361;%7.0
2025-10-06 06:00:00;0,3;0,46;0,24;21;25;19;3.188;0.817;2.371;%7.0
2025-10-06 07:00:00;0,3;0,45;0,25;21;24;20;3.246;0.874;2.372;%7.0
2025-10-06 08:00:00;0,36;0,52;0,3;21;24;19;3.383;0.926;2.457;%17.0
2025-10-06 09:00:00;0,3;0,44;0,25;21;24;20;3.302;0.914;2.388;%7.0
2025-10-06 10:00:00;0,3;0,44;0,25;21;24;20;3.416;0.974;2.442;%7.0
2025-10-06 11:00:00;0,3;0,44;0,24;21;23;19;3.379;0.983;2.396;%7.0
2025-10-06 12:00:00;0,32;0,47;0,25;23;25;22;3.423;0.995;2.428;%7.0
2025-10-06 13:00:00;0,31;0,44;0,25;21;24;19;3.398;1.033;2.365;%7.0
2025-10-06 14:00:00;0,3;0,43;0,25;21;24;19;3.436;0.987;2.449;%7.0
2025-10-06 15:00:00;0,31;0,43;0,25;21;24;19;3.521;1.118;2.403;%7.0
2025-10-06 16:00:00;0,32;0,41;0,25;20;20;20;4.195;1.699;2.496;%8.0
2025-10-06 17:00:00;0,29;0,34;0,25;25;36;19;3.809;1.431;2.378;%8.0
2025-10-06 18:00:00;0,3;0,44;0,24;20;23;19;3.440;1.075;2.365;%7.0
2025-10-06 19:00:00;0,32;0,49;0,24;21;25;19;3.337;0.974;2.363;%7.0
2025-10-06 20:00:00;0,3;0,44;0,25;21;23;19;3.420;0.967;2.454;%7.0
2025-10-06 21:00:00;0,3;0,45;0,25;21;24;20;3.291;0.923;2.368;%7.0
2025-10-06 22:00:00;0,3;0,45;0,25;21;24;20;3.366;0.939;2.428;%7.0
2025-10-06 23:00:00;0,32;0,46;0,26;21;24;19;3.391;1.015;2.376;%11.0
2025-10-07 00:00:00;0,32;0,47;0,25;21;24;19;3.314;0.933;2.381;%11.0
2025-10-07 01:00:00;0,3;0,44;0,25;21;24;20;3.366;0.983;2.383;%7.0
2025-10-07 02:00:00;0,32;0,43;0,28;21;24;20;3.503;0.982;2.521;%7.0
2025-10-07 03:00:00;0,31;0,46;0,25;21;25;20;3.439;1.024;2.415;%7.0
2025-10-07 04:00:00;0,29;0,75;0,25;22;47;19;2.677;0.257;2.419;%6.0
2025-10-07 05:00:00;0,3;0,79;0,24;22;48;19;2.653;0.270;2.383;%6.0
2025-10-07 06:00:00;0,3;0,78;0,24;22;47;19;2.632;0.269;2.363;%6.0
2025-10-07 07:00:00;0,3;0,75;0,24;22;46;19;2.648;0.274;2.373;%6.0
2025-10-07 08:00:00;0,3;0,77;0,25;22;46;20;2.739;0.264;2.475;%6.0
2025-10-07 09:00:00;0,29;0,68;0,24;23;50;19;2.732;0.311;2.420;%6.0
2025-10-07 10:00:00;0,3;0,77;0,24;22;46;19;2.721;0.267;2.454;%6.0
2025-10-07 11:00:00;0,29;0,63;0,24;23;46;19;2.795;0.340;2.455;%6.0
2025-10-07 12:00:00;0,29;0,69;0,25;23;48;21;2.688;0.283;2.405;%7.0
2025-10-07 13:00:00;0,29;0,61;0,24;24;53;19;2.773;0.376;2.397;%6.0
2025-10-07 14:00:00;0,29;0,7;0,24;22;49;19;2.735;0.267;2.468;%6.0
2025-10-07 15:00:00;0,3;0,77;0,24;23;51;19;2.697;0.295;2.402;%6.0
2025-10-07 16:00:00;0,29;0,67;0,24;22;50;19;2.736;0.288;2.448;%6.0
2025-10-07 17:00:00;0,28;0,65;0,24;21;47;19;2.655;0.266;2.389;%6.0
2025-10-07 18:00:00;0,29;0,66;0,24;22;48;19;2.723;0.297;2.425;%6.0
2025-10-07 19:00:00;0,28;0,53;0,24;23;49;20;2.753;0.371;2.383;%7.0
2025-10-07 20:00:00;0,29;0,65;0,25;22;45;20;2.752;0.300;2.452;%7.0
2025-10-07 21:00:00;0,29;0,65;0,24;23;44;20;2.655;0.298;2.357;%7.0
2025-10-07 22:00:00;0,29;0,63;0,25;22;44;20;2.759;0.317;2.442;%7.0
2025-10-07 23:00:00;0,29;0,63;0,24;22;43;19;2.664;0.300;2.363;%6.0
2025-10-08 00:00:00;0,28;0,61;0,24;22;46;19;2.673;0.317;2.356;%6.0
2025-10-08 01:00:00;0,29;0,5;0,24;22;30;20;2.944;0.570;2.374;%7.0
2025-10-08 02:00:00;0,34;0,44;0,3;22;26;20;3.472;0.885;2.586;%7.0
2025-10-08 03:00:00;0,31;0,44;0,25;21;25;20;3.504;1.111;2.393;%7.0
2025-10-08 04:00:00;0,31;0,4;0,25;20;21;20;3.889;1.440;2.449;%8.0
2025-10-08 05:00:00;0,3;0,43;0,24;21;25;19;3.334;0.962;2.372;%7.0
2025-10-08 06:00:00;0,3;0,44;0,24;21;26;19;3.278;0.907;2.371;%7.0
2025-10-08 07:00:00;0,3;0,45;0,25;21;26;19;3.257;0.872;2.385;%7.0
2025-10-08 08:00:00;0,3;0,47;0,25;22;27;20;3.252;0.814;2.438;%7.0
2025-10-08 09:00:00;0,3;0,47;0,24;21;28;19;3.104;0.734;2.370;%7.0
2025-10-08 10:00:00;0,3;0,43;0,25;21;25;20;3.460;0.999;2.461;%7.0
2025-10-08 11:00:00;0,3;0,45;0,24;21;27;19;3.184;0.826;2.358;%7.0
2025-10-08 12:00:00;0,31;0,46;0,25;23;27;22;3.372;0.908;2.464;%7.0
2025-10-08 13:00:00;0,3;0,44;0,25;21;25;20;3.318;0.954;2.363;%7.0
2025-10-08 14:00:00;0,3;0,44;0,24;21;26;19;3.276;0.859;2.416;%7.0
2025-10-08 15:00:00;0,31;0,42;0,26;23;27;22;3.301;0.915;2.386;%10.0
2025-10-08 16:00:00;0,3;0,44;0,25;21;27;20;3.248;0.800;2.448;%7.0
2025-10-08 17:00:00;0,3;0,45;0,25;22;29;20;3.372;0.959;2.413;%7.0
2025-10-08 18:00:00;0,3;0,44;0,25;22;26;20;3.385;0.970;2.415;%7.0
2025-10-08 19:00:00;0,3;0,43;0,24;21;25;19;3.381;1.005;2.376;%7.0
2025-10-08 20:00:00;0,32;0,45;0,28;22;26;20;3.293;0.824;2.469;%7.0
2025-10-08 21:00:00;0,3;0,44;0,25;21;26;19;3.289;0.875;2.413;%7.0
2025-10-08 22:00:00;0,32;0,43;0,28;21;24;20;3.454;1.017;2.437;%7.0
2025-10-08 23:00:00;0,3;0,44;0,25;21;26;19;3.269;0.860;2.409;%7.0
2025-10-09 00:00:00;0,3;0,43;0,24;22;29;19;3.332;0.932;2.400;%7.0
2025-10-09 01:00:00;0,28;0,5;0,23;21;34;18;2.474;0.462;2.012;%7.0
2025-10-09 02:00:00;0,31;0,45;0,28;23;34;21;3.089;0.478;2.611;%7.0
2025-10-09 03:00:00;0,31;0,54;0,25;23;31;20;3.132;0.680;2.451;%7.0
2025-10-09 04:00:00;0,3;0,55;0,25;23;40;20;2.984;0.477;2.507;%7.0
2025-10-09 05:00:00;0,29;0,61;0,24;22;37;20;2.815;0.389;2.426;%6.0
2025-10-09 06:00:00;0,29;0,59;0,24;22;36;20;2.803;0.386;2.417;%6.0
2025-10-09 07:00:00;0,29;0,59;0,24;23;36;20;2.805;0.397;2.408;%6.0
2025-10-09 08:00:00;0,29;0,6;0,25;23;39;20;2.898;0.404;2.495;%7.0
2025-10-09 09:00:00;0,34;0,73;0,28;23;40;21;2.820;0.407;2.413;%15.0
2025-10-09 10:00:00;0,3;0,59;0,25;23;42;20;2.918;0.452;2.466;%7.0
2025-10-09 11:00:00;0,3;0,63;0,25;22;37;20;2.843;0.405;2.438;%6.0
2025-10-09 12:00:00;0,31;0,64;0,25;24;37;22;2.914;0.407;2.507;%7.0
2025-10-09 13:00:00;0,3;0,64;0,25;24;41;21;2.880;0.430;2.450;%6.0
2025-10-09 14:00:00;0,31;0,65;0,25;23;36;21;2.966;0.419;2.547;%6.0
2025-10-09 15:00:00;0,31;0,65;0,25;23;36;20;2.869;0.414;2.455;%6.0
2025-10-09 16:00:00;0,32;0,68;0,26;23;37;21;2.964;0.416;2.548;%7.0
2025-10-09 17:00:00;0,32;0,64;0,26;23;37;20;2.892;0.439;2.453;%7.0
2025-10-09 18:00:00;0,32;0,66;0,26;23;38;20;2.905;0.464;2.440;%11.0
2025-10-09 19:00:00;0,31;0,65;0,25;23;35;21;2.894;0.425;2.469;%6.0
2025-10-09 20:00:00;0,3;0,58;0,25;24;41;21;2.988;0.464;2.524;%7.0
2025-10-09 21:00:00;0,3;0,65;0,25;23;37;21;2.865;0.417;2.448;%6.0
2025-10-09 22:00:00;0,34;0,63;0,28;24;37;21;3.008;0.475;2.532;%7.0
2025-10-09 23:00:00;0,31;0,48;0,25;21;24;20;3.418;0.970;2.449;%7.0
2025-10-10 00:00:00;0,31;0,45;0,25;23;29;21;3.535;1.068;2.468;%7.0
2025-10-10 01:00:00;0,35;0,54;0,27;23;29;20;3.537;1.063;2.474;%16.0
2025-10-10 02:00:00;0,37;0,44;0,32;22;21;22;4.223;1.610;2.613;%8.0
2025-10-10 03:00:00;0,35;0,51;0,26;23;25;22;3.904;1.388;2.516;%8.0
2025-10-10 04:00:00;0,34;0,46;0,29;22;24;21;3.559;1.039;2.520;%7.0
2025-10-10 05:00:00;0,31;0,48;0,25;21;24;20;3.373;0.918;2.455;%7.0
2025-10-10 06:00:00;0,31;0,47;0,25;21;23;20;3.537;1.062;2.475;%7.0
2025-10-10 07:00:00;0,34;0,52;0,27;21;24;20;3.431;0.979;2.453;%13.0
2025-10-10 08:00:00;0,34;0,47;0,29;22;24;21;3.526;0.983;2.542;%7.0
2025-10-10 09:00:00;0,32;0,51;0,25;22;26;20;3.413;0.931;2.482;%7.0
2025-10-10 10:00:00;0,34;0,5;0,28;22;25;21;3.555;1.010;2.545;%7.0
2025-10-10 11:00:00;0,32;0,47;0,25;21;23;20;3.670;1.192;2.478;%7.0
2025-10-10 12:00:00;0,37;0,55;0,29;23;26;22;3.670;1.113;2.557;%13.0
2025-10-10 13:00:00;0,33;0,49;0,26;23;28;20;3.502;1.043;2.459;%12.0
2025-10-10 14:00:00;0,35;0,48;0,3;23;25;22;3.617;1.054;2.563;%8.0
2025-10-10 15:00:00;0,32;0,48;0,26;23;27;22;3.469;0.974;2.494;%7.0
2025-10-10 16:00:00;0,32;0,47;0,25;22;24;21;3.646;1.100;2.546;%7.0
2025-10-10 17:00:00;0,32;0,48;0,25;21;23;20;3.610;1.128;2.481;%7.0
2025-10-10 18:00:00;0,33;0,49;0,26;21;24;20;3.573;1.108;2.465;%10.0
2025-10-10 19:00:00;0,35;0,56;0,27;22;26;20;3.437;0.983;2.454;%13.0
2025-10-10 20:00:00;0,33;0,48;0,27;22;23;21;3.673;1.103;2.571;%7.0
2025-10-10 21:00:00;0,32;0,48;0,25;22;24;21;3.550;1.084;2.466;%7.0
2025-10-10 22:00:00;0,34;0,48;0,28;22;26;21;3.598;1.075;2.523;%7.0
2025-10-10 23:00:00;0,32;0,49;0,25;21;24;20;3.420;0.960;2.459;%8.0
2025-10-11 00:00:00;0,39;0,62;0,29;22;26;20;3.473;0.990;2.483;%19.0
2025-10-11 01:00:00;0,32;0,46;0,25;22;24;20;3.659;1.190;2.469;%7.0
2025-10-11 02:00:00;0,32;0,47;0,26;23;26;22;3.675;1.142;2.533;%7.0
2025-10-11 03:00:00;0,34;0,47;0,25;21;23;20;4.059;1.618;2.441;%7.0
2025-10-11 04:00:00;0,45;0,48;0,43;23;22;23;3.745;1.235;2.510;%9.0
2025-10-11 05:00:00;0,35;0,48;0,29;21;23;21;3.622;1.163;2.459;%20.0
2025-10-11 06:00:00;0,32;0,46;0,25;21;23;20;3.638;1.177;2.461;%7.0
2025-10-11 07:00:00;0,31;0,46;0,25;21;23;20;3.572;1.113;2.459;%7.0
2025-10-11 08:00:00;0,32;0,44;0,25;22;23;21;3.880;1.342;2.538;%8.0
2025-10-11 09:00:00;0,31;0,43;0,25;22;25;20;3.737;1.274;2.463;%7.0
2025-10-11 10:00:00;0,37;0,53;0,29;21;23;20;3.762;1.218;2.543;%13.0
2025-10-11 11:00:00;0,32;0,41;0,25;20;20;20;4.396;1.936;2.460;%8.0
2025-10-11 12:00:00;0,33;0,46;0,27;23;23;22;3.726;1.192;2.534;%7.0
2025-10-11 13:00:00;0,31;0,45;0,25;21;24;20;3.638;1.185;2.453;%7.0
2025-10-11 14:00:00;0,34;0,45;0,29;22;23;21;3.839;1.194;2.645;%8.0
2025-10-11 15:00:00;0,33;0,46;0,26;21;23;21;3.610;1.177;2.433;%10.0
2025-10-11 16:00:00;0,32;0,46;0,25;21;23;20;3.618;1.108;2.510;%7.0
2025-10-11 17:00:00;0,32;0,45;0,25;22;26;20;3.735;1.264;2.470;%7.0
2025-10-11 18:00:00;0,31;0,45;0,24;21;23;20;3.634;1.178;2.456;%7.0
2025-10-11 19:00:00;0,31;0,46;0,25;21;23;20;3.519;1.072;2.447;%7.0
2025-10-11 20:00:00;0,31;0,45;0,25;21;22;20;3.723;1.212;2.511;%7.0
2025-10-11 21:00:00;0,34;0,5;0,26;21;22;20;3.650;1.211;2.438;%12.0
2025-10-11 22:00:00;0,32;0,47;0,25;21;23;20;3.743;1.216;2.527;%7.0
2025-10-11 23:00:00;0,32;0,46;0,25;21;23;20;3.675;1.212;2.463;%7.0
2025-10-12 00:00:00;0,32;0,46;0,25;21;22;20;3.693;1.237;2.456;%7.0
2025-10-12 01:00:00;0,32;0,48;0,25;21;25;20;3.582;1.140;2.441;%7.0
2025-10-12 02:00:00;0,31;0,7;0,25;23;35;20;2.990;0.431;2.559;%7.0
2025-10-12 03:00:00;0,34;0,68;0,26;23;35;21;3.049;0.590;2.459;%10.0
2025-10-12 04:00:00;0,32;0,7;0,25;23;36;20;2.955;0.440;2.515;%6.0
2025-10-12 05:00:00;0,32;0,71;0,25;23;39;20;2.895;0.441;2.454;%6.0
2025-10-12 06:00:00;0,32;0,71;0,25;22;35;20;2.875;0.430;2.445;%6.0
2025-10-12 07:00:00;0,31;0,63;0,25;23;39;20;2.962;0.504;2.458;%6.0
2025-10-12 08:00:00;0,32;0,73;0,25;22;37;20;2.918;0.417;2.501;%6.0
2025-10-12 09:00:00;0,31;0,71;0,25;23;37;21;2.872;0.421;2.451;%7.0
2025-10-12 10:00:00;0,32;0,71;0,25;23;37;20;2.925;0.427;2.498;%6.0
2025-10-12 11:00:00;0,31;0,67;0,25;22;36;20;2.868;0.414;2.454;%6.0
2025-10-12 12:00:00;0,34;0,72;0,27;24;35;22;2.985;0.447;2.538;%10.0
2025-10-12 13:00:00;0,32;0,66;0,25;24;43;20;2.938;0.496;2.441;%7.0
2025-10-12 14:00:00;0,52;0,72;0,49;25;37;23;2.957;0.422;2.535;%14.0
2025-10-12 15:00:00;0,32;0,7;0,25;23;37;20;2.862;0.422;2.441;%8.0
2025-10-12 16:00:00;0,31;0,68;0,25;22;36;20;2.937;0.424;2.513;%7.0
2025-10-12 17:00:00;0,31;0,65;0,24;22;36;20;2.851;0.421;2.430;%7.0
2025-10-12 18:00:00;0,31;0,67;0,24;23;38;20;2.886;0.443;2.443;%6.0
2025-10-12 19:00:00;0,3;0,57;0,25;23;40;20;2.937;0.491;2.446;%7.0
2025-10-12 20:00:00;0,31;0,66;0,25;23;36;20;3.000;0.449;2.552;%7.0
2025-10-12 21:00:00;0,31;0,67;0,25;23;38;20;2.863;0.421;2.442;%7.0
2025-10-12 22:00:00;0,31;0,67;0,26;23;37;21;2.926;0.413;2.513;%8.0
2025-10-12 23:00:00;0,3;0,6;0,25;23;40;20;2.918;0.460;2.458;%7.0
2025-10-13 00:00:00;0,53;0,74;0,5;26;38;24;2.884;0.435;2.450;%8.0
2025-10-13 01:00:00;0,3;0,62;0,25;22;34;20;2.896;0.416;2.480;%7.0
2025-10-13 02:00:00;0,32;0,7;0,25;23;37;21;2.980;0.444;2.536;%7.0
2025-10-13 03:00:00;0,33;0,62;0,25;23;31;21;3.176;0.704;2.472;%7.0
2025-10-13 04:00:00;0,32;0,5;0,26;22;25;21;3.452;0.928;2.524;%7.0
2025-10-13 05:00:00;0,32;0,5;0,25;21;24;20;3.363;0.915;2.448;%7.0
2025-10-13 06:00:00;0,34;0,51;0,27;21;23;20;3.420;0.947;2.472;%12.0
2025-10-13 07:00:00;0,34;0,47;0,26;21;22;20;3.977;1.503;2.474;%13.0
2025-10-13 08:00:00;0,32;0,44;0,25;21;21;21;3.812;1.291;2.522;%7.0
2025-10-13 09:00:00;0,31;0,48;0,25;22;24;20;3.409;0.952;2.457;%7.0
2025-10-13 10:00:00;0,31;0,49;0,25;22;25;21;3.417;0.891;2.525;%7.0
2025-10-13 11:00:00;0,31;0,43;0,25;23;28;21;3.602;1.140;2.462;%7.0
2025-10-13 12:00:00;0,35;0,5;0,28;23;23;24;3.695;1.139;2.556;%10.0
2025-10-13 13:00:00;0,32;0,49;0,25;22;25;21;3.533;1.081;2.452;%7.0
2025-10-13 14:00:00;0,32;0,46;0,26;22;23;21;3.681;1.091;2.589;%7.0
2025-10-13 15:00:00;0,32;0,46;0,25;21;22;21;3.768;1.273;2.495;%7.0
2025-10-13 16:00:00;0,56;0,58;0,55;25;27;24;3.478;0.921;2.557;%11.0
2025-10-13 17:00:00;0,36;0,48;0,3;25;23;25;3.899;1.303;2.596;%19.0
2025-10-13 18:00:00;0,31;0,44;0,25;21;22;20;3.545;1.049;2.496;%7.0
2025-10-13 19:00:00;0,32;0,45;0,25;21;22;21;3.709;1.213;2.496;%7.0
2025-10-13 20:00:00;0,31;0,45;0,25;21;23;20;3.646;1.079;2.567;%7.0
2025-10-13 21:00:00;0,31;0,46;0,25;22;26;21;3.535;1.029;2.505;%7.0
2025-10-13 22:00:00;0,49;0,51;0,48;24;23;24;3.597;1.035;2.562;%14.0
2025-10-13 23:00:00;0,35;0,52;0,28;22;23;21;3.546;1.062;2.485;%18.0
2025-10-14 00:00:00;0,32;0,5;0,25;22;24;21;3.390;0.896;2.494;%7.0
2025-10-14 01:00:00;0,32;0,45;0,25;22;23;21;3.712;1.217;2.495;%7.0
2025-10-14 02:00:00;0,33;0,48;0,27;21;23;21;3.615;0.994;2.621;%7.0
2025-10-14 03:00:00;0,33;0,48;0,25;22;24;20;3.746;1.250;2.496;%7.0
2025-10-14 04:00:00;0,32;0,49;0,25;22;26;21;3.594;1.012;2.582;%7.0
2025-10-14 05:00:00;0,33;0,51;0,25;22;25;20;3.531;1.012;2.519;%7.0
2025-10-14 06:00:00;0,34;0,48;0,27;21;23;20;3.641;1.139;2.501;%13.0
2025-10-14 07:00:00;0,34;0,49;0,27;21;23;21;3.565;1.072;2.493;%13.0
2025-10-14 08:00:00;0,33;0,49;0,26;21;23;21;3.736;1.138;2.599;%7.0
2025-10-14 09:00:00;0,32;0,48;0,25;21;23;21;3.468;0.999;2.469;%7.0
2025-10-14 10:00:00;0,33;0,48;0,26;22;24;21;3.668;1.098;2.570;%7.0
2025-10-14 11:00:00;0,33;0,5;0,25;21;23;21;3.555;1.039;2.516;%7.0
2025-10-14 12:00:00;0,36;0,53;0,29;23;23;23;3.806;1.209;2.597;%12.0
2025-10-14 13:00:00;0,32;0,47;0,25;22;23;21;3.661;1.149;2.511;%7.0
2025-10-14 14:00:00;0,32;0,46;0,26;21;22;21;3.757;1.173;2.584;%7.0
2025-10-14 15:00:00;0,49;0,47;0,49;25;26;25;3.601;1.087;2.514;%8.0
2025-10-14 16:00:00;0,35;0,51;0,29;21;22;21;3.687;1.123;2.564;%17.0
2025-10-14 17:00:00;0,32;0,47;0,25;22;23;21;3.550;1.052;2.498;%7.0
2025-10-14 18:00:00;0,32;0,47;0,25;22;26;21;3.517;1.044;2.474;%7.0
2025-10-14 19:00:00;0,32;0,45;0,25;21;21;21;3.816;1.301;2.516;%7.0
2025-10-14 20:00:00;0,32;0,47;0,25;21;22;21;3.744;1.167;2.577;%7.0
2025-10-14 21:00:00;0,32;0,46;0,25;21;23;21;3.643;1.160;2.484;%7.0
2025-10-14 22:00:00;0,34;0,49;0,27;21;22;21;3.750;1.184;2.566;%12.0
2025-10-14 23:00:00;0,34;0,44;0,27;21;20;21;4.447;1.951;2.496;%13.0
2025-10-15 00:00:00;0,32;0,47;0,25;21;23;21;3.631;1.117;2.514;%7.0
2025-10-15 01:00:00;0,32;0,47;0,25;22;24;21;3.672;1.173;2.499;%8.0
2025-10-15 02:00:00;0,33;0,48;0,26;21;22;21;3.726;1.134;2.592;%8.0
2025-10-15 03:00:00;0,34;0,49;0,26;22;23;21;3.836;1.336;2.501;%8.0
2025-10-15 04:00:00;0,36;0,54;0,28;22;24;20;3.655;1.091;2.564;%13.0
2025-10-15 05:00:00;0,33;0,5;0,26;22;25;21;3.522;1.031;2.491;%10.0
2025-10-15 06:00:00;0,32;0,46;0,25;21;22;20;3.657;1.150;2.508;%7.0
2025-10-15 07:00:00;0,32;0,46;0,25;21;23;21;3.631;1.141;2.490;%7.0
2025-10-15 08:00:00;0,32;0,49;0,26;22;24;21;3.617;1.033;2.584;%7.0
2025-10-15 09:00:00;0,33;0,47;0,26;21;21;21;3.857;1.343;2.514;%7.0
2025-10-15 10:00:00;0,35;0,51;0,28;21;23;21;3.694;1.118;2.576;%14.0
2025-10-15 11:00:00;0,33;0,51;0,26;21;24;20;3.551;1.014;2.537;%8.0
2025-10-15 12:00:00;0,34;0,49;0,27;24;26;23;3.836;1.228;2.609;%8.0
2025-10-15 13:00:00;0,32;0,46;0,25;21;23;20;3.683;1.181;2.502;%7.0
2025-10-15 14:00:00;0,34;0,48;0,28;21;23;21;3.823;1.181;2.641;%7.0
2025-10-15 15:00:00;0,31;0,57;0,25;23;31;21;3.155;0.635;2.521;%7.0
2025-10-15 16:00:00;0,35;0,71;0,27;25;42;21;3.158;0.574;2.584;%12.0
2025-10-15 17:00:00;0,32;0,68;0,25;23;35;20;2.990;0.482;2.508;%7.0
2025-10-15 18:00:00;0,31;0,64;0,25;23;34;20;2.998;0.484;2.514;%7.0
2025-10-15 19:00:00;0,31;0,62;0,25;23;32;21;3.036;0.535;2.501;%7.0
2025-10-15 20:00:00;0,31;0,66;0,25;23;34;21;3.105;0.474;2.631;%7.0
2025-10-15 21:00:00;0,31;0,65;0,25;23;35;21;2.949;0.477;2.471;%7.0
2025-10-15 22:00:00;0,31;0,56;0,25;25;41;21;3.190;0.605;2.584;%7.0
2025-10-15 23:00:00;0,31;0,66;0,25;23;36;21;2.970;0.471;2.498;%7.0
2025-10-16 00:00:00;0,33;0,69;0,26;23;36;20;3.033;0.493;2.540;%9.0
2025-10-16 01:00:00;0,32;0,67;0,25;23;35;21;2.978;0.471;2.508;%7.0
2025-10-16 02:00:00;0,31;0,59;0,25;24;39;21;3.168;0.565;2.603;%7.0
2025-10-16 03:00:00;0,33;0,65;0,25;24;34;22;3.175;0.650;2.525;%7.0
2025-10-16 04:00:00;0,32;0,66;0,25;23;36;21;3.047;0.475;2.572;%7.0
2025-10-16 05:00:00;0,32;0,72;0,25;23;39;21;3.008;0.487;2.521;%7.0
2025-10-16 06:00:00;0,31;0,62;0,25;24;40;21;3.045;0.524;2.521;%7.0
2025-10-16 07:00:00;0,32;0,69;0,25;23;36;21;3.003;0.478;2.525;%7.0
2025-10-16 08:00:00;0,34;0,71;0,28;23;36;21;3.098;0.498;2.600;%12.0
2025-10-16 09:00:00;0,31;0,58;0,25;24;40;21;3.073;0.561;2.512;%7.0
2025-10-16 10:00:00;0,32;0,67;0,25;23;37;21;3.048;0.467;2.581;%7.0
2025-10-16 11:00:00;0,32;0,69;0,25;23;35;20;2.972;0.465;2.506;%7.0
2025-10-16 12:00:00;0,34;0,69;0,27;25;37;23;3.169;0.549;2.619;%7.0
2025-10-16 13:00:00;0,37;0,98;0,25;23;38;20;3.102;0.503;2.600;%7.0
2025-10-16 14:00:00;0,35;0,75;0,28;23;35;20;3.488;0.558;2.931;%10.0
2025-10-16 15:00:00;0,35;0,73;0,28;23;36;21;2.916;0.451;2.464;%16.0
2025-10-16 16:00:00;0,31;0,58;0,26;25;40;21;3.141;0.540;2.601;%7.0
2025-10-16 17:00:00;0,32;0,66;0,26;25;40;22;3.169;0.539;2.630;%7.0
2025-10-16 18:00:00;0,33;0,69;0,25;24;38;22;3.145;0.525;2.619;%7.0
2025-10-16 19:00:00;0,34;0,64;0,27;26;41;22;3.214;0.574;2.640;%10.0
2025-10-16 20:00:00;0,34;0,73;0,26;24;37;22;3.239;0.531;2.708;%10.0
2025-10-16 21:00:00;0,33;0,7;0,26;25;38;22;3.064;0.493;2.572;%7.0
2025-10-16 22:00:00;0,32;0,67;0,26;24;37;22;3.071;0.472;2.599;%7.0
2025-10-16 23:00:00;0,32;0,66;0,25;23;37;21;2.996;0.465;2.531;%7.0
2025-10-17 00:00:00;0,33;0,71;0,26;23;37;21;3.016;0.476;2.540;%11.0
2025-10-17 01:00:00;0,31;0,67;0,25;23;36;21;3.003;0.463;2.541;%7.0
2025-10-17 02:00:00;0,31;0,63;0,25;23;34;21;3.072;0.489;2.583;%7.0
2025-10-17 03:00:00;0,33;0,6;0,25;24;34;21;3.201;0.674;2.528;%7.0
2025-10-17 04:00:00;0,32;0,68;0,26;23;36;21;3.052;0.460;2.591;%7.0
2025-10-17 05:00:00;0,34;0,71;0,27;23;37;21;2.980;0.459;2.522;%10.0
2025-10-17 06:00:00;0,32;0,69;0,25;23;36;21;3.012;0.467;2.545;%7.0
2025-10-17 07:00:00;0,31;0,62;0,25;24;38;21;3.051;0.513;2.538;%7.0
2025-10-17 08:00:00;0,32;0,65;0,26;23;36;21;3.092;0.478;2.614;%7.0
2025-10-17 09:00:00;0,31;0,64;0,25;23;35;21;2.989;0.457;2.532;%7.0
2025-10-17 10:00:00;0,45;0,86;0,3;23;26;22;3.659;0.960;2.699;%13.0
2025-10-17 11:00:00;0,3;0,46;0,25;22;26;21;3.346;0.758;2.588;%7.0
2025-10-17 12:00:00;0,34;0,63;0,28;25;35;23;3.280;0.622;2.658;%7.0
2025-10-17 13:00:00;0,33;0,62;0,26;23;35;21;3.241;0.634;2.607;%7.0
2025-10-17 14:00:00;0,35;0,64;0,28;23;31;21;3.293;0.587;2.706;%8.0
2025-10-17 15:00:00;0,35;0,71;0,27;23;33;21;3.102;0.543;2.558;%13.0
2025-10-17 16:00:00;0,29;0,44;0,25;22;28;21;3.399;0.752;2.647;%7.0
2025-10-17 17:00:00;0,31;0,59;0,25;23;33;21;3.117;0.557;2.559;%7.0
2025-10-17 18:00:00;0,31;0,61;0,25;23;33;20;3.070;0.540;2.530;%7.0
2025-10-17 19:00:00;0,31;0,62;0,25;23;33;21;3.050;0.515;2.535;%7.0
2025-10-17 20:00:00;0,31;0,62;0,25;23;33;21;3.117;0.515;2.602;%7.0
2025-10-17 21:00:00;0,34;0,66;0,27;23;35;21;3.067;0.529;2.538;%12.0
2025-10-17 22:00:00;0,32;0,62;0,26;23;34;21;3.110;0.523;2.587;%7.0
2025-10-17 23:00:00;0,32;0,62;0,25;24;37;21;3.069;0.540;2.529;%7.0
2025-10-18 00:00:00;0,32;0,66;0,25;23;34;21;3.017;0.491;2.526;%7.0
2025-10-18 01:00:00;0,32;0,59;0,25;22;31;20;3.167;0.631;2.536;%7.0
2025-10-18 02:00:00;0,33;0,5;0,26;21;23;21;3.655;1.022;2.633;%8.0
2025-10-18 03:00:00;0,34;0,49;0,26;22;25;21;3.819;1.264;2.556;%9.0
2025-10-18 04:00:00;0,32;0,46;0,26;22;24;21;3.825;1.208;2.616;%8.0
2025-10-18 05:00:00;0,32;0,47;0,25;21;23;20;3.658;1.132;2.526;%8.0
2025-10-18 06:00:00;0,34;0,45;0,26;21;21;20;4.462;1.924;2.539;%8.0
2025-10-18 07:00:00;0,32;0,48;0,25;21;23;21;3.602;1.080;2.522;%7.0
2025-10-18 08:00:00;0,35;0,52;0,27;22;24;21;3.639;1.038;2.601;%12.0
2025-10-18 09:00:00;0,32;0,47;0,25;22;23;21;3.629;1.087;2.543;%7.0
2025-10-18 10:00:00;0,32;0,49;0,26;21;23;21;3.650;1.033;2.617;%7.0
2025-10-18 11:00:00;0,36;0,51;0,28;23;25;22;3.885;1.264;2.622;%12.0
2025-10-18 12:00:00;0,38;0,54;0,31;24;27;23;3.917;1.214;2.703;%16.0
2025-10-18 13:00:00;0,34;0,49;0,27;22;25;20;3.757;1.189;2.568;%12.0
2025-10-18 14:00:00;0,34;0,45;0,27;21;21;21;4.111;1.481;2.630;%13.0
2025-10-18 15:00:00;0,32;0,5;0,25;22;24;20;3.544;0.974;2.570;%7.0
2025-10-18 16:00:00;0,32;0,47;0,26;21;23;21;3.710;1.088;2.622;%7.0
2025-10-18 17:00:00;0,33;0,52;0,25;22;25;20;3.545;0.971;2.573;%7.0
2025-10-18 18:00:00;0,32;0,39;0,27;26;35;20;4.034;1.498;2.536;%12.0
2025-10-18 19:00:00;0,32;0,5;0,25;21;24;20;3.577;1.033;2.543;%7.0
2025-10-18 20:00:00;0,32;0,42;0,26;23;27;21;4.064;1.413;2.651;%8.0
2025-10-18 21:00:00;0,32;0,49;0,25;22;24;21;3.600;1.069;2.531;%7.0
2025-10-18 22:00:00;0,32;0,49;0,26;22;24;21;3.572;0.988;2.584;%7.0
2025-10-18 23:00:00;0,32;0,49;0,25;21;24;20;3.562;1.007;2.555;%7.0
2025-10-19 00:00:00;0,35;0,55;0,27;22;24;20;3.577;1.024;2.553;%13.0
2025-10-19 01:00:00;0,33;0,49;0,25;22;25;21;3.834;1.295;2.539;%8.0
2025-10-19 02:00:00;0,32;0,47;0,25;22;24;21;3.721;1.108;2.613;%7.0
2025-10-19 03:00:00;0,33;0,49;0,26;22;24;21;3.850;1.288;2.562;%7.0
2025-10-19 04:00:00;0,32;0,51;0,25;22;24;21;3.635;1.002;2.634;%7.0
2025-10-19 05:00:00;0,34;0,54;0,26;22;25;20;3.541;0.992;2.549;%11.0
2025-10-19 06:00:00;0,34;0,51;0,27;21;23;20;3.605;1.077;2.529;%14.0
2025-10-19 07:00:00;0,32;0,48;0,25;21;24;20;3.638;1.111;2.527;%7.0
2025-10-19 08:00:00;0,32;0,48;0,25;21;23;21;3.731;1.116;2.615;%7.0
2025-10-19 09:00:00;0,32;0,49;0,25;21;23;21;3.593;1.034;2.559;%7.0
2025-10-19 10:00:00;0,34;0,51;0,27;23;27;21;3.630;1.021;2.609;%11.0
2025-10-19 11:00:00;0,32;0,48;0,25;21;23;20;3.636;1.060;2.577;%7.0
2025-10-19 12:00:00;0,35;0,51;0,29;24;24;24;3.791;1.061;2.730;%8.0
2025-10-19 13:00:00;0,33;0,5;0,25;22;26;20;3.667;1.113;2.554;%7.0
2025-10-19 14:00:00;0,36;0,54;0,28;21;23;21;3.773;1.119;2.654;%15.0
2025-10-19 15:00:00;0,34;0,48;0,27;21;23;21;3.695;1.135;2.561;%14.0
2025-10-19 16:00:00;0,36;0,54;0,28;22;25;21;3.691;1.086;2.605;%18.0
2025-10-19 17:00:00;0,32;0,47;0,25;21;23;20;3.670;1.134;2.537;%7.0
2025-10-19 18:00:00;0,32;0,48;0,25;21;23;20;3.613;1.061;2.551;%7.0
2025-10-19 19:00:00;0,32;0,48;0,25;21;23;20;3.607;1.084;2.523;%7.0
2025-10-19 20:00:00;0,32;0,45;0,25;21;21;21;3.995;1.368;2.627;%8.0
2025-10-19 21:00:00;0,35;0,51;0,27;22;22;21;3.805;1.260;2.545;%15.0
2025-10-19 22:00:00;0,33;0,47;0,26;21;23;20;3.720;1.125;2.594;%10.0
2025-10-19 23:00:00;0,31;0,45;0,25;22;25;21;3.736;1.199;2.537;%7.0
2025-10-20 00:00:00;0,32;0,45;0,25;21;23;20;3.821;1.275;2.546;%7.0
2025-10-20 01:00:00;0,32;0,39;0,25;19;17;20;5.431;2.895;2.536;%9.0
2025-10-20 02:00:00;0,32;0,45;0,26;21;22;21;3.900;1.298;2.602;%8.0
2025-10-20 03:00:00;0,34;0,49;0,26;22;24;21;3.909;1.364;2.545;%9.0
2025-10-20 04:00:00;0,32;0,46;0,26;21;22;21;3.795;1.207;2.587;%7.0
2025-10-20 05:00:00;0,32;0,46;0,25;21;22;21;3.726;1.211;2.515;%7.0
2025-10-20 06:00:00;0,32;0,46;0,25;21;23;20;3.695;1.168;2.526;%7.0
2025-10-20 07:00:00;0,31;0,45;0,25;22;25;21;3.681;1.153;2.527;%7.0
2025-10-20 08:00:00;0,36;0,49;0,29;21;21;21;4.006;1.355;2.651;%16.0
2025-10-20 09:00:00;0,32;0,46;0,26;21;23;20;3.785;1.220;2.565;%9.0
2025-10-20 10:00:00;0,32;0,46;0,26;21;23;21;3.769;1.144;2.624;%7.0
2025-10-20 11:00:00;0,32;0,45;0,25;22;24;20;3.813;1.244;2.569;%7.0
2025-10-20 12:00:00;0,38;0,49;0,33;24;23;24;3.987;1.267;2.720;%14.0
2025-10-20 13:00:00;0,35;0,52;0,27;21;23;21;3.841;1.273;2.568;%14.0
2025-10-20 14:00:00;0,32;0,46;0,25;22;23;21;3.844;1.236;2.608;%8.0
2025-10-20 15:00:00;0,32;0,46;0,26;21;22;21;3.820;1.257;2.563;%8.0
2025-10-20 16:00:00;0,32;0,44;0,26;21;22;21;3.893;1.287;2.607;%8.0
2025-10-20 17:00:00;0,33;0,47;0,27;21;22;21;3.784;1.196;2.589;%13.0
2025-10-20 18:00:00;0,34;0,5;0,27;21;22;20;3.747;1.217;2.529;%14.0
2025-10-20 19:00:00;0,32;0,6;0,25;23;32;20;3.127;0.585;2.542;%7.0
2025-10-20 20:00:00;0,32;0,64;0,25;23;34;21;3.104;0.501;2.603;%7.0
2025-10-20 21:00:00;0,32;0,65;0,25;23;33;21;3.045;0.504;2.541;%7.0
2025-10-20 22:00:00;0,32;0,62;0,25;23;34;21;3.107;0.509;2.597;%7.0
2025-10-20 23:00:00;0,32;0,67;0,25;23;34;21;3.034;0.495;2.539;%8.0
2025-10-21 00:00:00;0,33;0,73;0,25;23;36;20;3.028;0.501;2.527;%7.0
2025-10-21 01:00:00;0,32;0,53;0,26;22;25;21;3.369;0.831;2.538;%7.0
2025-10-21 02:00:00;0,36;0,51;0,29;22;24;21;3.851;1.148;2.704;%11.0
2025-10-21 03:00:00;0,35;0,53;0,27;22;23;21;3.894;1.327;2.567;%12.0
2025-10-21 04:00:00;0,32;0,49;0,26;22;24;21;3.698;1.060;2.638;%7.0
2025-10-21 05:00:00;0,32;0,48;0,25;21;23;20;3.729;1.137;2.592;%8.0
2025-10-21 06:00:00;0,32;0,48;0,25;21;23;20;3.694;1.119;2.574;%7.0
2025-10-21 07:00:00;0,33;0,5;0,26;21;23;20;3.628;1.044;2.584;%10.0
2025-10-21 08:00:00;0,34;0,52;0,27;21;23;21;3.727;1.069;2.658;%11.0
2025-10-21 09:00:00;0,32;0,46;0,25;22;24;21;3.747;1.166;2.582;%7.0
2025-10-21 10:00:00;0,32;0,46;0,26;21;23;21;3.837;1.180;2.656;%7.0
2025-10-21 11:00:00;0,35;0,54;0,28;22;26;21;3.623;1.050;2.573;%14.0
2025-10-21 12:00:00;0,38;0,52;0,32;24;24;24;3.961;1.187;2.774;%11.0
2025-10-21 13:00:00;0,33;0,49;0,25;22;25;21;3.915;1.337;2.578;%8.0
2025-10-21 14:00:00;0,33;0,5;0,26;22;25;21;3.669;1.034;2.635;%7.0
2025-10-21 15:00:00;0,35;0,5;0,28;22;24;21;3.730;1.182;2.549;%15.0
2025-10-21 16:00:00;0,33;0,48;0,26;23;27;21;3.704;1.089;2.615;%8.0
2025-10-21 17:00:00;0,32;0,47;0,25;21;23;21;3.698;1.144;2.554;%7.0
2025-10-21 18:00:00;0,32;0,48;0,25;21;24;21;3.640;1.084;2.556;%7.0
2025-10-21 19:00:00;0,33;0,47;0,26;21;22;21;3.762;1.211;2.551;%8.0
2025-10-21 20:00:00;0,36;0,55;0,29;22;24;21;3.688;1.025;2.664;%16.0
2025-10-21 21:00:00;0,33;0,5;0,25;22;25;21;3.679;1.110;2.569;%7.0
2025-10-21 22:00:00;0,33;0,48;0,26;23;26;21;3.756;1.135;2.621;%8.0
2025-10-21 23:00:00;0,32;0,49;0,25;21;24;21;3.587;1.027;2.560;%7.0
2025-10-22 00:00:00;0,35;0,51;0,27;21;21;21;3.967;1.411;2.556;%11.0
2025-10-22 01:00:00;0,32;0,49;0,25;21;23;21;3.618;1.066;2.552;%7.0
2025-10-22 02:00:00;0,33;0,47;0,27;22;23;21;3.888;1.219;2.669;%7.0
2025-10-22 03:00:00;0,34;0,51;0,26;23;25;22;3.700;1.149;2.551;%7.0
2025-10-22 04:00:00;0,33;0,49;0,26;22;26;21;3.667;1.054;2.614;%7.0
2025-10-22 05:00:00;0,33;0,48;0,26;21;23;21;3.756;1.198;2.559;%10.0
2025-10-22 06:00:00;0,31;0,45;0,25;21;24;20;3.833;1.270;2.564;%7.0
2025-10-22 07:00:00;0,32;0,47;0,25;21;22;20;3.710;1.164;2.546;%7.0
2025-10-22 08:00:00;0,32;0,5;0,26;22;24;21;3.666;1.039;2.627;%7.0
2025-10-22 09:00:00;0,33;0,5;0,26;22;26;21;3.578;1.034;2.544;%8.0
2025-10-22 10:00:00;0,32;0,49;0,25;22;23;21;3.664;1.070;2.594;%7.0
2025-10-22 11:00:00;0,34;0,5;0,27;21;23;21;3.600;1.067;2.533;%12.0
2025-10-22 12:00:00;0,36;0,49;0,3;25;25;25;4.025;1.308;2.717;%9.0
2025-10-22 13:00:00;0,33;0,49;0,26;22;24;21;3.694;1.134;2.560;%8.0
2025-10-22 14:00:00;0,35;0,5;0,27;21;22;21;3.974;1.295;2.679;%10.0
2025-10-22 15:00:00;0,32;0,47;0,25;22;24;21;3.682;1.124;2.557;%8.0
2025-10-22 16:00:00;0,32;0,47;0,26;22;24;21;3.822;1.197;2.624;%8.0
2025-10-22 17:00:00;0,33;0,49;0,25;22;23;21;3.687;1.141;2.545;%8.0
2025-10-22 18:00:00;0,32;0,48;0,25;22;23;21;3.729;1.176;2.553;%8.0
2025-10-22 19:00:00;0,35;0,53;0,27;21;22;21;3.746;1.198;2.548;%11.0
2025-10-22 20:00:00;0,32;0,43;0,26;22;24;21;3.967;1.346;2.620;%8.0
2025-10-22 21:00:00;0,32;0,46;0,26;22;22;22;3.796;1.242;2.554;%8.0
2025-10-22 22:00:00;0,33;0,47;0,26;22;23;21;3.816;1.218;2.599;%7.0
2025-10-22 23:00:00;0,32;0,44;0,25;21;22;21;4.078;1.558;2.520;%8.0
2025-10-23 00:00:00;0,35;0,43;0,28;19;18;21;5.157;2.618;2.539;%17.0
2025-10-23 01:00:00;0,32;0,48;0,25;21;23;21;3.639;1.096;2.543;%7.0
2025-10-23 02:00:00;0,34;0,46;0,28;22;23;21;3.909;1.256;2.653;%8.0
2025-10-23 03:00:00;0,33;0,46;0,26;23;26;21;4.001;1.433;2.569;%8.0
2025-10-23 04:00:00;0,33;0,46;0,26;22;22;21;3.952;1.325;2.627;%8.0
2025-10-23 05:00:00;0,35;0,52;0,27;22;25;21;3.691;1.130;2.561;%13.0
2025-10-23 06:00:00;0,32;0,47;0,25;22;23;21;3.787;1.230;2.557;%8.0
2025-10-23 07:00:00;0,32;0,47;0,25;22;24;21;3.731;1.198;2.533;%8.0
2025-10-23 08:00:00;0,33;0,5;0,26;22;24;21;3.797;1.132;2.665;%8.0
2025-10-23 09:00:00;0,33;0,49;0,25;22;23;21;3.616;1.098;2.517;%8.0
2025-10-23 10:00:00;0,36;0,53;0,29;22;25;21;3.698;1.128;2.569;%15.0
2025-10-23 11:00:00;0,35;0,5;0,27;21;21;21;3.844;1.311;2.533;%12.0
2025-10-23 12:00:00;0,36;0,49;0,3;25;24;25;4.070;1.328;2.742;%8.0
2025-10-23 13:00:00;0,33;0,48;0,26;22;22;22;3.753;1.229;2.525;%8.0
2025-10-23 14:00:00;0,36;0,49;0,29;22;22;22;3.940;1.334;2.606;%17.0
2025-10-23 15:00:00;0,33;0,48;0,26;22;22;22;3.783;1.240;2.544;%7.0
2025-10-23 16:00:00;0,33;0,49;0,26;22;23;22;3.806;1.179;2.627;%7.0
2025-10-23 17:00:00;0,32;0,69;0,25;23;35;21;3.047;0.491;2.556;%7.0
2025-10-23 18:00:00;0,32;0,68;0,25;23;35;21;2.989;0.457;2.532;%7.0
2025-10-23 19:00:00;0,31;0,66;0,25;23;35;21;3.004;0.471;2.533;%7.0
2025-10-23 20:00:00;0,4;0,67;0,34;24;34;23;3.086;0.472;2.614;%9.0
2025-10-23 21:00:00;0,31;0,6;0,25;24;37;21;3.076;0.532;2.544;%7.0
2025-10-23 22:00:00;0,33;0,69;0,26;24;38;21;3.112;0.507;2.605;%7.0
2025-10-23 23:00:00;0,32;0,65;0,25;23;36;21;3.033;0.488;2.544;%7.0
2025-10-24 00:00:00;0,32;0,69;0,25;23;36;21;3.032;0.483;2.549;%7.0
2025-10-24 01:00:00;0,34;0,74;0,26;23;33;21;3.041;0.484;2.557;%8.0
2025-10-24 02:00:00;0,35;0,71;0,28;23;33;21;3.237;0.513;2.723;%12.0
2025-10-24 03:00:00;0,33;0,6;0,25;23;31;21;3.350;0.766;2.584;%7.0
2025-10-24 04:00:00;0,32;0,66;0,26;23;33;21;3.113;0.485;2.628;%7.0
2025-10-24 05:00:00;0,31;0,65;0,25;23;36;21;3.035;0.478;2.557;%7.0
2025-10-24 06:00:00;0,31;0,63;0,25;24;39;21;3.077;0.513;2.565;%7.0
2025-10-24 07:00:00;0,32;0,64;0,26;23;33;21;3.029;0.475;2.554;%8.0
2025-10-24 08:00:00;0,32;0,67;0,26;23;34;21;3.128;0.500;2.628;%7.0
2025-10-24 09:00:00;0,32;0,65;0,25;24;33;22;3.050;0.489;2.561;%7.0
2025-10-24 10:00:00;0,32;0,68;0,26;23;34;21;3.101;0.485;2.616;%7.0
2025-10-24 11:00:00;0,34;0,73;0,27;23;35;21;3.068;0.508;2.560;%11.0
2025-10-24 12:00:00;0,4;0,77;0,32;25;34;23;3.298;0.564;2.734;%13.0
2025-10-24 13:00:00;0,32;0,56;0,25;25;42;21;3.164;0.621;2.544;%7.0
2025-10-24 14:00:00;0,35;0,76;0,28;23;33;21;3.143;0.507;2.636;%11.0
2025-10-24 15:00:00;0,33;0,69;0,26;23;34;21;3.095;0.531;2.564;%10.0
2025-10-24 16:00:00;0,32;0,67;0,25;23;33;21;3.106;0.486;2.620;%7.0
2025-10-24 17:00:00;0,32;0,64;0,25;24;36;21;3.082;0.515;2.567;%7.0
2025-10-24 18:00:00;0,32;0,65;0,25;23;35;21;3.032;0.496;2.537;%7.0
2025-10-24 19:00:00;0,34;0,73;0,26;23;34;21;3.083;0.519;2.564;%8.0
2025-10-24 20:00:00;0,33;0,63;0,26;23;31;21;3.234;0.579;2.655;%9.0
2025-10-24 21:00:00;0,32;0,63;0,25;23;31;21;3.100;0.538;2.562;%7.0
2025-10-24 22:00:00;0,32;0,65;0,26;23;32;21;3.156;0.538;2.618;%7.0
2025-10-24 23:00:00;0,32;0,64;0,25;23;32;21;3.083;0.532;2.551;%7.0
2025-10-25 00:00:00;0,32;0,65;0,25;23;31;21;3.069;0.511;2.558;%7.0
2025-10-25 01:00:00;0,32;0,63;0,26;23;33;21;3.082;0.523;2.559;%10.0
2025-10-25 02:00:00;0,33;0,63;0,27;23;32;21;3.169;0.514;2.655;%7.0
2025-10-25 03:00:00;0,34;0,6;0,26;24;31;22;3.364;0.804;2.559;%7.0
2025-10-25 04:00:00;0,33;0,66;0,26;23;33;21;3.129;0.502;2.627;%7.0
2025-10-25 05:00:00;0,31;0,56;0,26;24;39;21;3.112;0.559;2.553;%7.0
2025-10-25 06:00:00;0,32;0,69;0,25;23;33;21;3.022;0.468;2.554;%7.0
2025-10-25 07:00:00;0,35;0,75;0,28;23;32;21;3.071;0.511;2.561;%11.0
2025-10-25 08:00:00;0,32;0,69;0,26;23;34;21;3.069;0.452;2.617;%7.0
2025-10-25 09:00:00;0,32;0,67;0,25;23;33;21;3.026;0.468;2.557;%7.0
2025-10-25 10:00:00;0,32;0,63;0,26;24;38;21;3.131;0.528;2.603;%7.0
2025-10-25 11:00:00;0,31;0,65;0,25;23;37;21;3.019;0.476;2.543;%7.0
2025-10-25 12:00:00;0,4;0,77;0,33;25;35;23;3.321;0.531;2.790;%12.0
2025-10-25 13:00:00;0,32;0,52;0,26;27;50;21;3.332;0.756;2.576;%7.0
2025-10-25 14:00:00;0,32;0,69;0,26;23;33;21;3.104;0.480;2.624;%7.0
2025-10-25 15:00:00;0,32;0,7;0,25;24;36;21;3.026;0.476;2.550;%7.0
2025-10-25 16:00:00;0,32;0,67;0,26;23;34;21;3.130;0.501;2.629;%7.0
2025-10-25 17:00:00;0,33;0,72;0,25;23;36;21;3.028;0.469;2.559;%7.0
2025-10-25 18:00:00;0,32;0,71;0,25;23;36;21;3.026;0.473;2.554;%7.0
2025-10-25 19:00:00;0,35;0,75;0,27;23;36;21;3.035;0.484;2.551;%11.0
2025-10-25 20:00:00;0,34;0,7;0,27;23;35;21;3.095;0.479;2.616;%12.0
2025-10-25 21:00:00;0,32;0,66;0,26;24;34;22;3.035;0.473;2.562;%7.0
2025-10-25 22:00:00;0,33;0,67;0,26;23;35;21;3.087;0.491;2.596;%7.0
2025-10-25 23:00:00;0,33;0,74;0,26;23;34;21;3.051;0.489;2.562;%7.0
2025-10-26 00:00:00;0,33;0,69;0,25;23;35;21;3.062;0.504;2.558;%7.0
2025-10-26 01:00:00;0,35;0,77;0,26;23;34;21;3.098;0.520;2.578;%8.0
2025-10-26 02:00:00;0,32;0,67;0,26;23;34;21;3.139;0.507;2.632;%7.0
2025-10-26 03:00:00;0,38;0,66;0,29;24;34;21;3.393;0.825;2.568;%15.0
2025-10-26 04:00:00;0,33;0,71;0,26;23;34;21;3.094;0.475;2.619;%7.0
2025-10-26 05:00:00;0,32;0,71;0,25;23;34;21;3.020;0.466;2.554;%7.0
2025-10-26 06:00:00;0,33;0,68;0,26;24;38;21;3.051;0.514;2.537;%7.0
2025-10-26 07:00:00;0,33;0,71;0,25;24;37;21;3.038;0.491;2.547;%7.0
2025-10-26 08:00:00;0,32;0,67;0,26;24;38;21;3.130;0.488;2.642;%7.0
2025-10-26 09:00:00;0,33;0,69;0,25;24;39;21;3.068;0.508;2.560;%7.0
2025-10-26 10:00:00;0,33;0,71;0,26;23;37;21;3.141;0.493;2.648;%8.0
2025-10-26 11:00:00;0,32;0,7;0,25;23;36;21;3.021;0.473;2.549;%7.0
2025-10-26 12:00:00;0,38;0,72;0,31;25;35;23;3.350;0.548;2.802;%11.0
2025-10-26 13:00:00;0,34;0,76;0,26;24;37;21;3.081;0.507;2.574;%9.0
2025-10-26 14:00:00;0,32;0,68;0,26;23;34;21;3.107;0.489;2.618;%7.0
2025-10-26 15:00:00;0,32;0,68;0,25;24;35;21;3.017;0.507;2.510;%7.0
2025-10-26 16:00:00;0,32;0,66;0,26;23;32;21;3.066;0.458;2.608;%7.0
2025-10-26 17:00:00;0,32;0,63;0,26;24;38;21;3.134;0.550;2.584;%7.0
2025-10-26 18:00:00;0,33;0,69;0,26;23;35;21;3.047;0.487;2.560;%9.0
2025-10-26 19:00:00;0,34;0,52;0,26;24;31;21;3.601;1.030;2.571;%9.0
2025-10-26 20:00:00;0,34;0,54;0,26;22;26;21;3.667;1.033;2.634;%8.0
2025-10-26 21:00:00;0,33;0,51;0,26;22;24;21;3.613;1.035;2.579;%8.0
2025-10-26 22:00:00;0,32;0,49;0,26;22;24;21;3.678;1.033;2.645;%8.0
2025-10-26 23:00:00;0,34;0,49;0,27;21;22;21;3.809;1.261;2.548;%11.0
2025-10-27 00:00:00;0,36;0,58;0,28;22;24;21;3.565;0.990;2.575;%12.0
2025-10-27 01:00:00;0,31;0,44;0,26;24;30;21;3.747;1.191;2.556;%8.0
2025-10-27 02:00:00;0,33;0,48;0,26;22;23;21;3.775;1.115;2.659;%8.0
2025-10-27 03:00:00;0,34;0,51;0,26;22;24;21;3.866;1.276;2.590;%8.0
2025-10-27 04:00:00;0,34;0,54;0,26;22;26;21;3.572;0.941;2.631;%8.0
2025-10-27 05:00:00;0,36;0,53;0,27;21;23;21;3.739;1.202;2.537;%12.0
2025-10-27 06:00:00;0,33;0,51;0,26;21;23;21;3.684;1.109;2.575;%7.0
2025-10-27 07:00:00;0,32;0,48;0,26;23;28;21;3.681;1.108;2.573;%7.0
2025-10-27 08:00:00;0,33;0,5;0,26;22;24;21;3.749;1.098;2.651;%7.0
2025-10-27 09:00:00;0,34;0,52;0,27;22;24;22;3.584;1.002;2.581;%9.0
2025-10-27 10:00:00;0,35;0,54;0,27;22;23;21;3.699;1.068;2.631;%10.0
2025-10-27 11:00:00;0,32;0,49;0,25;22;24;21;3.534;0.991;2.543;%7.0
2025-10-27 12:00:00;0,36;0,49;0,31;26;30;24;3.939;1.127;2.812;%8.0
2025-10-27 13:00:00;0,36;0,56;0,27;23;28;21;3.759;1.185;2.574;%10.0
2025-10-27 14:00:00;0,37;0,56;0,29;23;28;21;3.684;1.058;2.626;%15.0
2025-10-27 15:00:00;0,32;0,5;0,25;21;23;20;3.623;1.080;2.543;%7.0
2025-10-27 16:00:00;0,32;0,48;0,26;21;23;21;3.685;1.077;2.608;%7.0
2025-10-27 17:00:00;0,32;0,48;0,25;21;23;20;3.619;1.080;2.539;%7.0
2025-10-27 18:00:00;0,32;0,47;0,25;21;22;20;3.634;1.104;2.531;%7.0
2025-10-27 19:00:00;0,33;0,52;0,26;22;25;20;3.489;0.969;2.520;%10.0
2025-10-27 20:00:00;0,32;0,49;0,26;22;24;21;3.631;1.003;2.628;%7.0
2025-10-27 21:00:00;0,32;0,5;0,25;22;26;21;3.493;0.964;2.529;%7.0
2025-10-27 22:00:00;0,32;0,47;0,25;21;23;21;3.704;1.110;2.594;%7.0
2025-10-27 23:00:00;0,32;0,48;0,25;21;24;20;3.640;1.117;2.523;%7.0
2025-10-28 00:00:00;0,32;0,53;0,25;21;25;20;3.401;0.868;2.533;%7.0
2025-10-28 01:00:00;0,36;0,57;0,28;21;24;20;3.503;0.992;2.511;%16.0
2025-10-28 02:00:00;0,34;0,52;0,28;22;25;21;3.625;0.972;2.653;%9.0
2025-10-28 03:00:00;0,34;0,48;0,26;22;23;21;4.126;1.574;2.553;%8.0
2025-10-28 04:00:00;0,33;0,46;0,26;21;22;21;3.886;1.279;2.607;%8.0
2025-10-28 05:00:00;0,32;0,46;0,25;21;22;20;3.755;1.218;2.537;%8.0
2025-10-28 06:00:00;0,32;0,51;0,25;21;25;20;3.580;1.036;2.544;%7.0
2025-10-28 07:00:00;0,37;0,58;0,28;21;24;20;3.612;1.056;2.555;%15.0
2025-10-28 08:00:00;0,33;0,46;0,26;23;27;21;3.827;1.198;2.629;%11.0
2025-10-28 09:00:00;0,32;0,48;0,25;22;25;20;3.594;1.059;2.535;%7.0
2025-10-28 10:00:00;0,32;0,46;0,25;21;23;21;3.810;1.228;2.582;%7.0
2025-10-28 11:00:00;0,32;0,46;0,26;22;25;20;3.689;1.161;2.528;%7.0
2025-10-28 12:00:00;0,39;0,5;0,33;24;25;23;4.248;1.451;2.797;%11.0
2025-10-28 13:00:00;0,33;0,52;0,26;21;24;20;3.740;1.107;2.633;%7.0
2025-10-28 14:00:00;0,33;0,42;0,26;20;18;21;4.919;2.187;2.732;%9.0
2025-10-28 15:00:00;0,32;0,47;0,26;21;22;21;3.763;1.209;2.554;%7.0
2025-10-28 16:00:00;0,32;0,5;0,25;21;22;21;3.574;0.984;2.590;%7.0
2025-10-28 17:00:00;0,34;0,52;0,27;21;22;21;3.676;1.100;2.577;%12.0
2025-10-28 18:00:00;0,35;0,52;0,27;21;21;20;3.646;1.116;2.531;%13.0
2025-10-28 19:00:00;0,32;0,47;0,25;21;22;20;3.804;1.241;2.563;%7.0
2025-10-28 20:00:00;0,32;0,47;0,25;21;21;21;3.743;1.076;2.667;%7.0
2025-10-28 21:00:00;0,32;0,47;0,25;22;24;21;3.566;1.024;2.542;%7.0
2025-10-28 22:00:00;0,35;0,52;0,28;21;23;21;3.646;1.023;2.624;%11.0
2025-10-28 23:00:00;0,34;0,51;0,27;21;21;20;3.735;1.132;2.603;%14.0
2025-10-29 00:00:00;0,32;0,48;0,25;21;21;20;3.635;1.101;2.534;%7.0
2025-10-29 01:00:00;0,33;0,5;0,25;21;22;21;3.639;1.109;2.530;%7.0
2025-10-29 02:00:00;0,34;0,5;0,27;21;23;21;3.693;1.032;2.661;%8.0
2025-10-29 03:00:00;0,34;0,48;0,26;21;22;21;4.087;1.541;2.545;%8.0
2025-10-29 04:00:00;0,35;0,53;0,28;21;22;21;3.636;1.026;2.609;%13.0
2025-10-29 05:00:00;0,34;0,5;0,27;20;20;20;3.676;1.140;2.536;%13.0
2025-10-29 06:00:00;0,32;0,53;0,25;21;24;20;3.367;0.837;2.530;%7.0
2025-10-29 07:00:00;0,32;0,65;0,25;23;37;21;3.043;0.526;2.516;%7.0
2025-10-29 08:00:00;0,33;0,71;0,26;23;33;21;3.129;0.469;2.660;%7.0
2025-10-29 09:00:00;0,32;0,61;0,25;23;33;21;3.138;0.612;2.527;%7.0
2025-10-29 10:00:00;0,33;0,66;0,26;22;31;21;3.136;0.523;2.613;%10.0
2025-10-29 11:00:00;0,36;0,7;0,27;22;28;20;3.199;0.613;2.585;%15.0
2025-10-29 12:00:00;0,38;0,67;0,31;27;38;24;3.595;0.691;2.904;%8.0
2025-10-29 13:00:00;0,32;0,63;0,25;22;31;20;3.143;0.562;2.581;%7.0
2025-10-29 14:00:00;0,35;0,68;0,27;22;31;20;3.251;0.598;2.653;%11.0
2025-10-29 15:00:00;0,34;0,71;0,26;23;32;21;3.106;0.543;2.563;%8.0
2025-10-29 16:00:00;0,32;0,63;0,26;22;30;20;3.201;0.564;2.638;%7.0
2025-10-29 17:00:00;0,32;0,51;0,25;21;23;20;3.564;0.977;2.586;%7.0
2025-10-29 18:00:00;0,33;0,54;0,25;21;23;20;3.526;0.947;2.579;%7.0
2025-10-29 19:00:00;0,33;0,51;0,25;21;24;20;3.615;1.048;2.567;%7.0
2025-10-29 20:00:00;0,34;0,47;0,27;21;20;21;4.027;1.428;2.600;%11.0
2025-10-29 21:00:00;0,34;0,53;0,26;22;24;21;3.534;1.014;2.519;%10.0
2025-10-29 22:00:00;0,32;0,49;0,26;21;22;21;3.651;1.073;2.578;%8.0
2025-10-29 23:00:00;0,32;0,47;0,25;21;22;20;3.659;1.147;2.512;%7.0
2025-10-30 00:00:00;0,32;0,5;0,25;22;25;20;3.428;0.919;2.509;%7.0
2025-10-30 01:00:00;0,32;0,5;0,25;21;24;20;3.504;0.980;2.525;%7.0
2025-10-30 02:00:00;0,35;0,54;0,28;21;23;21;3.618;0.986;2.633;%14.0
2025-10-30 03:00:00;0,36;0,55;0,26;21;23;21;3.853;1.296;2.557;%11.0
2025-10-30 04:00:00;0,33;0,54;0,25;22;25;21;3.511;0.892;2.619;%7.0
2025-10-30 05:00:00;0,32;0,5;0,25;21;23;20;3.529;0.996;2.532;%7.0
2025-10-30 06:00:00;0,32;0,5;0,25;22;25;20;3.495;0.949;2.546;%7.0
2025-10-30 07:00:00;0,32;0,49;0,25;21;23;20;3.632;1.100;2.531;%7.0
2025-10-30 08:00:00;0,33;0,5;0,27;21;22;21;3.609;1.016;2.593;%10.0
2025-10-30 09:00:00;0,36;0,59;0,28;22;24;21;3.386;0.839;2.546;%15.0
2025-10-30 10:00:00;0,32;0,5;0,25;21;23;20;3.604;0.978;2.626;%7.0
2025-10-30 11:00:00;0,33;0,52;0,25;21;24;20;3.480;0.945;2.535;%7.0
2025-10-30 12:00:00;0,4;0,55;0,34;24;26;23;3.883;1.053;2.830;%8.0
2025-10-30 13:00:00;0,36;0,56;0,27;22;25;20;3.680;1.128;2.552;%12.0
2025-10-30 14:00:00;0,34;0,5;0,27;22;25;21;3.743;1.128;2.614;%8.0
2025-10-30 15:00:00;0,33;0,51;0,26;21;22;20;3.610;1.064;2.546;%7.0
2025-10-30 16:00:00;0,33;0,5;0,26;22;23;21;3.676;1.031;2.645;%7.0
2025-10-30 17:00:00;0,32;0,51;0,25;21;24;20;3.588;1.034;2.554;%7.0
2025-10-30 18:00:00;0,32;0,48;0,25;21;24;20;3.593;1.085;2.508;%7.0
2025-10-30 19:00:00;0,34;0,5;0,27;21;22;20;3.668;1.133;2.535;%11.0
2025-10-30 20:00:00;0,34;0,54;0,26;22;26;20;3.676;1.015;2.661;%7.0
2025-10-30 21:00:00;0,32;0,48;0,25;23;29;20;3.583;1.049;2.533;%8.0
2025-10-30 22:00:00;0,32;0,5;0,26;21;22;20;3.605;1.006;2.599;%7.0
2025-10-30 23:00:00;0,32;0,49;0,25;21;24;20;3.521;1.010;2.510;%7.0
2025-10-31 00:00:00;0,32;0,48;0,25;21;22;20;3.670;1.141;2.529;%7.0
2025-10-31 01:00:00;0,36;0,53;0,27;20;21;20;3.825;1.287;2.538;%11.0
2025-10-31 02:00:00;0,35;0,54;0,29;21;23;21;3.592;0.955;2.638;%14.0
2025-10-31 03:00:00;0,34;0,49;0,26;22;25;21;3.927;1.381;2.546;%8.0
2025-10-31 04:00:00;0,32;0,48;0,25;21;22;20;3.624;1.008;2.616;%7.0
2025-10-31 05:00:00;0,33;0,51;0,25;21;23;20;3.615;1.072;2.543;%7.0
2025-10-31 06:00:00;0,32;0,48;0,25;21;21;20;3.676;1.156;2.521;%7.0
2025-10-31 07:00:00;0,32;0,48;0,25;21;22;20;3.637;1.116;2.521;%7.0
2025-10-31 08:00:00;0,35;0,54;0,27;21;23;20;3.570;0.966;2.604;%12.0
2025-10-31 09:00:00;0,33;0,48;0,26;21;23;20;3.573;1.043;2.529;%9.0
2025-10-31 10:00:00;0,33;0,42;0,26;19;18;20;4.804;2.180;2.624;%9.0
2025-10-31 11:00:00;0,32;0,5;0,25;21;24;20;3.578;1.042;2.536;%7.0
2025-10-31 12:00:00;0,42;0,55;0,36;26;31;24;4.048;1.205;2.843;%10.0
2025-10-31 13:00:00;0,33;0,49;0,25;22;25;20;3.702;1.165;2.536;%7.0
2025-10-31 14:00:00;0,33;0,49;0,26;21;23;21;3.799;1.171;2.628;%7.0
2025-10-31 15:00:00;0,33;0,51;0,25;21;24;21;3.576;1.034;2.542;%7.0
2025-10-31 16:00:00;0,32;0,47;0,25;21;21;20;3.761;1.142;2.619;%7.0
2025-10-31 17:00:00;0,34;0,49;0,27;22;24;21;3.623;1.083;2.540;%7.0
2025-10-31 18:00:00;0,32;0,48;0,25;21;23;20;3.686;1.146;2.540;%8.0
2025-10-31 19:00:00;0,33;0,5;0,26;21;23;20;3.635;1.091;2.544;%9.0
2025-10-31 20:00:00;0,33;0,5;0,26;21;24;20;3.676;1.089;2.587;%8.0
2025-10-31 21:00:00;0,33;0,5;0,26;22;24;22;3.689;1.131;2.558;%7.0
2025-10-31 22:00:00;0,33;0,46;0,26;22;23;21;3.795;1.176;2.619;%7.0
2025-10-31 23:00:00;0,32;0,49;0,25;22;26;20;3.625;1.076;2.549;%7.0
2025-11-01 00:00:00;0,33;0,47;0,26;21;22;20;3.738;1.191;2.547;%9.0
2025-11-01 01:00:00;0,31;0,53;0,25;21;25;20;3.332;0.789;2.543;%7.0
2025-11-01 02:00:00;0,33;0,67;0,27;23;38;21;3.163;0.494;2.669;%7.0
2025-11-01 03:00:00;0,33;0,55;0,26;23;32;20;3.450;0.871;2.579;%7.0
2025-11-01 04:00:00;0,34;0,67;0,26;23;37;20;3.262;0.583;2.679;%7.0
2025-11-01 05:00:00;0,32;0,65;0,25;24;40;20;3.164;0.557;2.608;%7.0
2025-11-01 06:00:00;0,35;0,76;0,27;22;33;20;3.096;0.504;2.592;%12.0
2025-11-01 07:00:00;0,35;0,75;0,27;23;35;20;3.030;0.497;2.534;%12.0
2025-11-01 08:00:00;0,32;0,62;0,26;24;38;21;3.227;0.569;2.658;%7.0
2025-11-01 09:00:00;0,33;0,72;0,25;22;32;20;3.029;0.480;2.549;%7.0
2025-11-01 10:00:00;0,32;0,64;0,26;23;37;21;3.128;0.511;2.618;%7.0
2025-11-01 11:00:00;0,33;0,71;0,25;23;36;20;3.078;0.519;2.560;%7.0
2025-11-01 12:00:00;0,45;0,72;0,38;28;49;23;3.611;0.688;2.922;%13.0
2025-11-01 13:00:00;0,34;0,72;0,26;24;40;20;3.075;0.528;2.547;%7.0
2025-11-01 14:00:00;0,31;0,45;0,27;26;43;21;3.443;0.810;2.633;%7.0
2025-11-01 15:00:00;0,32;0,67;0,25;23;31;21;3.058;0.482;2.576;%7.0
2025-11-01 16:00:00;0,35;0,76;0,26;25;39;22;3.230;0.550;2.680;%7.0
2025-11-01 17:00:00;0,32;0,68;0,25;23;35;20;3.115;0.527;2.589;%7.0
2025-11-01 18:00:00;0,33;0,73;0,25;23;37;20;3.087;0.517;2.570;%7.0
2025-11-01 19:00:00;0,33;0,69;0,25;24;42;20;3.091;0.521;2.569;%7.0
2025-11-01 20:00:00;0,34;0,7;0,27;23;33;21;3.154;0.495;2.658;%8.0
2025-11-01 21:00:00;0,33;0,71;0,26;23;37;20;3.061;0.492;2.570;%8.0
2025-11-01 22:00:00;0,33;0,71;0,26;24;40;20;3.159;0.519;2.640;%7.0
2025-11-01 23:00:00;0,32;0,7;0,25;22;30;20;3.068;0.492;2.575;%7.0
2025-11-02 00:00:00;0,33;0,72;0,25;23;37;20;3.075;0.504;2.571;%7.0
2025-11-02 01:00:00;0,33;0,69;0,25;23;38;20;3.095;0.521;2.574;%7.0
2025-11-02 02:00:00;0,32;0,69;0,26;22;31;20;3.164;0.497;2.667;%7.0
2025-11-02 03:00:00;0,35;0,6;0,26;24;33;20;3.520;0.925;2.595;%9.0
2025-11-02 04:00:00;0,34;0,73;0,26;23;39;20;3.181;0.531;2.650;%7.0
2025-11-02 05:00:00;0,32;0,65;0,25;23;37;20;3.083;0.525;2.558;%7.0
2025-11-02 06:00:00;0,33;0,71;0,25;23;38;20;3.054;0.495;2.560;%7.0
2025-11-02 07:00:00;0,32;0,69;0,25;22;32;20;3.026;0.477;2.549;%6.0
2025-11-02 08:00:00;0,32;0,69;0,25;23;34;20;3.126;0.492;2.634;%7.0
2025-11-02 09:00:00;0,33;0,7;0,26;23;34;21;3.063;0.484;2.578;%7.0
2025-11-02 10:00:00;0,33;0,7;0,26;22;31;20;3.096;0.488;2.608;%7.0
2025-11-02 11:00:00;0,37;0,8;0,28;22;32;20;3.083;0.518;2.565;%16.0
2025-11-02 12:00:00;0,43;0,68;0,36;28;50;23;3.786;0.744;3.043;%8.0
2025-11-02 13:00:00;0,34;0,74;0,25;23;35;20;3.057;0.526;2.531;%7.0
2025-11-02 14:00:00;0,33;0,7;0,26;23;37;20;3.160;0.516;2.644;%7.0
2025-11-02 15:00:00;0,33;0,55;0,25;21;24;20;3.435;0.871;2.564;%7.0
2025-11-02 16:00:00;0,35;0,55;0,28;22;26;20;3.646;1.006;2.639;%11.0
2025-11-02 17:00:00;0,34;0,53;0,26;23;30;20;3.665;1.095;2.571;%11.0
2025-11-02 18:00:00;0,33;0,5;0,25;21;23;20;3.614;1.057;2.558;%7.0
2025-11-02 19:00:00;0,34;0,48;0,26;21;22;20;4.130;1.565;2.565;%8.0
2025-11-02 20:00:00;0,33;0,52;0,26;21;24;20;3.699;1.031;2.668;%7.0
2025-11-02 21:00:00;0,36;0,56;0,27;21;23;20;3.625;1.079;2.546;%9.0
2025-11-02 22:00:00;0,35;0,54;0,27;21;23;20;3.787;1.155;2.632;%10.0
2025-11-02 23:00:00;0,33;0,5;0,26;21;22;21;3.697;1.099;2.598;%7.0
2025-11-03 00:00:00;0,33;0,52;0,25;21;23;20;3.612;1.036;2.575;%7.0
2025-11-03 01:00:00;0,34;0,53;0,26;21;23;21;3.674;1.098;2.576;%7.0
2025-11-03 02:00:00;0,36;0,55;0,28;21;24;20;3.810;1.158;2.652;%12.0
2025-11-03 03:00:00;0,36;0,54;0,27;22;25;21;3.992;1.422;2.569;%11.0
2025-11-03 04:00:00;0,33;0,53;0,26;21;22;20;3.683;1.037;2.646;%7.0
2025-11-03 05:00:00;0,34;0,49;0,26;23;27;21;3.841;1.267;2.574;%8.0
2025-11-03 06:00:00;0,33;0,5;0,26;20;22;20;3.684;1.106;2.578;%7.0
2025-11-03 07:00:00;0,34;0,54;0,26;22;26;20;3.699;1.115;2.585;%7.0
2025-11-03 08:00:00;0,36;0,57;0,28;22;27;20;3.672;1.035;2.636;%13.0
2025-11-03 09:00:00;0,33;0,51;0,26;21;22;20;3.555;1.010;2.546;%8.0
2025-11-03 10:00:00;0,34;0,54;0,26;23;28;20;3.706;1.040;2.666;%7.0
2025-11-03 11:00:00;;;;;;;;;;