Pursaklar ANKTOCDELLOSS01;Latency;Read Latency;Write Latency;Avg. Size;Read Size;Write Size;Total IOPS;Read IOPS;Write IOPS;CPU Utilization
2025-10-04 10:20:02;;;;;;;;;;
2025-10-04 11:00:00;0,55;1,4;0,38;97;451;27;10.058;1.644;8.414;%35.0
2025-10-04 12:00:00;0,54;1,42;0,37;96;450;28;10.262;1.650;8.612;%34.0
2025-10-04 13:00:00;0,54;1,43;0,37;96;456;29;10.229;1.619;8.610;%31.0
2025-10-04 14:00:00;0,56;1,45;0,39;96;451;29;10.303;1.647;8.656;%35.0
2025-10-04 15:00:00;0,57;1,45;0,4;98;454;29;10.070;1.629;8.441;%37.0
2025-10-04 16:00:00;0,58;1,46;0,41;98;452;29;10.079;1.647;8.433;%37.0
2025-10-04 17:00:00;0,55;1,42;0,38;98;448;29;10.174;1.663;8.511;%32.0
2025-10-04 18:00:00;0,53;1,39;0,36;97;453;29;10.070;1.631;8.440;%31.0
2025-10-04 19:00:00;0,56;1,44;0,38;98;454;29;9.994;1.629;8.365;%34.0
2025-10-04 20:00:00;0,53;1,38;0,37;97;445;29;10.158;1.659;8.499;%32.0
2025-10-04 21:00:00;0,59;1,43;0,42;97;451;29;10.163;1.645;8.517;%40.0
2025-10-04 22:00:00;0,57;1,42;0,41;94;426;32;11.118;1.736;9.382;%36.0
2025-10-04 23:00:00;0,57;1,4;0,4;97;440;28;10.183;1.688;8.494;%37.0
2025-10-05 00:00:00;0,5;1,37;0,32;96;448;25;9.828;1.657;8.171;%28.0
2025-10-05 01:00:00;0,54;1,32;0,36;95;397;26;10.328;1.921;8.408;%29.0
2025-10-05 02:00:00;0,99;2,2;0,72;102;417;32;11.228;2.057;9.171;%44.0
2025-10-05 03:00:00;0,51;1,23;0,35;92;388;25;10.437;1.925;8.513;%26.0
2025-10-05 04:00:00;0,51;1,33;0,32;98;431;23;9.737;1.782;7.954;%30.0
2025-10-05 05:00:00;2,13;1,98;2,17;151;358;104;11.405;2.101;9.304;%51.0
2025-10-05 06:00:00;1,07;1,57;0,95;121;399;59;10.046;1.854;8.192;%50.0
2025-10-05 07:00:00;0,61;1,16;0,42;100;322;23;10.599;2.715;7.884;%32.0
2025-10-05 08:00:00;0,6;1,41;0,43;96;455;23;9.667;1.619;8.049;%35.0
2025-10-05 09:00:00;0,51;1,38;0,33;97;456;25;9.710;1.621;8.089;%26.0
2025-10-05 10:00:00;0,53;1,39;0,36;96;453;25;9.852;1.639;8.213;%34.0
2025-10-05 11:00:00;0,55;1,4;0,38;97;454;26;9.839;1.626;8.213;%33.0
2025-10-05 12:00:00;0,52;1,38;0,35;97;452;27;9.909;1.637;8.271;%30.0
2025-10-05 13:00:00;0,52;1,37;0,36;97;447;27;10.009;1.652;8.358;%31.0
2025-10-05 14:00:00;0,56;1,43;0,39;97;458;28;10.102;1.617;8.485;%35.0
2025-10-05 15:00:00;0,55;1,41;0,39;97;453;29;10.085;1.635;8.450;%35.0
2025-10-05 16:00:00;0,55;1,4;0,38;97;450;29;10.174;1.653;8.521;%32.0
2025-10-05 17:00:00;0,59;1,42;0,43;97;452;29;10.048;1.633;8.415;%38.0
2025-10-05 18:00:00;0,54;1,4;0,37;98;455;28;9.914;1.621;8.293;%31.0
2025-10-05 19:00:00;0,55;1,39;0,38;98;454;29;9.920;1.630;8.289;%32.0
2025-10-05 20:00:00;0,56;1,42;0,4;98;457;28;9.967;1.619;8.349;%34.0
2025-10-05 21:00:00;0,53;1,4;0,36;98;455;27;9.783;1.620;8.163;%33.0
2025-10-05 22:00:00;0,51;1,34;0,35;94;434;26;10.259;1.701;8.558;%29.0
2025-10-05 23:00:00;0,55;1,41;0,39;97;459;26;9.721;1.605;8.116;%37.0
2025-10-06 00:00:00;0,49;1,38;0,31;96;457;24;9.732;1.612;8.120;%26.0
2025-10-06 01:00:00;0,52;1,38;0,35;96;444;25;9.816;1.657;8.158;%27.0
2025-10-06 02:00:00;1,06;2,21;0,8;106;423;34;11.012;2.042;8.969;%43.0
2025-10-06 03:00:00;0,5;1,24;0,33;92;390;25;10.413;1.915;8.498;%27.0
2025-10-06 04:00:00;0,51;1,36;0,33;96;449;23;9.551;1.652;7.899;%27.0
2025-10-06 05:00:00;2,34;2,34;2,34;151;364;104;11.282;2.042;9.240;%57.0
2025-10-06 06:00:00;1;1,67;0,85;121;401;58;10.029;1.829;8.200;%44.0
2025-10-06 07:00:00;0,65;1,16;0,47;100;324;23;10.591;2.698;7.894;%34.0
2025-10-06 08:00:00;0,65;1,5;0,48;97;454;25;9.678;1.629;8.049;%30.0
2025-10-06 09:00:00;0,66;1,5;0,49;98;452;27;9.810;1.635;8.176;%37.0
2025-10-06 10:00:00;0,54;1,38;0,37;97;444;28;9.966;1.666;8.300;%30.0
2025-10-06 11:00:00;0,56;1,42;0,39;97;451;28;9.996;1.635;8.361;%37.0
2025-10-06 12:00:00;0,55;1,4;0,39;97;448;29;10.208;1.662;8.546;%32.0
2025-10-06 13:00:00;0,58;1,43;0,41;98;443;29;10.210;1.684;8.525;%40.0
2025-10-06 14:00:00;0,56;1,41;0,39;97;448;29;10.377;1.668;8.708;%33.0
2025-10-06 15:00:00;0,58;1,44;0,42;96;448;30;10.486;1.663;8.823;%40.0
2025-10-06 16:00:00;0,57;1,39;0,41;97;436;30;10.479;1.719;8.760;%34.0
2025-10-06 17:00:00;0,63;1,44;0,47;98;445;30;10.302;1.686;8.616;%40.0
2025-10-06 18:00:00;0,55;1,41;0,38;97;446;30;10.253;1.661;8.592;%33.0
2025-10-06 19:00:00;0,58;1,45;0,41;97;452;29;10.176;1.639;8.537;%38.0
2025-10-06 20:00:00;0,52;1,38;0,35;97;453;28;9.970;1.630;8.340;%27.0
2025-10-06 21:00:00;0,55;1,42;0,38;97;455;27;9.928;1.623;8.305;%36.0
2025-10-06 22:00:00;0,54;1,36;0,37;93;431;26;10.490;1.721;8.769;%33.0
2025-10-06 23:00:00;0,49;1,37;0,32;96;451;26;9.932;1.632;8.300;%25.0
2025-10-07 00:00:00;0,52;1,39;0,35;95;457;25;9.934;1.615;8.318;%30.0
2025-10-07 01:00:00;0,58;1,43;0,41;96;445;25;9.883;1.664;8.219;%38.0
2025-10-07 02:00:00;0,91;2,04;0,65;104;416;33;11.285;2.091;9.194;%36.0
2025-10-07 03:00:00;0,51;1,23;0,35;90;388;25;10.800;1.925;8.875;%26.0
2025-10-07 04:00:00;0,56;1,38;0,39;95;443;23;9.907;1.688;8.220;%39.0
2025-10-07 05:00:00;2,12;2,26;2,09;148;360;102;11.577;2.047;9.530;%52.0
2025-10-07 06:00:00;1,07;1,62;0,96;119;400;58;10.249;1.819;8.430;%49.0
2025-10-07 07:00:00;0,68;1,18;0,51;99;320;24;10.807;2.741;8.066;%32.0
2025-10-07 08:00:00;0,61;1,44;0,44;96;450;25;9.886;1.637;8.249;%33.0
2025-10-07 09:00:00;0,53;1,41;0,36;97;454;27;9.893;1.630;8.263;%32.0
2025-10-07 10:00:00;0,56;1,4;0,39;97;443;28;10.030;1.670;8.360;%35.0
2025-10-07 11:00:00;0,56;1,43;0,39;96;449;28;10.225;1.646;8.579;%32.0
2025-10-07 12:00:00;0,58;1,42;0,42;97;443;29;10.275;1.679;8.596;%38.0
2025-10-07 13:00:00;0,57;1,43;0,41;97;450;29;10.324;1.653;8.671;%33.0
2025-10-07 14:00:00;0,6;1,47;0,45;95;453;29;10.520;1.638;8.882;%39.0
2025-10-07 15:00:00;0,57;1,44;0,41;96;450;30;10.508;1.652;8.856;%33.0
2025-10-07 16:00:00;0,58;1,46;0,41;96;449;30;10.436;1.660;8.775;%39.0
2025-10-07 17:00:00;0,55;1,43;0,39;95;451;30;10.570;1.643;8.927;%32.0
2025-10-07 18:00:00;0,63;1,45;0,47;96;442;29;10.530;1.686;8.844;%38.0
2025-10-07 19:00:00;0,56;1,43;0,39;97;453;29;10.202;1.635;8.567;%35.0
2025-10-07 20:00:00;0,56;1,43;0,39;96;456;28;10.140;1.616;8.524;%32.0
2025-10-07 21:00:00;0,54;1,41;0,37;96;454;27;10.076;1.629;8.446;%34.0
2025-10-07 22:00:00;0,55;1,32;0,39;91;416;26;10.763;1.794;8.968;%30.0
2025-10-07 23:00:00;0,55;1,41;0,39;96;458;26;9.917;1.614;8.303;%32.0
2025-10-08 00:00:00;0,55;1,4;0,38;95;455;25;9.898;1.624;8.274;%33.0
2025-10-08 01:00:00;0,53;1,36;0,35;96;439;25;9.877;1.694;8.183;%26.0
2025-10-08 02:00:00;0,91;2,03;0,66;105;424;33;11.155;2.055;9.100;%37.0
2025-10-08 03:00:00;0,54;1,25;0,39;90;387;25;10.635;1.929;8.706;%37.0
2025-10-08 04:00:00;0,49;1,36;0,3;96;448;23;9.636;1.662;7.975;%24.0
2025-10-08 05:00:00;2,24;2,37;2,21;149;364;102;11.462;2.024;9.437;%55.0
2025-10-08 06:00:00;1,06;1,64;0,93;119;400;58;10.206;1.823;8.383;%45.0
2025-10-08 07:00:00;0,71;1,19;0,54;99;322;24;10.722;2.715;8.007;%37.0
2025-10-08 08:00:00;0,51;1,37;0,34;97;453;25;9.756;1.631;8.125;%28.0
2025-10-08 09:00:00;0,54;1,38;0,38;97;447;27;9.925;1.660;8.266;%35.0
2025-10-08 10:00:00;0,55;1,38;0,39;96;435;28;10.215;1.716;8.500;%38.0
2025-10-08 11:00:00;0,53;1,39;0,37;96;448;28;10.312;1.653;8.659;%31.0
2025-10-08 12:00:00;0,57;1,42;0,41;96;452;29;10.356;1.642;8.714;%36.0
2025-10-08 13:00:00;0,57;1,38;0,41;98;436;30;10.369;1.739;8.629;%34.0
2025-10-08 14:00:00;0,58;1,43;0,42;96;449;30;10.440;1.655;8.785;%36.0
2025-10-08 15:00:00;0,57;1,42;0,41;97;448;29;10.304;1.656;8.648;%37.0
2025-10-08 16:00:00;0,57;1,4;0,41;96;443;30;10.416;1.680;8.737;%35.0
2025-10-08 17:00:00;0,58;1,42;0,42;96;448;30;10.433;1.655;8.778;%36.0
2025-10-08 18:00:00;0,59;1,42;0,43;97;455;30;10.254;1.626;8.628;%35.0
2025-10-08 19:00:00;0,55;1,4;0,39;97;446;29;10.251;1.678;8.573;%34.0
2025-10-08 20:00:00;0,58;1,39;0,42;96;448;28;10.161;1.657;8.504;%35.0
2025-10-08 21:00:00;0,53;1,38;0,36;97;449;27;10.012;1.656;8.356;%32.0
2025-10-08 22:00:00;0,51;1,34;0,34;92;429;26;10.526;1.729;8.797;%29.0
2025-10-08 23:00:00;1,09;1,58;1;105;455;36;10.089;1.662;8.428;%49.0
2025-10-09 00:00:00;0,49;1,36;0,32;96;456;25;9.858;1.619;8.239;%26.0
2025-10-09 01:00:00;0,52;1,37;0,35;95;444;25;10.070;1.668;8.402;%31.0
2025-10-09 02:00:00;0,99;2,19;0,73;101;412;34;12.205;2.159;10.046;%43.0
2025-10-09 03:00:00;0,68;1,3;0,56;84;365;29;12.766;2.087;10.679;%44.0
2025-10-09 04:00:00;0,5;1,36;0,33;93;443;24;10.142;1.682;8.460;%27.0
2025-10-09 05:00:00;2,48;2,54;2,47;141;356;98;12.420;2.058;10.361;%56.0
2025-10-09 06:00:00;1,12;1,79;0,98;116;393;58;10.760;1.880;8.880;%54.0
2025-10-09 07:00:00;0,71;1,24;0,53;98;323;26;11.139;2.727;8.412;%37.0
2025-10-09 08:00:00;0,64;1,48;0,47;94;444;26;10.337;1.681;8.657;%37.0
2025-10-09 09:00:00;0,54;1,4;0,37;96;453;28;10.116;1.637;8.479;%31.0
2025-10-09 10:00:00;0,55;1,39;0,38;97;443;27;10.071;1.674;8.397;%37.0
2025-10-09 11:00:00;0,54;1,39;0,37;97;446;28;10.208;1.667;8.542;%34.0
2025-10-09 12:00:00;0,55;1,4;0,38;95;446;29;10.387;1.666;8.722;%38.0
2025-10-09 13:00:00;0,57;1,43;0,41;96;452;29;10.445;1.645;8.800;%35.0
2025-10-09 14:00:00;0,6;1,43;0,44;95;450;29;10.465;1.647;8.819;%38.0
2025-10-09 15:00:00;0,58;1,42;0,42;97;451;30;10.377;1.646;8.731;%36.0
2025-10-09 16:00:00;0,59;1,46;0,43;95;447;31;10.760;1.675;9.085;%39.0
2025-10-09 17:00:00;0,57;1,44;0,41;95;451;30;10.533;1.639;8.894;%37.0
2025-10-09 18:00:00;0,58;1,43;0,42;95;452;30;10.573;1.637;8.936;%37.0
2025-10-09 19:00:00;0,57;1,44;0,41;95;453;29;10.482;1.636;8.846;%36.0
2025-10-09 20:00:00;0,56;1,44;0,4;94;453;28;10.404;1.627;8.777;%37.0
2025-10-09 21:00:00;0,53;1,41;0,37;95;451;28;10.463;1.650;8.814;%32.0
2025-10-09 22:00:00;0,56;1,38;0,41;90;427;27;10.983;1.739;9.244;%41.0
2025-10-09 23:00:00;0,51;1,39;0,34;95;457;26;9.981;1.611;8.370;%29.0
2025-10-10 00:00:00;0,5;1,39;0,33;95;459;25;9.882;1.608;8.274;%28.0
2025-10-10 01:00:00;0,57;1,39;0,4;94;436;25;10.128;1.692;8.435;%33.0
2025-10-10 02:00:00;1,08;2,22;0,84;102;421;36;12.354;2.125;10.230;%48.0
2025-10-10 03:00:00;0,58;1,22;0,44;84;352;27;12.090;2.145;9.945;%32.0
2025-10-10 04:00:00;0,52;1,35;0,35;92;430;24;10.310;1.743;8.568;%34.0
2025-10-10 05:00:00;2,14;2,3;2,1;145;363;100;11.960;2.052;9.908;%53.0
2025-10-10 06:00:00;1,06;1,64;0,93;118;399;58;10.539;1.850;8.689;%52.0
2025-10-10 07:00:00;0,69;1,21;0,52;97;319;24;10.972;2.726;8.245;%34.0
2025-10-10 08:00:00;0,68;1,51;0,52;94;450;25;10.100;1.644;8.456;%34.0
2025-10-10 09:00:00;0,68;1,56;0,5;96;444;27;10.068;1.668;8.400;%38.0
2025-10-10 10:00:00;0,52;1,37;0,35;95;441;27;10.220;1.684;8.536;%27.0
2025-10-10 11:00:00;0,59;1,46;0,43;95;445;28;10.402;1.661;8.741;%44.0
2025-10-10 12:00:00;0,54;1,4;0,37;96;446;29;10.321;1.670;8.651;%31.0
2025-10-10 13:00:00;0,58;1,45;0,42;97;451;29;10.233;1.644;8.589;%39.0
2025-10-10 14:00:00;0,56;1,43;0,4;96;451;29;10.305;1.639;8.666;%35.0
2025-10-10 15:00:00;0,59;1,42;0,44;96;450;30;10.423;1.647;8.776;%39.0
2025-10-10 16:00:00;0,58;1,44;0,42;96;443;30;10.557;1.687;8.870;%38.0
2025-10-10 17:00:00;0,58;1,44;0,42;96;445;30;10.435;1.664;8.771;%37.0
2025-10-10 18:00:00;0,57;1,42;0,41;96;452;29;10.395;1.626;8.769;%36.0
2025-10-10 19:00:00;0,57;1,42;0,41;96;453;29;10.223;1.625;8.598;%41.0
2025-10-10 20:00:00;0,54;1,39;0,37;96;455;28;10.102;1.623;8.479;%32.0
2025-10-10 21:00:00;0,52;1,39;0,35;96;454;27;9.988;1.619;8.369;%33.0
2025-10-10 22:00:00;0,61;1,37;0,46;93;420;29;10.731;1.763;8.968;%35.0
2025-10-10 23:00:00;0,54;1,39;0,38;96;456;26;9.926;1.619;8.307;%29.0
2025-10-11 00:00:00;0,52;1,4;0,35;95;455;25;9.859;1.617;8.242;%35.0
2025-10-11 01:00:00;0,53;1,38;0,36;95;442;25;10.029;1.673;8.357;%26.0
2025-10-11 02:00:00;0,97;2,03;0,73;106;415;34;11.295;2.152;9.142;%39.0
2025-10-11 03:00:00;0,52;1,22;0,36;90;374;25;10.724;1.993;8.731;%32.0
2025-10-11 04:00:00;0,51;1,36;0,33;95;443;23;9.744;1.675;8.070;%28.0
2025-10-11 05:00:00;2,13;2,3;2,1;147;360;101;11.703;2.079;9.623;%54.0
2025-10-11 06:00:00;0,98;1,55;0,86;119;399;58;10.295;1.851;8.444;%43.0
2025-10-11 07:00:00;0,64;1,16;0,47;98;322;23;10.816;2.709;8.107;%38.0
2025-10-11 08:00:00;0,62;1,45;0,46;95;452;24;9.835;1.635;8.200;%30.0
2025-10-11 09:00:00;0,65;1,48;0,49;97;450;25;9.821;1.647;8.174;%33.0
2025-10-11 10:00:00;0,71;1,53;0,55;96;452;26;9.952;1.639;8.313;%37.0
2025-10-11 11:00:00;0,69;1,53;0,53;96;449;27;10.006;1.640;8.366;%34.0
2025-10-11 12:00:00;0,67;1,49;0,52;96;451;28;10.226;1.644;8.581;%33.0
2025-10-11 13:00:00;0,77;1,56;0,62;97;447;28;10.154;1.653;8.501;%41.0
2025-10-11 14:00:00;0,55;1,47;0,38;96;454;28;10.201;1.619;8.582;%31.0
2025-10-11 15:00:00;0,58;1,48;0,41;97;454;29;10.225;1.626;8.599;%42.0
2025-10-11 16:00:00;0,54;1,43;0,37;97;450;29;10.220;1.652;8.568;%31.0
2025-10-11 17:00:00;0,56;1,43;0,39;97;453;29;10.062;1.630;8.431;%37.0
2025-10-11 18:00:00;0,54;1,41;0,37;96;454;29;10.211;1.627;8.584;%30.0
2025-10-11 19:00:00;0,56;1,43;0,39;97;454;28;10.008;1.623;8.385;%36.0
2025-10-11 20:00:00;0,54;1,39;0,37;97;448;28;10.057;1.646;8.411;%34.0
2025-10-11 21:00:00;0,53;1,4;0,37;96;454;28;10.154;1.629;8.525;%31.0
2025-10-11 22:00:00;0,62;1,39;0,48;93;421;31;11.070;1.760;9.311;%40.0
2025-10-11 23:00:00;0,53;1,37;0,37;96;441;29;10.298;1.682;8.616;%29.0
2025-10-12 00:00:00;0,53;1,43;0,36;96;459;25;9.805;1.601;8.203;%32.0
2025-10-12 01:00:00;0,64;1,38;0,48;94;393;26;10.495;1.926;8.569;%35.0
2025-10-12 02:00:00;0,9;2,11;0,63;104;419;32;11.078;2.057;9.020;%35.0
2025-10-12 03:00:00;0,49;1,2;0,33;91;376;25;10.579;1.986;8.593;%25.0
2025-10-12 04:00:00;0,52;1,35;0,34;94;441;23;9.887;1.683;8.203;%30.0
2025-10-12 05:00:00;2,2;2,43;2,15;146;360;101;11.699;2.044;9.655;%53.0
2025-10-12 06:00:00;1,07;1,66;0,94;118;399;58;10.392;1.829;8.562;%51.0
2025-10-12 07:00:00;0,65;1,18;0,47;98;324;23;10.793;2.693;8.100;%33.0
2025-10-12 08:00:00;0,67;1,48;0,51;94;448;23;9.899;1.652;8.246;%32.0
2025-10-12 09:00:00;0,67;1,5;0,51;96;453;24;9.809;1.635;8.174;%35.0
2025-10-12 10:00:00;0,71;1,5;0,55;95;447;25;9.990;1.657;8.333;%32.0
2025-10-12 11:00:00;0,59;1,46;0,43;95;455;26;10.146;1.631;8.515;%34.0
2025-10-12 12:00:00;0,54;1,41;0,38;94;453;27;10.329;1.627;8.702;%35.0
2025-10-12 13:00:00;0,55;1,4;0,39;95;451;28;10.439;1.646;8.793;%37.0
2025-10-12 14:00:00;0,54;1,4;0,38;94;448;28;10.614;1.661;8.953;%35.0
2025-10-12 15:00:00;0,59;1,43;0,44;94;452;29;10.669;1.643;9.026;%37.0
2025-10-12 16:00:00;0,56;1,42;0,39;95;448;29;10.487;1.662;8.826;%33.0
2025-10-12 17:00:00;0,58;1,42;0,43;96;451;29;10.341;1.641;8.700;%35.0
2025-10-12 18:00:00;0,55;1,42;0,39;95;452;29;10.537;1.638;8.899;%36.0
2025-10-12 19:00:00;0,55;1,42;0,39;96;454;28;10.322;1.628;8.694;%34.0
2025-10-12 20:00:00;0,54;1,41;0,38;94;453;27;10.337;1.628;8.709;%34.0
2025-10-12 21:00:00;0,53;1,41;0,36;95;452;27;10.332;1.638;8.695;%33.0
2025-10-12 22:00:00;0,53;1,36;0,38;91;432;26;10.791;1.718;9.073;%32.0
2025-10-12 23:00:00;0,53;1,4;0,36;95;456;26;10.177;1.621;8.556;%33.0
2025-10-13 00:00:00;0,52;1,39;0,35;94;457;25;10.170;1.624;8.546;%32.0
2025-10-13 01:00:00;0,55;1,4;0,38;93;438;26;10.372;1.698;8.674;%27.0
2025-10-13 02:00:00;0,98;1,98;0,76;104;423;34;11.554;2.079;9.475;%41.0
2025-10-13 03:00:00;0,53;1,21;0,37;90;361;25;11.052;2.128;8.924;%29.0
2025-10-13 04:00:00;0,5;1,38;0,33;94;443;23;10.051;1.687;8.363;%27.0
2025-10-13 05:00:00;2,13;2,32;2,09;145;358;100;11.827;2.059;9.768;%55.0
2025-10-13 06:00:00;1,06;1,63;0,94;118;395;58;10.539;1.867;8.671;%48.0
2025-10-13 07:00:00;0,69;1,18;0,53;97;321;24;11.103;2.735;8.368;%35.0
2025-10-13 08:00:00;0,63;1,45;0,47;94;447;25;10.247;1.658;8.589;%32.0
2025-10-13 09:00:00;0,64;1,49;0,48;95;448;27;10.278;1.661;8.617;%36.0
2025-10-13 10:00:00;0,56;1,38;0,4;95;421;28;10.476;1.789;8.688;%33.0
2025-10-13 11:00:00;0,61;1,43;0,46;95;441;29;10.588;1.689;8.899;%43.0
2025-10-13 12:00:00;0,55;1,41;0,39;94;448;29;10.618;1.657;8.961;%34.0
2025-10-13 13:00:00;0,58;1,41;0,43;95;443;29;10.503;1.671;8.832;%40.0
2025-10-13 14:00:00;0,58;1,43;0,43;95;451;29;10.520;1.643;8.877;%35.0
2025-10-13 15:00:00;0,59;1,41;0,43;95;440;30;10.638;1.691;8.947;%39.0
2025-10-13 16:00:00;0,59;1,44;0,43;94;441;30;10.768;1.693;9.075;%36.0
2025-10-13 17:00:00;0,61;1,48;0,44;95;443;30;10.741;1.688;9.053;%40.0
2025-10-13 18:00:00;0,58;1,44;0,41;95;437;29;10.652;1.711;8.942;%34.0
2025-10-13 19:00:00;0,56;1,41;0,39;95;442;28;10.349;1.677;8.672;%36.0
2025-10-13 20:00:00;0,51;1,38;0,34;95;449;27;10.296;1.652;8.645;%29.0
2025-10-13 21:00:00;0,54;1,42;0,37;95;455;26;10.165;1.624;8.540;%35.0
2025-10-13 22:00:00;0,53;1,36;0,37;91;430;26;10.616;1.724;8.892;%33.0
2025-10-13 23:00:00;0,51;1,37;0,34;95;455;25;10.061;1.622;8.439;%25.0
2025-10-14 00:00:00;0,54;1,4;0,37;94;454;24;9.998;1.623;8.375;%34.0
2025-10-14 01:00:00;0,56;1,4;0,39;93;438;25;10.374;1.697;8.677;%32.0
2025-10-14 02:00:00;0,91;2;0,67;101;412;34;12.015;2.152;9.864;%38.0
2025-10-14 03:00:00;0,51;1,2;0,35;88;372;25;11.103;2.013;9.090;%26.0
2025-10-14 04:00:00;0,54;1,36;0,37;93;426;23;10.130;1.765;8.365;%37.0
2025-10-14 05:00:00;2,13;2,37;2,08;142;350;98;12.198;2.107;10.091;%54.0
2025-10-14 06:00:00;1,03;1,64;0,91;116;393;57;10.550;1.859;8.692;%48.0
2025-10-14 07:00:00;0,7;1,23;0,52;97;321;23;10.968;2.711;8.257;%42.0
2025-10-14 08:00:00;0,64;1,47;0,48;94;445;25;10.121;1.658;8.462;%33.0
2025-10-14 09:00:00;0,66;1,47;0,51;95;450;27;10.121;1.640;8.482;%32.0
2025-10-14 10:00:00;0,72;1,55;0,56;95;433;27;10.347;1.720;8.627;%38.0
2025-10-14 11:00:00;0,53;1,39;0,37;94;443;28;10.463;1.671;8.792;%32.0
2025-10-14 12:00:00;0,57;1,4;0,41;95;441;29;10.586;1.692;8.894;%40.0
2025-10-14 13:00:00;0,58;1,44;0,42;95;441;30;10.632;1.689;8.943;%37.0
2025-10-14 14:00:00;0,57;1,44;0,41;94;444;29;10.707;1.665;9.041;%36.0
2025-10-14 15:00:00;0,59;1,45;0,43;95;437;30;10.728;1.731;8.998;%40.0
2025-10-14 16:00:00;0,58;1,39;0,41;96;415;30;10.904;1.867;9.037;%35.0
2025-10-14 17:00:00;0,66;1,58;0,48;96;414;32;10.833;1.812;9.021;%43.0
2025-10-14 18:00:00;0,56;1,44;0,39;94;438;30;10.683;1.694;8.989;%33.0
2025-10-14 19:00:00;0,58;1,47;0,42;95;449;29;10.468;1.647;8.821;%38.0
2025-10-14 20:00:00;0,54;1,41;0,38;94;446;27;10.411;1.659;8.752;%35.0
2025-10-14 21:00:00;0,53;1,41;0,36;95;445;27;10.273;1.666;8.608;%31.0
2025-10-14 22:00:00;0,57;1,38;0,41;90;422;26;10.899;1.765;9.133;%37.0
2025-10-14 23:00:00;0,5;1,37;0,33;94;450;26;10.204;1.644;8.560;%26.0
2025-10-15 00:00:00;0,52;1,39;0,35;94;455;25;10.063;1.625;8.438;%30.0
2025-10-15 01:00:00;0,57;1,41;0,41;94;438;27;10.326;1.701;8.625;%35.0
2025-10-15 02:00:00;1,07;2,13;0,85;98;392;35;13.002;2.272;10.730;%43.0
2025-10-15 03:00:00;0,7;1,28;0,57;87;358;29;12.046;2.122;9.924;%36.0
2025-10-15 04:00:00;0,54;1,38;0,37;93;432;24;10.247;1.732;8.516;%35.0
2025-10-15 05:00:00;2,31;2,49;2,27;143;355;100;12.188;2.060;10.128;%56.0
2025-10-15 06:00:00;1,07;1,65;0,94;116;390;57;10.609;1.881;8.728;%53.0
2025-10-15 07:00:00;0,57;1,19;0,37;98;318;25;11.220;2.788;8.432;%32.0
2025-10-15 08:00:00;0,55;1,41;0,38;94;447;26;10.235;1.663;8.572;%38.0
2025-10-15 09:00:00;0,55;1,42;0,38;96;448;28;10.164;1.666;8.497;%32.0
2025-10-15 10:00:00;0,57;1,41;0,4;96;438;28;10.263;1.702;8.562;%34.0
2025-10-15 11:00:00;0,6;1,45;0,43;96;447;29;10.383;1.663;8.720;%40.0
2025-10-15 12:00:00;0,58;1,41;0,41;96;441;29;10.455;1.691;8.763;%32.0
2025-10-15 13:00:00;0,59;1,47;0,42;96;447;30;10.499;1.665;8.834;%38.0
2025-10-15 14:00:00;0,6;1,44;0,44;94;436;31;10.984;1.726;9.258;%35.0
2025-10-15 15:00:00;0,59;1,42;0,43;96;427;30;10.745;1.776;8.969;%37.0
2025-10-15 16:00:00;0,64;1,47;0,48;95;435;30;10.682;1.727;8.955;%41.0
2025-10-15 17:00:00;0,58;1,42;0,42;95;439;30;10.689;1.691;8.998;%34.0
2025-10-15 18:00:00;0,62;1,46;0,46;96;443;30;10.568;1.677;8.891;%36.0
2025-10-15 19:00:00;0,58;1,44;0,42;96;445;29;10.463;1.669;8.793;%34.0
2025-10-15 20:00:00;0,57;1,42;0,41;95;444;28;10.467;1.684;8.783;%34.0
2025-10-15 21:00:00;0,58;1,43;0,42;95;444;27;10.294;1.670;8.625;%39.0
2025-10-15 22:00:00;0,52;1,35;0,36;90;417;27;10.967;1.790;9.177;%29.0
2025-10-15 23:00:00;1,13;1,61;1,04;102;435;37;10.570;1.727;8.843;%47.0
2025-10-16 00:00:00;0,52;1,39;0,36;94;450;25;10.132;1.641;8.492;%29.0
2025-10-16 01:00:00;0,55;1,39;0,38;93;429;26;10.344;1.733;8.611;%33.0
2025-10-16 02:00:00;0,98;2,21;0,7;101;410;32;11.689;2.120;9.569;%42.0
2025-10-16 03:00:00;0,55;1,23;0,4;89;371;25;11.030;2.030;9.000;%32.0
2025-10-16 04:00:00;0,52;1,36;0,35;93;436;23;10.156;1.712;8.445;%31.0
2025-10-16 05:00:00;2,05;2,05;2,05;141;358;97;12.474;2.097;10.378;%55.0
2025-10-16 06:00:00;1,1;1,65;0,98;117;394;58;10.595;1.865;8.730;%53.0
2025-10-16 07:00:00;0,6;1,2;0,39;98;316;25;11.148;2.796;8.352;%32.0
2025-10-16 08:00:00;0,6;1,4;0,44;94;446;26;10.142;1.654;8.488;%38.0
2025-10-16 09:00:00;0,59;1,39;0,43;96;449;27;10.121;1.645;8.476;%32.0
2025-10-16 10:00:00;0,57;1,38;0,42;95;443;28;10.366;1.680;8.686;%31.0
2025-10-16 11:00:00;0,61;1,4;0,45;94;432;29;10.661;1.729;8.932;%37.0
2025-10-16 12:00:00;0,59;1,41;0,44;94;442;29;10.632;1.680;8.952;%34.0
2025-10-16 13:00:00;0,96;1,65;0,84;97;408;42;12.363;1.851;10.512;%49.0
2025-10-16 14:00:00;0,67;1,49;0,53;89;428;31;11.825;1.746;10.079;%45.0
2025-10-16 15:00:00;0,69;1,47;0,55;89;422;32;12.127;1.771;10.357;%40.0
2025-10-16 16:00:00;0,62;1,44;0,46;93;432;30;11.100;1.728;9.373;%41.0
2025-10-16 17:00:00;0,57;1,41;0,42;93;440;30;11.018;1.690;9.329;%35.0
2025-10-16 18:00:00;0,59;1,45;0,44;93;442;30;11.042;1.680;9.362;%41.0
2025-10-16 19:00:00;0,57;1,4;0,42;94;445;29;10.712;1.665;9.047;%33.0
2025-10-16 20:00:00;0,57;1,42;0,42;93;446;28;10.623;1.659;8.964;%36.0
2025-10-16 21:00:00;0,55;1,4;0,4;94;450;28;10.426;1.645;8.781;%35.0
2025-10-16 22:00:00;0,53;1,32;0,38;88;405;26;11.335;1.840;9.495;%33.0
2025-10-16 23:00:00;0,55;1,39;0,39;94;447;26;10.347;1.657;8.690;%31.0
2025-10-17 00:00:00;0,52;1,38;0,36;93;449;25;10.223;1.646;8.577;%31.0
2025-10-17 01:00:00;0,54;1,39;0,37;92;435;26;10.438;1.706;8.732;%33.0
2025-10-17 02:00:00;0,98;2,03;0,75;102;415;33;11.727;2.117;9.611;%37.0
2025-10-17 03:00:00;0,58;1,26;0,43;86;366;26;11.427;2.040;9.387;%38.0
2025-10-17 04:00:00;0,51;1,36;0,34;92;431;24;10.344;1.731;8.614;%31.0
2025-10-17 05:00:00;2,53;2,44;2,55;140;349;97;12.359;2.116;10.243;%54.0
2025-10-17 06:00:00;1,13;1,7;1,01;118;397;59;10.543;1.853;8.691;%54.0
2025-10-17 07:00:00;0,66;1,2;0,48;98;316;24;11.154;2.803;8.351;%33.0
2025-10-17 08:00:00;0,64;1,47;0,48;94;447;25;10.184;1.652;8.532;%37.0
2025-10-17 09:00:00;0,66;1,49;0,49;95;441;27;10.267;1.682;8.585;%34.0
2025-10-17 10:00:00;0,57;1,45;0,4;94;444;28;10.467;1.669;8.798;%33.0
2025-10-17 11:00:00;0,59;1,53;0,42;93;441;28;10.620;1.676;8.944;%37.0
2025-10-17 12:00:00;0,66;1,56;0,49;93;426;29;10.967;1.761;9.205;%41.0
2025-10-17 13:00:00;0,66;1,56;0,48;94;426;29;10.983;1.782;9.202;%39.0
2025-10-17 14:00:00;0,62;1,52;0,45;93;433;30;11.021;1.742;9.279;%36.0
2025-10-17 15:00:00;0,66;1,52;0,5;95;426;30;10.935;1.787;9.148;%41.0
2025-10-17 16:00:00;0,64;1,46;0,49;94;425;30;11.414;1.843;9.571;%36.0
2025-10-17 17:00:00;0,66;1,53;0,5;95;435;30;10.963;1.741;9.222;%45.0
2025-10-17 18:00:00;0,61;1,47;0,45;94;438;30;10.860;1.707;9.152;%35.0
2025-10-17 19:00:00;0,87;1,6;0,76;83;435;31;13.746;1.743;12.002;%46.0
2025-10-17 20:00:00;0,56;1,42;0,4;94;454;28;10.612;1.634;8.978;%31.0
2025-10-17 21:00:00;0,56;1,43;0,4;95;451;27;10.319;1.643;8.676;%36.0
2025-10-17 22:00:00;0,65;1,36;0,51;91;409;29;11.205;1.831;9.374;%36.0
2025-10-17 23:00:00;0,52;1,4;0,35;94;453;26;10.196;1.634;8.563;%31.0
2025-10-18 00:00:00;0,52;1,39;0,35;94;455;25;10.111;1.626;8.485;%30.0
2025-10-18 01:00:00;0,53;1,4;0,36;94;441;25;10.193;1.681;8.512;%32.0
2025-10-18 02:00:00;1,02;2,18;0,75;103;405;33;11.723;2.202;9.521;%44.0
2025-10-18 03:00:00;0,57;1,22;0,4;98;373;27;9.755;2.002;7.753;%29.0
2025-10-18 04:00:00;0,57;1,37;0,37;109;439;26;8.475;1.701;6.774;%31.0
2025-10-18 05:00:00;2,6;2,6;2,6;165;360;117;10.439;2.071;8.368;%54.0
2025-10-18 06:00:00;1,19;1,73;1,05;135;397;67;9.020;1.856;7.165;%50.0
2025-10-18 07:00:00;0,7;1,19;0,5;111;318;27;9.555;2.771;6.784;%35.0
2025-10-18 08:00:00;0,72;1,51;0,54;109;451;28;8.566;1.642;6.924;%36.0
2025-10-18 09:00:00;0,72;1,51;0,53;109;445;30;8.736;1.672;7.064;%32.0
2025-10-18 10:00:00;0,58;1,36;0,39;109;440;31;8.812;1.694;7.118;%30.0
2025-10-18 11:00:00;0,61;1,38;0,43;109;443;32;8.884;1.675;7.209;%38.0
2025-10-18 12:00:00;0,58;1,39;0,4;109;455;32;8.904;1.625;7.280;%30.0
2025-10-18 13:00:00;0,62;1,41;0,44;109;448;33;9.015;1.654;7.361;%39.0
2025-10-18 14:00:00;0,59;1,4;0,41;109;452;33;9.056;1.633;7.422;%31.0
2025-10-18 15:00:00;0,62;1,42;0,45;109;448;34;9.129;1.656;7.473;%40.0
2025-10-18 16:00:00;0,59;1,4;0,4;109;449;34;9.115;1.657;7.459;%30.0
2025-10-18 17:00:00;0,67;1,47;0,49;109;452;34;9.085;1.640;7.445;%43.0
2025-10-18 18:00:00;0,59;1,39;0,41;109;451;34;9.075;1.640;7.435;%30.0
2025-10-18 19:00:00;0,66;1,43;0,48;111;451;33;8.868;1.642;7.226;%41.0
2025-10-18 20:00:00;0,6;1,39;0,42;109;448;33;8.976;1.652;7.324;%30.0
2025-10-18 21:00:00;0,63;1,41;0,45;108;446;32;9.020;1.664;7.356;%38.0
2025-10-18 22:00:00;0,61;1,37;0,45;105;425;36;9.923;1.753;8.170;%34.0
2025-10-18 23:00:00;0,65;1,4;0,48;108;440;34;9.244;1.680;7.564;%37.0
2025-10-19 00:00:00;0,56;1,39;0,37;109;457;29;8.725;1.617;7.108;%30.0
2025-10-19 01:00:00;0,62;1,34;0,43;106;395;31;9.479;1.942;7.536;%33.0
2025-10-19 02:00:00;1,03;2,12;0,75;115;412;37;10.223;2.122;8.101;%40.0
2025-10-19 03:00:00;0,61;1,23;0,45;103;376;29;9.373;1.991;7.382;%33.0
2025-10-19 04:00:00;0,55;1,37;0,35;108;447;27;8.545;1.659;6.886;%26.0
2025-10-19 05:00:00;2,33;2,34;2,32;165;362;117;10.396;2.045;8.350;%54.0
2025-10-19 06:00:00;1,19;1,63;1,08;136;397;68;8.948;1.846;7.101;%47.0
2025-10-19 07:00:00;0,72;1,18;0,54;112;318;28;9.638;2.781;6.857;%35.0
2025-10-19 08:00:00;0,69;1,48;0,5;108;446;27;8.689;1.663;7.026;%34.0
2025-10-19 09:00:00;0,72;1,48;0,54;109;453;29;8.670;1.636;7.034;%30.0
2025-10-19 10:00:00;0,77;1,5;0,59;110;448;29;8.625;1.661;6.964;%34.0
2025-10-19 11:00:00;0,74;1,52;0,56;109;449;30;8.797;1.651;7.146;%36.0
2025-10-19 12:00:00;0,76;1,52;0,59;109;452;31;8.834;1.637;7.197;%33.0
2025-10-19 13:00:00;0,65;1,49;0,47;109;452;32;8.950;1.642;7.309;%33.0
2025-10-19 14:00:00;0,62;1,42;0,44;109;455;32;8.990;1.628;7.362;%36.0
2025-10-19 15:00:00;0,6;1,41;0,42;109;453;33;8.991;1.638;7.353;%33.0
2025-10-19 16:00:00;0,61;1,4;0,43;109;450;32;8.923;1.644;7.279;%35.0
2025-10-19 17:00:00;0,61;1,41;0,43;110;454;33;8.904;1.630;7.273;%37.0
2025-10-19 18:00:00;0,58;1,41;0,4;109;457;33;9.007;1.617;7.390;%31.0
2025-10-19 19:00:00;0,62;1,41;0,44;109;456;32;8.963;1.626;7.337;%38.0
2025-10-19 20:00:00;0,56;1,39;0,37;107;452;31;9.058;1.633;7.425;%29.0
2025-10-19 21:00:00;0,6;1,43;0,41;109;456;31;8.817;1.616;7.200;%37.0
2025-10-19 22:00:00;0,58;1,35;0,41;104;432;31;9.393;1.722;7.671;%28.0
2025-10-19 23:00:00;0,56;1,4;0,38;107;454;30;9.055;1.636;7.419;%30.0
2025-10-20 00:00:00;0,57;1,41;0,38;108;454;29;8.731;1.629;7.103;%32.0
2025-10-20 01:00:00;0,56;1,37;0,36;108;438;29;8.853;1.699;7.155;%27.0
2025-10-20 02:00:00;1,12;2,05;0,88;117;417;38;10.148;2.095;8.053;%41.0
2025-10-20 03:00:00;0,57;1,22;0,41;101;381;29;9.655;1.970;7.685;%26.0
2025-10-20 04:00:00;0,55;1,36;0,36;106;442;27;8.780;1.684;7.096;%31.0
2025-10-20 05:00:00;2,41;2,35;2,42;161;358;114;10.673;2.065;8.608;%52.0
2025-10-20 06:00:00;1,15;1,64;1,03;133;395;66;9.188;1.855;7.332;%47.0
2025-10-20 07:00:00;0,75;1,16;0,58;111;317;27;9.646;2.780;6.866;%34.0
2025-10-20 08:00:00;0,73;1,47;0,55;109;447;29;8.671;1.659;7.013;%30.0
2025-10-20 09:00:00;0,77;1,57;0,58;110;451;32;8.788;1.644;7.144;%39.0
2025-10-20 10:00:00;0,79;1,55;0,62;109;439;32;9.075;1.715;7.360;%36.0
2025-10-20 11:00:00;0,57;1,37;0,4;105;438;33;9.466;1.701;7.765;%29.0
2025-10-20 12:00:00;0,65;1,42;0,48;107;444;33;9.255;1.675;7.580;%43.0
2025-10-20 13:00:00;0,59;1,38;0,41;107;446;33;9.247;1.663;7.584;%33.0
2025-10-20 14:00:00;0,65;1,44;0,48;107;450;34;9.377;1.652;7.725;%41.0
2025-10-20 15:00:00;0,59;1,4;0,41;108;447;34;9.308;1.664;7.644;%31.0
2025-10-20 16:00:00;0,68;1,47;0,5;108;437;34;9.378;1.710;7.668;%43.0
2025-10-20 17:00:00;0,6;1,4;0,42;108;446;34;9.259;1.658;7.601;%30.0
2025-10-20 18:00:00;0,64;1,44;0,47;108;451;34;9.243;1.641;7.602;%41.0
2025-10-20 19:00:00;0,58;1,4;0,4;109;450;33;9.023;1.647;7.376;%29.0
2025-10-20 20:00:00;0,59;1,42;0,41;108;452;32;8.974;1.637;7.337;%35.0
2025-10-20 21:00:00;0,57;1,4;0,39;108;454;31;8.948;1.624;7.324;%33.0
2025-10-20 22:00:00;0,55;1,33;0,37;102;426;30;9.560;1.744;7.816;%27.0
2025-10-20 23:00:00;0,56;1,39;0,37;107;452;30;8.884;1.636;7.249;%31.0
2025-10-21 00:00:00;0,57;1,4;0,37;109;457;28;8.542;1.613;6.929;%33.0
2025-10-21 01:00:00;0,56;1,36;0,37;108;442;29;8.770;1.670;7.100;%26.0
2025-10-21 02:00:00;1,01;2,11;0,74;113;413;37;10.495;2.115;8.380;%35.0
2025-10-21 03:00:00;0,59;1,24;0,42;99;369;29;9.912;2.026;7.886;%36.0
2025-10-21 04:00:00;0,56;1,34;0,38;102;427;27;9.362;1.762;7.600;%30.0
2025-10-21 05:00:00;2,34;2,33;2,35;160;354;113;10.788;2.096;8.692;%53.0
2025-10-21 06:00:00;1,16;1,6;1,05;133;396;66;9.171;1.863;7.309;%51.0
2025-10-21 07:00:00;0,62;1,19;0,38;111;317;27;9.623;2.789;6.833;%29.0
2025-10-21 08:00:00;0,58;1,37;0,39;108;450;29;8.695;1.642;7.053;%32.0
2025-10-21 09:00:00;0,59;1,36;0,4;109;440;31;8.865;1.685;7.180;%31.0
2025-10-21 10:00:00;0,57;1,34;0,39;109;431;31;8.921;1.732;7.188;%29.0
2025-10-21 11:00:00;0,63;1,37;0,45;109;434;32;9.003;1.722;7.281;%36.0
2025-10-21 12:00:00;0,63;1,37;0,47;107;438;33;9.248;1.698;7.550;%33.0
2025-10-21 13:00:00;0,64;1,38;0,47;107;442;33;9.315;1.684;7.631;%34.0
2025-10-21 14:00:00;0,67;1,42;0,5;107;447;33;9.227;1.657;7.570;%40.0
2025-10-21 15:00:00;0,68;1,42;0,52;108;445;33;9.143;1.667;7.476;%35.0
2025-10-21 16:00:00;0,67;1,4;0,51;108;438;34;9.291;1.702;7.589;%33.0
2025-10-21 17:00:00;0,69;1,41;0,52;109;440;34;9.156;1.700;7.456;%37.0
2025-10-21 18:00:00;0,65;1,42;0,48;108;445;33;9.227;1.667;7.560;%34.0
2025-10-21 19:00:00;0,61;1,4;0,44;108;448;33;9.169;1.652;7.516;%32.0
2025-10-21 20:00:00;0,6;1,4;0,43;107;452;31;8.988;1.634;7.354;%34.0
2025-10-21 21:00:00;0,59;1,38;0,41;109;449;31;8.871;1.653;7.217;%32.0
2025-10-21 22:00:00;0,6;1,35;0,43;103;424;29;9.440;1.752;7.688;%30.0
2025-10-21 23:00:00;0,58;1,4;0,39;109;455;29;8.643;1.620;7.023;%32.0
2025-10-22 00:00:00;0,6;1,38;0,42;108;456;28;8.657;1.619;7.037;%28.0
2025-10-22 01:00:00;0,62;1,39;0,43;109;437;29;8.655;1.701;6.954;%28.0
2025-10-22 02:00:00;1,13;2,09;0,9;108;400;39;11.548;2.209;9.339;%45.0
2025-10-22 03:00:00;0,6;1,22;0,44;99;371;29;9.817;2.020;7.798;%29.0
2025-10-22 04:00:00;0,57;1,36;0,37;108;435;27;8.695;1.720;6.974;%31.0
2025-10-22 05:00:00;2,53;2,07;2,64;163;362;115;10.422;2.030;8.392;%50.0
2025-10-22 06:00:00;1,15;1,63;1,03;136;397;69;9.014;1.840;7.173;%46.0
2025-10-22 07:00:00;0,73;1,16;0,56;112;320;28;9.584;2.753;6.831;%34.0
2025-10-22 08:00:00;0,71;1,46;0,53;110;450;29;8.598;1.644;6.954;%30.0
2025-10-22 09:00:00;0,7;1,47;0,51;112;448;32;8.641;1.659;6.983;%35.0
2025-10-22 10:00:00;0,59;1,38;0,41;110;443;32;8.799;1.676;7.123;%30.0
2025-10-22 11:00:00;0,62;1,37;0,44;109;433;32;8.943;1.711;7.232;%39.0
2025-10-22 12:00:00;0,6;1,36;0,42;110;437;33;9.015;1.707;7.308;%30.0
2025-10-22 13:00:00;0,63;1,41;0,46;110;442;34;9.021;1.681;7.340;%38.0
2025-10-22 14:00:00;0,64;1,39;0,46;108;427;34;9.289;1.760;7.529;%37.0
2025-10-22 15:00:00;0,6;1,37;0,42;109;436;34;9.174;1.717;7.458;%35.0
2025-10-22 16:00:00;0,64;1,4;0,46;109;433;34;9.196;1.724;7.472;%40.0
2025-10-22 17:00:00;0,63;1,43;0,45;110;444;34;9.055;1.661;7.394;%34.0
2025-10-22 18:00:00;0,64;1,42;0,46;110;445;34;9.015;1.662;7.353;%35.0
2025-10-22 19:00:00;0,61;1,41;0,43;110;451;33;8.957;1.646;7.311;%31.0
2025-10-22 20:00:00;0,62;1,42;0,43;109;450;32;8.895;1.642;7.253;%35.0
2025-10-22 21:00:00;0,59;1,38;0,42;108;450;31;8.906;1.644;7.263;%31.0
2025-10-22 22:00:00;0,57;1,31;0,4;102;412;30;9.576;1.805;7.771;%29.0
2025-10-22 23:00:00;1,21;1,57;1,13;119;443;42;8.909;1.716;7.193;%45.0
2025-10-23 00:00:00;0,54;1,37;0,35;109;452;28;8.520;1.630;6.890;%25.0
2025-10-23 01:00:00;0,58;1,39;0,38;108;433;29;8.748;1.712;7.036;%29.0
2025-10-23 02:00:00;0,96;1,99;0,69;116;409;37;10.193;2.162;8.031;%39.0
2025-10-23 03:00:00;0,63;1,22;0,48;96;361;30;10.376;2.083;8.292;%36.0
2025-10-23 04:00:00;0,53;1,34;0,33;106;436;26;8.803;1.713;7.090;%23.0
2025-10-23 05:00:00;2,4;2,37;2,41;160;361;113;10.774;2.062;8.712;%54.0
2025-10-23 06:00:00;1,22;1,63;1,11;134;395;67;9.178;1.867;7.311;%46.0
2025-10-23 07:00:00;0,75;1,22;0,56;112;318;28;9.666;2.782;6.884;%38.0
2025-10-23 08:00:00;0,72;1,44;0,54;109;449;29;8.604;1.645;6.959;%31.0
2025-10-23 09:00:00;0,76;1,49;0,59;111;441;31;8.687;1.683;7.004;%37.0
2025-10-23 10:00:00;0,77;1,47;0,6;110;425;31;8.869;1.772;7.097;%34.0
2025-10-23 11:00:00;0,73;1,46;0,56;108;428;32;9.077;1.740;7.337;%33.0
2025-10-23 12:00:00;0,71;1,46;0,54;109;439;33;9.003;1.697;7.306;%39.0
2025-10-23 13:00:00;0,61;1,42;0,43;109;441;33;9.054;1.679;7.374;%32.0
2025-10-23 14:00:00;0,64;1,45;0,46;108;446;33;9.268;1.667;7.601;%39.0
2025-10-23 15:00:00;0,61;1,44;0,43;108;445;34;9.219;1.665;7.555;%34.0
2025-10-23 16:00:00;0,66;1,49;0,47;109;439;34;9.251;1.703;7.548;%37.0
2025-10-23 17:00:00;0,62;1,46;0,43;109;441;34;9.116;1.680;7.435;%34.0
2025-10-23 18:00:00;0,64;1,44;0,46;108;442;33;9.145;1.675;7.470;%36.0
2025-10-23 19:00:00;0,59;1,39;0,41;110;449;33;8.881;1.646;7.235;%32.0
2025-10-23 20:00:00;0,6;1,41;0,42;108;450;31;8.886;1.637;7.249;%32.0
2025-10-23 21:00:00;0,58;1,39;0,4;109;449;31;8.765;1.640;7.124;%31.0
2025-10-23 22:00:00;0,58;1,34;0,41;101;419;29;9.635;1.762;7.873;%31.0
2025-10-23 23:00:00;0,58;1,4;0,39;110;456;30;8.639;1.621;7.018;%30.0
2025-10-24 00:00:00;0,55;1,37;0,36;108;451;28;8.698;1.638;7.059;%29.0
2025-10-24 01:00:00;0,57;1,32;0,38;105;403;29;9.016;1.845;7.172;%30.0
2025-10-24 02:00:00;1,03;2,09;0,79;107;404;39;11.701;2.196;9.505;%42.0
2025-10-24 03:00:00;0,63;1,25;0,48;93;365;29;10.800;2.062;8.739;%37.0
2025-10-24 04:00:00;0,53;1,33;0,34;104;426;27;9.143;1.758;7.385;%24.0
2025-10-24 05:00:00;2,45;2,46;2,45;159;363;112;10.772;2.023;8.750;%56.0
2025-10-24 06:00:00;1,13;1,64;1;132;390;67;9.287;1.878;7.409;%45.0
2025-10-24 07:00:00;0,75;1,18;0,57;111;316;27;9.634;2.787;6.848;%38.0
2025-10-24 08:00:00;0,66;1,48;0,46;109;443;29;8.631;1.664;6.968;%31.0
2025-10-24 09:00:00;0,71;1,5;0,53;111;446;31;8.648;1.659;6.989;%31.0
2025-10-24 10:00:00;0,76;1,53;0,58;110;440;31;8.803;1.693;7.110;%39.0
2025-10-24 11:00:00;0,74;1,51;0,55;109;434;32;8.967;1.711;7.257;%33.0
2025-10-24 12:00:00;0,68;1,49;0,49;109;443;33;8.953;1.672;7.281;%32.0
2025-10-24 13:00:00;0,64;1,41;0,46;109;445;34;9.049;1.662;7.388;%39.0
2025-10-24 14:00:00;0,94;1,68;0,74;109;375;39;9.726;2.028;7.698;%36.0
2025-10-24 15:00:00;0,82;1,45;0,66;109;387;38;9.697;1.955;7.741;%45.0
2025-10-24 16:00:00;0,62;1,37;0,44;108;419;34;9.375;1.789;7.586;%34.0
2025-10-24 17:00:00;0,66;1,41;0,49;108;436;34;9.290;1.706;7.584;%37.0
2025-10-24 18:00:00;0,59;1,39;0,41;108;442;33;9.166;1.673;7.493;%31.0
2025-10-24 19:00:00;0,64;1,43;0,47;109;449;33;9.028;1.650;7.378;%39.0
2025-10-24 20:00:00;0,6;1,37;0,42;108;445;31;8.977;1.661;7.317;%32.0
2025-10-24 21:00:00;0,57;1,37;0,39;109;450;31;8.816;1.638;7.179;%29.0
2025-10-24 22:00:00;0,7;1,39;0,54;105;424;32;9.411;1.755;7.656;%38.0
2025-10-24 23:00:00;0,54;1,37;0,34;109;455;30;8.686;1.622;7.064;%25.0
2025-10-25 00:00:00;0,56;1,38;0,38;108;451;28;8.667;1.639;7.028;%30.0
2025-10-25 01:00:00;0,61;1,38;0,43;107;436;29;8.804;1.699;7.105;%32.0
2025-10-25 02:00:00;1,02;2,06;0,76;114;412;37;10.356;2.137;8.219;%38.0
2025-10-25 03:00:00;0,56;1,19;0,39;98;366;29;9.996;2.044;7.952;%26.0
2025-10-25 04:00:00;0,58;1,35;0,4;102;430;28;9.423;1.744;7.679;%31.0
2025-10-25 05:00:00;2,44;2,51;2,42;145;353;102;12.393;2.118;10.275;%57.0
2025-10-25 06:00:00;1,25;1,82;1,12;128;389;65;9.802;1.894;7.908;%54.0
2025-10-25 07:00:00;0,74;1,19;0,56;108;316;28;10.073;2.810;7.264;%35.0
2025-10-25 08:00:00;0,74;1,51;0,56;106;450;27;8.780;1.639;7.141;%36.0
2025-10-25 09:00:00;0,71;1,5;0,52;108;449;29;8.715;1.645;7.070;%33.0
2025-10-25 10:00:00;0,72;1,52;0,53;108;447;30;8.907;1.665;7.242;%32.0
2025-10-25 11:00:00;1,21;1,86;1,06;110;406;37;9.315;1.844;7.471;%39.0
2025-10-25 12:00:00;0,6;1,42;0,42;107;445;32;9.097;1.667;7.429;%34.0
2025-10-25 13:00:00;0,59;1,4;0,41;109;450;32;8.961;1.650;7.310;%33.0
2025-10-25 14:00:00;0,66;1,46;0,47;110;443;34;9.033;1.680;7.353;%40.0
2025-10-25 15:00:00;0,61;1,42;0,43;109;444;33;9.057;1.674;7.383;%34.0
2025-10-25 16:00:00;0,65;1,43;0,47;109;436;33;9.063;1.708;7.355;%37.0
2025-10-25 17:00:00;0,6;1,4;0,42;109;434;33;9.080;1.716;7.364;%32.0
2025-10-25 18:00:00;0,59;1,41;0,41;108;448;33;9.157;1.654;7.503;%32.0
2025-10-25 19:00:00;0,6;1,43;0,42;109;451;32;8.920;1.635;7.286;%32.0
2025-10-25 20:00:00;0,59;1,39;0,4;109;445;32;8.945;1.656;7.289;%32.0
2025-10-25 21:00:00;0,62;1,4;0,44;108;443;31;9.000;1.671;7.329;%36.0
2025-10-25 22:00:00;0,59;1,34;0,42;105;422;36;9.793;1.755;8.038;%32.0
2025-10-25 23:00:00;0,62;1,4;0,45;107;438;33;9.246;1.689;7.557;%37.0
2025-10-26 00:00:00;0,55;1,39;0,36;109;452;29;8.653;1.633;7.019;%31.0
2025-10-26 01:00:00;0,61;1,31;0,42;106;388;30;9.314;1.966;7.348;%30.0
2025-10-26 02:00:00;1,08;2,28;0,76;116;416;37;9.995;2.090;7.905;%38.0
2025-10-26 03:00:00;0,55;1,2;0,38;100;370;28;9.559;2.019;7.540;%29.0
2025-10-26 04:00:00;0,54;1,34;0,34;108;438;26;8.512;1.694;6.817;%28.0
2025-10-26 05:00:00;2,27;1,97;2,35;164;361;115;10.509;2.080;8.428;%51.0
2025-10-26 06:00:00;1,14;1,6;1,02;133;394;66;9.151;1.873;7.278;%45.0
2025-10-26 07:00:00;0,68;1,17;0,48;110;318;26;9.622;2.765;6.857;%31.0
2025-10-26 08:00:00;0,75;1,5;0,58;106;453;27;8.766;1.631;7.135;%32.0
2025-10-26 09:00:00;0,67;1,47;0,48;107;449;28;8.659;1.641;7.018;%33.0
2025-10-26 10:00:00;0,78;1,53;0,6;109;432;30;8.819;1.731;7.088;%32.0
2025-10-26 11:00:00;0,77;1,5;0,6;107;432;30;8.936;1.710;7.226;%33.0
2025-10-26 12:00:00;0,8;1,52;0,64;108;446;30;8.897;1.655;7.242;%37.0
2025-10-26 13:00:00;0,72;1,53;0,54;108;444;31;8.942;1.664;7.278;%32.0
2025-10-26 14:00:00;0,75;1,52;0,58;107;449;32;9.081;1.646;7.435;%33.0
2025-10-26 15:00:00;0,63;1,41;0,45;108;443;32;9.047;1.672;7.375;%37.0
2025-10-26 16:00:00;0,59;1,38;0,4;108;442;32;9.034;1.677;7.357;%33.0
2025-10-26 17:00:00;0,64;1,42;0,46;108;445;33;9.107;1.662;7.445;%37.0
2025-10-26 18:00:00;0,6;1,38;0,43;108;443;32;8.993;1.664;7.329;%33.0
2025-10-26 19:00:00;0,59;1,41;0,4;109;450;32;8.938;1.641;7.297;%32.0
2025-10-26 20:00:00;0,6;1,4;0,43;108;452;31;8.848;1.630;7.219;%34.0
2025-10-26 21:00:00;0,58;1,38;0,4;109;451;30;8.756;1.632;7.124;%27.0
2025-10-26 22:00:00;0,6;1,36;0,42;105;426;29;9.212;1.750;7.462;%37.0
2025-10-26 23:00:00;0,53;1,37;0,33;109;455;29;8.579;1.622;6.956;%25.0
2025-10-27 00:00:00;0,57;1,39;0,37;108;449;28;8.602;1.641;6.961;%33.0
2025-10-27 01:00:00;0,58;1,38;0,39;108;437;28;8.719;1.697;7.023;%29.0
2025-10-27 02:00:00;1,01;1,95;0,76;115;411;37;10.071;2.102;7.969;%37.0
2025-10-27 03:00:00;0,54;1,22;0,36;101;379;26;9.244;1.956;7.288;%28.0
2025-10-27 04:00:00;0,54;1,32;0,34;108;426;27;8.622;1.761;6.861;%27.0
2025-10-27 05:00:00;2,33;2,33;2,33;162;358;114;10.585;2.075;8.510;%54.0
2025-10-27 06:00:00;1,13;1,58;1,01;135;393;67;9.057;1.877;7.180;%44.0
2025-10-27 07:00:00;0,75;1,2;0,57;112;319;27;9.574;2.779;6.795;%37.0
2025-10-27 08:00:00;0,69;1,45;0,51;108;446;28;8.661;1.645;7.016;%29.0
2025-10-27 09:00:00;0,76;1,46;0,59;110;448;30;8.674;1.653;7.021;%36.0
2025-10-27 10:00:00;0,79;1,5;0,62;110;447;31;8.808;1.662;7.146;%35.0
2025-10-27 11:00:00;0,75;1,5;0,58;109;439;32;9.020;1.694;7.326;%34.0
2025-10-27 12:00:00;0,7;1,45;0,52;108;437;33;9.128;1.699;7.429;%35.0
2025-10-27 13:00:00;0,68;1,49;0,5;107;443;34;9.291;1.670;7.621;%36.0
2025-10-27 14:00:00;0,66;1,49;0,48;106;444;33;9.451;1.666;7.785;%42.0
2025-10-27 15:00:00;0,61;1,45;0,42;107;439;34;9.312;1.692;7.620;%33.0
2025-10-27 16:00:00;0,67;1,47;0,5;107;441;34;9.489;1.690;7.799;%41.0
2025-10-27 17:00:00;0,63;1,45;0,45;107;441;34;9.428;1.688;7.740;%34.0
2025-10-27 18:00:00;0,67;1,44;0,5;107;442;34;9.330;1.674;7.656;%37.0
2025-10-27 19:00:00;0,6;1,41;0,42;107;446;33;9.356;1.671;7.685;%31.0
2025-10-27 20:00:00;0,62;1,44;0,44;105;451;32;9.390;1.644;7.746;%37.0
2025-10-27 21:00:00;0,61;1,41;0,44;106;447;31;9.220;1.655;7.566;%32.0
2025-10-27 22:00:00;0,61;1,33;0,46;100;419;30;9.929;1.780;8.149;%31.0
2025-10-27 23:00:00;0,6;1,41;0,42;107;454;30;8.976;1.626;7.350;%35.0
2025-10-28 00:00:00;0,57;1,39;0,38;107;453;29;8.928;1.636;7.293;%27.0
2025-10-28 01:00:00;0,6;1,38;0,42;106;434;29;9.000;1.709;7.291;%32.0
2025-10-28 02:00:00;1,02;2,05;0,75;114;410;37;10.329;2.147;8.182;%36.0
2025-10-28 03:00:00;0,59;1,22;0,42;99;370;27;9.678;2.021;7.657;%30.0
2025-10-28 04:00:00;0,56;1,35;0,37;107;436;27;8.750;1.717;7.033;%26.0
2025-10-28 05:00:00;2,45;2,5;2,44;161;363;114;10.612;2.019;8.593;%55.0
2025-10-28 06:00:00;1,1;1,61;0,97;134;397;66;9.073;1.858;7.215;%48.0
2025-10-28 07:00:00;0,66;1,15;0,47;111;319;26;9.571;2.756;6.815;%32.0
2025-10-28 08:00:00;0,7;1,48;0,51;108;451;28;8.583;1.632;6.951;%30.0
2025-10-28 09:00:00;0,81;1,55;0,64;109;446;30;8.669;1.653;7.016;%37.0
2025-10-28 10:00:00;0,75;1,56;0,56;109;439;31;8.831;1.698;7.133;%34.0
2025-10-28 11:00:00;0,81;1,56;0,64;108;446;32;9.030;1.661;7.370;%33.0
2025-10-28 12:00:00;0,71;1,52;0,53;107;443;33;9.198;1.670;7.528;%38.0
2025-10-28 13:00:00;0,64;1,41;0,47;108;439;34;9.267;1.695;7.572;%33.0
2025-10-28 14:00:00;0,67;1,44;0,5;106;445;33;9.407;1.669;7.738;%42.0
2025-10-28 15:00:00;0,62;1,4;0,45;107;445;33;9.210;1.656;7.554;%32.0
2025-10-28 16:00:00;0,64;1,42;0,47;106;440;33;9.357;1.687;7.670;%38.0
2025-10-28 17:00:00;0,61;1,4;0,44;107;443;33;9.220;1.665;7.555;%31.0
2025-10-28 18:00:00;0,67;1,43;0,5;105;442;33;9.458;1.677;7.781;%39.0
2025-10-28 19:00:00;0,59;1,38;0,41;106;448;32;9.206;1.650;7.557;%29.0
2025-10-28 20:00:00;0,61;1,41;0,44;106;447;31;9.127;1.647;7.480;%35.0
2025-10-28 21:00:00;0,59;1,39;0,4;107;449;30;8.984;1.648;7.336;%32.0
2025-10-28 22:00:00;0,57;1,32;0,4;100;418;29;9.697;1.772;7.924;%27.0
2025-10-28 23:00:00;0,61;1,43;0,42;107;452;29;8.840;1.628;7.212;%39.0
2025-10-29 00:00:00;0,53;1,37;0,35;106;455;28;8.783;1.616;7.167;%23.0
2025-10-29 01:00:00;0,61;1,36;0,43;108;437;29;8.754;1.693;7.061;%30.0
2025-10-29 02:00:00;1,05;2,05;0,78;118;417;38;9.941;2.103;7.838;%38.0
2025-10-29 03:00:00;0,54;1,22;0,36;101;377;26;9.227;1.968;7.259;%31.0
2025-10-29 04:00:00;0,51;1,31;0,31;108;434;27;8.582;1.720;6.861;%22.0
2025-10-29 05:00:00;2,42;2,28;2,46;162;358;115;10.557;2.075;8.483;%54.0
2025-10-29 06:00:00;1,13;1,56;1,01;134;394;66;9.047;1.878;7.170;%44.0
2025-10-29 07:00:00;0,78;1,19;0,62;111;318;26;9.528;2.771;6.758;%36.0
2025-10-29 08:00:00;0,67;1,44;0,49;108;448;27;8.574;1.644;6.930;%29.0
2025-10-29 09:00:00;0,7;1,47;0,52;109;449;29;8.651;1.644;7.006;%35.0
2025-10-29 10:00:00;0,75;1,47;0,58;109;443;30;8.804;1.677;7.127;%32.0
2025-10-29 11:00:00;0,74;1,35;0,59;103;390;30;9.504;1.935;7.569;%33.0
2025-10-29 12:00:00;0,77;1,22;0,63;102;325;31;9.519;2.298;7.221;%38.0
2025-10-29 13:00:00;0,57;1,38;0,38;109;444;32;8.939;1.665;7.274;%29.0
2025-10-29 14:00:00;0,63;1,43;0,45;109;450;33;8.989;1.658;7.331;%39.0
2025-10-29 15:00:00;0,59;1,39;0,4;109;442;33;8.999;1.687;7.312;%31.0
2025-10-29 16:00:00;0,61;1,41;0,42;109;442;33;9.008;1.686;7.323;%34.0
2025-10-29 17:00:00;0,59;1,39;0,4;110;443;32;8.883;1.673;7.209;%33.0
2025-10-29 18:00:00;0,63;1,4;0,45;110;448;32;8.835;1.646;7.189;%32.0
2025-10-29 19:00:00;0,58;1,4;0,39;109;448;32;8.882;1.644;7.238;%32.0
2025-10-29 20:00:00;0,59;1,39;0,41;108;451;31;8.876;1.635;7.241;%30.0
2025-10-29 21:00:00;0,62;1,41;0,44;108;450;30;8.846;1.638;7.207;%34.0
2025-10-29 22:00:00;0,56;1,33;0,39;102;418;29;9.556;1.781;7.774;%30.0
2025-10-29 23:00:00;0,89;1,49;0,75;114;448;37;8.811;1.659;7.152;%34.0
2025-10-30 00:00:00;0,56;1,38;0,37;109;451;28;8.551;1.632;6.919;%29.0
2025-10-30 01:00:00;0,55;1,35;0,36;107;435;28;8.787;1.700;7.087;%28.0
2025-10-30 02:00:00;1,05;2,11;0,76;115;401;36;10.123;2.188;7.935;%38.0
2025-10-30 03:00:00;0,58;1,22;0,4;101;371;27;9.255;2.011;7.244;%29.0
2025-10-30 04:00:00;0,58;1,34;0,39;107;437;27;8.710;1.705;7.004;%28.0
2025-10-30 05:00:00;2,3;2,38;2,28;158;354;112;10.840;2.075;8.765;%52.0
2025-10-30 06:00:00;1,15;1,64;1,03;132;394;66;9.259;1.863;7.396;%50.0
2025-10-30 07:00:00;0,74;1,22;0,55;110;318;28;9.838;2.788;7.050;%34.0
2025-10-30 08:00:00;0,68;1,46;0,5;107;444;28;8.723;1.655;7.069;%32.0
2025-10-30 09:00:00;0,75;1,5;0,58;108;441;31;8.872;1.676;7.196;%36.0
2025-10-30 10:00:00;0,76;1,46;0,59;108;425;31;8.983;1.749;7.234;%34.0
2025-10-30 11:00:00;0,75;1,5;0,58;107;441;32;9.099;1.684;7.415;%33.0
2025-10-30 12:00:00;0,86;1,59;0,7;105;437;32;9.489;1.705;7.784;%39.0
2025-10-30 13:00:00;0,62;1,39;0,45;106;434;33;9.424;1.709;7.715;%33.0
2025-10-30 14:00:00;0,7;1,47;0,54;102;436;33;10.206;1.729;8.478;%43.0
2025-10-30 15:00:00;0,59;1,39;0,41;107;435;33;9.374;1.721;7.653;%33.0
2025-10-30 16:00:00;0,66;1,42;0,49;107;435;34;9.390;1.713;7.677;%41.0
2025-10-30 17:00:00;0,63;1,42;0,46;108;436;34;9.313;1.709;7.604;%34.0
2025-10-30 18:00:00;0,64;1,41;0,47;108;441;33;9.157;1.688;7.469;%36.0
2025-10-30 19:00:00;0,59;1,39;0,4;108;441;32;9.047;1.675;7.372;%32.0
2025-10-30 20:00:00;0,62;1,39;0,45;107;444;31;9.039;1.668;7.371;%36.0
2025-10-30 21:00:00;0,57;1,37;0,38;109;446;30;8.727;1.653;7.074;%27.0
2025-10-30 22:00:00;0,62;1,36;0,45;102;423;29;9.401;1.756;7.645;%37.0
2025-10-30 23:00:00;0,57;1,28;0,39;108;412;30;8.881;1.825;7.056;%26.0
2025-10-31 00:00:00;0,58;1,35;0,4;107;436;28;8.783;1.698;7.085;%28.0
2025-10-31 01:00:00;0,65;1,34;0,47;105;408;29;9.050;1.827;7.223;%32.0
2025-10-31 02:00:00;1,18;2,15;0,94;107;387;38;11.700;2.309;9.390;%44.0
2025-10-31 03:00:00;0,63;1,2;0,49;92;344;30;11.430;2.250;9.181;%32.0
2025-10-31 04:00:00;0,56;1,28;0,37;105;400;28;9.388;1.945;7.443;%28.0
2025-10-31 05:00:00;2,48;2,33;2,52;159;348;112;10.852;2.155;8.697;%55.0
2025-10-31 06:00:00;1,17;1,61;1,05;134;390;67;9.176;1.894;7.282;%48.0
2025-10-31 07:00:00;0,76;1,18;0,6;110;316;27;9.714;2.801;6.913;%35.0
2025-10-31 08:00:00;0,67;1,46;0,49;108;450;28;8.733;1.646;7.087;%29.0
2025-10-31 09:00:00;0,77;1,51;0,6;110;452;30;8.626;1.640;6.986;%37.0
2025-10-31 10:00:00;0,75;1,45;0,57;109;429;30;8.807;1.739;7.068;%33.0
2025-10-31 11:00:00;0,74;1,46;0,58;108;438;32;9.017;1.698;7.319;%33.0
2025-10-31 12:00:00;0,76;1,47;0,6;106;439;32;9.364;1.694;7.670;%39.0
2025-10-31 13:00:00;0,62;1,4;0,44;106;440;33;9.305;1.684;7.621;%32.0
2025-10-31 14:00:00;0,64;1,4;0,46;108;438;33;9.186;1.703;7.483;%39.0
2025-10-31 15:00:00;0,64;1,4;0,46;108;417;34;9.487;1.835;7.652;%35.0
2025-10-31 16:00:00;0,69;1,43;0,5;114;410;35;9.410;1.972;7.439;%38.0
2025-10-31 17:00:00;0,64;1,42;0,45;110;429;34;9.155;1.769;7.386;%33.0
2025-10-31 18:00:00;0,62;1,41;0,43;110;434;33;9.040;1.729;7.311;%37.0
2025-10-31 19:00:00;0,66;1,34;0,49;110;423;32;8.941;1.789;7.152;%31.0
2025-10-31 20:00:00;0,6;1,37;0,42;109;445;31;8.808;1.666;7.142;%33.0
2025-10-31 21:00:00;0,61;1,38;0,43;108;435;33;9.260;1.710;7.550;%33.0
2025-10-31 22:00:00;0,73;1,36;0,59;102;408;33;9.968;1.833;8.135;%35.0
2025-10-31 23:00:00;0,59;1,38;0,41;108;443;30;8.834;1.666;7.168;%33.0
2025-11-01 00:00:00;0,57;1,36;0,38;110;453;27;8.422;1.627;6.796;%24.0
2025-11-01 01:00:00;0,57;1,36;0,38;107;435;28;8.763;1.704;7.059;%31.0
2025-11-01 02:00:00;1,06;1,96;0,8;119;397;39;10.285;2.303;7.982;%40.0
2025-11-01 03:00:00;0,54;1,21;0,35;100;373;26;9.262;1.988;7.275;%30.0
2025-11-01 04:00:00;0,52;1,33;0,32;108;436;26;8.579;1.714;6.865;%24.0
2025-11-01 05:00:00;2,54;2,38;2,57;162;355;114;10.560;2.091;8.469;%52.0
2025-11-01 06:00:00;1,13;1,59;1,01;134;389;67;9.126;1.897;7.229;%50.0
2025-11-01 07:00:00;0,7;1,19;0,49;111;316;26;9.521;2.783;6.738;%33.0
2025-11-01 08:00:00;0,67;1,45;0,49;108;447;27;8.498;1.651;6.847;%33.0
2025-11-01 09:00:00;0,7;1,48;0,51;110;449;28;8.479;1.645;6.835;%31.0
2025-11-01 10:00:00;0,7;1,51;0,51;110;449;29;8.567;1.648;6.919;%30.0
2025-11-01 11:00:00;0,68;1,45;0,5;109;448;30;8.770;1.643;7.127;%36.0
2025-11-01 12:00:00;0,57;1,36;0,39;109;445;31;8.825;1.656;7.169;%29.0
2025-11-01 13:00:00;0,63;1,38;0,46;109;444;32;8.914;1.666;7.248;%38.0
2025-11-01 14:00:00;0,58;1,37;0,41;109;445;32;8.975;1.662;7.313;%30.0
2025-11-01 15:00:00;0,64;1,41;0,47;109;449;32;8.994;1.649;7.345;%37.0
2025-11-01 16:00:00;0,58;1,35;0,4;109;438;32;8.992;1.696;7.297;%30.0
2025-11-01 17:00:00;0,61;1,36;0,44;109;441;32;8.978;1.684;7.294;%36.0
2025-11-01 18:00:00;0,6;1,38;0,42;109;448;32;8.918;1.649;7.269;%33.0
2025-11-01 19:00:00;0,57;1,36;0,39;110;446;32;8.734;1.656;7.077;%30.0
2025-11-01 20:00:00;0,57;1,35;0,39;109;439;32;8.892;1.683;7.209;%33.0
2025-11-01 21:00:00;0,57;1,38;0,38;109;448;31;8.801;1.640;7.161;%31.0
2025-11-01 22:00:00;0,67;1,4;0,51;105;423;36;9.716;1.747;7.970;%36.0
2025-11-01 23:00:00;0,57;1,34;0,39;109;441;30;8.719;1.673;7.046;%27.0
2025-11-02 00:00:00;0,55;1,36;0,36;109;446;28;8.539;1.658;6.881;%30.0
2025-11-02 01:00:00;0,62;1,25;0,43;107;372;29;9.206;2.081;7.125;%32.0
2025-11-02 02:00:00;1,02;2,12;0,72;115;407;35;9.959;2.143;7.816;%37.0
2025-11-02 03:00:00;0,53;1,2;0,35;101;377;27;9.228;1.971;7.257;%24.0
2025-11-02 04:00:00;0,57;1,33;0,38;109;432;27;8.568;1.738;6.830;%30.0
2025-11-02 05:00:00;2,39;2,23;2,43;163;359;114;10.488;2.082;8.406;%55.0
2025-11-02 06:00:00;1,05;1,5;0,94;135;390;67;9.036;1.902;7.134;%39.0
2025-11-02 07:00:00;0,68;1,16;0,48;112;320;26;9.410;2.747;6.663;%37.0
2025-11-02 08:00:00;0,69;1,45;0,5;108;451;26;8.415;1.634;6.781;%30.0
2025-11-02 09:00:00;0,67;1,42;0,49;109;451;27;8.448;1.639;6.808;%27.0
2025-11-02 10:00:00;0,71;1,43;0,53;109;438;28;8.563;1.695;6.868;%36.0
2025-11-02 11:00:00;0,73;1,47;0,55;109;446;29;8.669;1.657;7.012;%30.0
2025-11-02 12:00:00;0,7;1,47;0,52;109;447;30;8.650;1.649;7.001;%30.0
2025-11-02 13:00:00;0,76;1,5;0,59;109;445;30;8.768;1.655;7.113;%36.0
2025-11-02 14:00:00;0,73;1,5;0,55;108;443;31;8.995;1.669;7.326;%34.0
2025-11-02 15:00:00;0,74;1,48;0,58;108;446;32;8.947;1.655;7.292;%34.0
2025-11-02 16:00:00;0,71;1,46;0,54;108;436;32;9.032;1.706;7.325;%36.0
2025-11-02 17:00:00;0,59;1,36;0,42;108;440;33;9.145;1.691;7.454;%32.0
2025-11-02 18:00:00;0,62;1,41;0,44;108;449;32;8.994;1.651;7.343;%37.0
2025-11-02 19:00:00;0,55;1,37;0,37;109;450;31;8.847;1.637;7.210;%28.0
2025-11-02 20:00:00;0,62;1,39;0,44;108;448;30;8.800;1.644;7.156;%34.0
2025-11-02 21:00:00;0,58;1,36;0,39;109;449;30;8.702;1.643;7.059;%30.0
2025-11-02 22:00:00;0,57;1,35;0,38;106;435;29;8.993;1.704;7.289;%28.0
2025-11-02 23:00:00;0,57;1,37;0,38;109;454;28;8.594;1.624;6.971;%30.0
2025-11-03 00:00:00;0,54;1,37;0,35;109;452;27;8.520;1.633;6.888;%28.0
2025-11-03 01:00:00;0,53;1,35;0,34;108;442;28;8.662;1.673;6.988;%23.0
2025-11-03 02:00:00;1,07;2,07;0,8;117;409;37;10.003;2.136;7.867;%47.0
2025-11-03 03:00:00;0,54;1,2;0,36;100;377;27;9.344;1.969;7.375;%23.0
2025-11-03 04:00:00;0,55;1,36;0,34;109;440;26;8.529;1.696;6.833;%28.0
2025-11-03 05:00:00;2,43;2,29;2,46;162;351;115;10.475;2.100;8.375;%52.0
2025-11-03 06:00:00;1,18;1,62;1,06;135;391;67;8.970;1.871;7.098;%50.0
2025-11-03 07:00:00;0,67;1,19;0,46;112;318;26;9.474;2.779;6.695;%31.0
2025-11-03 08:00:00;0,69;1,51;0,5;109;452;28;8.526;1.631;6.895;%34.0
2025-11-03 09:00:00;0,74;1,54;0,56;111;451;30;8.498;1.639;6.859;%32.0
2025-11-03 10:00:00;0,57;1,36;0,38;110;441;30;8.716;1.686;7.030;%30.0
2025-11-03 11:00:00;;;;;;;;;;