Tuzla TZLTOCDELLCLD01;Latency;Read Latency;Write Latency;Avg. Size;Read Size;Write Size;Total IOPS;Read IOPS;Write IOPS;CPU Utilization
2025-10-04 11:21:59;;;;;;;;;;
2025-10-04 12:00:00;0,21;0,16;0,24;15;10;20;3.781;1.640;2.141;%9.0
2025-10-04 13:00:00;0,21;0,15;0,25;16;10;20;3.773;1.604;2.169;%9.0
2025-10-04 14:00:00;0,2;0,14;0,24;15;10;19;3.555;1.461;2.095;%9.0
2025-10-04 15:00:00;0,2;0,13;0,24;15;10;19;3.502;1.408;2.094;%9.0
2025-10-04 16:00:00;0,2;0,15;0,25;16;12;19;3.623;1.544;2.079;%9.0
2025-10-04 17:00:00;0,2;0,13;0,24;15;9;19;3.702;1.569;2.133;%9.0
2025-10-04 18:00:00;0,21;0,16;0,24;15;10;19;3.517;1.428;2.089;%9.0
2025-10-04 19:00:00;0,2;0,14;0,24;15;9;19;3.574;1.454;2.120;%9.0
2025-10-04 20:00:00;0,2;0,15;0,24;15;9;19;3.612;1.513;2.099;%9.0
2025-10-04 21:00:00;0,2;0,14;0,24;15;9;19;3.582;1.470;2.112;%8.0
2025-10-04 22:00:00;0,21;0,16;0,24;15;10;19;3.617;1.529;2.088;%9.0
2025-10-04 23:00:00;0,2;0,14;0,24;16;10;20;3.701;1.596;2.105;%9.0
2025-10-05 00:00:00;0,22;0,17;0,25;15;10;19;3.552;1.467;2.085;%9.0
2025-10-05 01:00:00;0,21;0,15;0,25;16;10;19;3.436;1.361;2.075;%9.0
2025-10-05 02:00:00;0,21;0,16;0,25;15;10;19;3.488;1.440;2.048;%9.0
2025-10-05 03:00:00;0,21;0,15;0,25;15;10;19;3.505;1.424;2.081;%9.0
2025-10-05 04:00:00;0,21;0,15;0,25;17;14;20;3.754;1.660;2.094;%9.0
2025-10-05 05:00:00;0,2;0,14;0,25;17;15;19;3.525;1.469;2.055;%10.0
2025-10-05 06:00:00;0,21;0,16;0,25;15;10;19;3.545;1.460;2.085;%9.0
2025-10-05 07:00:00;0,2;0,15;0,24;15;10;19;3.469;1.407;2.062;%9.0
2025-10-05 08:00:00;0,21;0,16;0,25;15;10;19;3.595;1.520;2.076;%9.0
2025-10-05 09:00:00;0,2;0,14;0,24;15;10;19;3.436;1.369;2.067;%9.0
2025-10-05 10:00:00;0,21;0,16;0,24;15;10;19;3.542;1.470;2.072;%9.0
2025-10-05 11:00:00;0,2;0,13;0,24;15;10;20;3.643;1.539;2.104;%9.0
2025-10-05 12:00:00;0,21;0,16;0,24;15;10;19;3.650;1.561;2.089;%9.0
2025-10-05 13:00:00;0,21;0,16;0,25;16;11;21;3.627;1.517;2.110;%8.0
2025-10-05 14:00:00;0,2;0,14;0,24;15;10;19;3.410;1.349;2.062;%9.0
2025-10-05 15:00:00;0,2;0,13;0,24;16;10;19;3.496;1.409;2.087;%9.0
2025-10-05 16:00:00;0,21;0,15;0,24;16;10;19;3.504;1.399;2.104;%9.0
2025-10-05 17:00:00;0,2;0,14;0,24;16;11;19;3.374;1.312;2.062;%9.0
2025-10-05 18:00:00;0,21;0,16;0,24;15;10;19;3.425;1.366;2.059;%10.0
2025-10-05 19:00:00;0,2;0,14;0,24;16;10;19;3.327;1.281;2.046;%9.0
2025-10-05 20:00:00;0,2;0,15;0,24;16;10;19;3.468;1.402;2.066;%9.0
2025-10-05 21:00:00;0,2;0,13;0,24;16;12;19;3.315;1.283;2.032;%8.0
2025-10-05 22:00:00;0,21;0,16;0,25;15;10;19;3.484;1.409;2.075;%9.0
2025-10-05 23:00:00;0,21;0,15;0,25;16;10;19;3.374;1.312;2.063;%9.0
2025-10-06 00:00:00;0,21;0,17;0,24;15;10;19;3.458;1.414;2.044;%9.0
2025-10-06 01:00:00;0,2;0,15;0,24;16;11;19;3.456;1.389;2.067;%9.0
2025-10-06 02:00:00;0,21;0,17;0,24;15;10;19;3.524;1.448;2.076;%9.0
2025-10-06 03:00:00;0,2;0,15;0,24;16;10;19;3.469;1.395;2.073;%9.0
2025-10-06 04:00:00;0,21;0,16;0,24;15;10;19;3.573;1.488;2.084;%10.0
2025-10-06 05:00:00;0,2;0,14;0,24;16;10;19;3.416;1.359;2.058;%9.0
2025-10-06 06:00:00;0,21;0,16;0,24;16;10;20;3.495;1.426;2.069;%9.0
2025-10-06 07:00:00;0,2;0,15;0,24;16;10;19;3.441;1.363;2.078;%9.0
2025-10-06 08:00:00;0,21;0,16;0,24;15;10;19;3.461;1.398;2.063;%8.0
2025-10-06 09:00:00;0,21;0,15;0,25;16;11;19;3.480;1.409;2.071;%9.0
2025-10-06 10:00:00;0,21;0,17;0,25;16;10;19;3.514;1.443;2.071;%9.0
2025-10-06 11:00:00;0,2;0,14;0,24;16;10;20;3.567;1.473;2.094;%9.0
2025-10-06 12:00:00;0,22;0,17;0,25;17;14;20;3.699;1.580;2.119;%10.0
2025-10-06 13:00:00;0,21;0,15;0,25;17;11;20;3.554;1.447;2.107;%10.0
2025-10-06 14:00:00;0,21;0,16;0,24;15;10;19;3.501;1.429;2.072;%9.0
2025-10-06 15:00:00;0,2;0,15;0,24;16;11;19;3.569;1.470;2.100;%9.0
2025-10-06 16:00:00;0,2;0,15;0,24;16;12;19;3.737;1.617;2.120;%9.0
2025-10-06 17:00:00;0,2;0,15;0,24;16;11;19;3.607;1.514;2.093;%9.0
2025-10-06 18:00:00;0,21;0,17;0,24;15;10;19;3.612;1.519;2.093;%9.0
2025-10-06 19:00:00;0,2;0,15;0,24;16;11;19;3.602;1.519;2.083;%9.0
2025-10-06 20:00:00;0,2;0,15;0,24;16;11;19;3.559;1.477;2.083;%8.0
2025-10-06 21:00:00;0,2;0,14;0,24;16;10;19;3.545;1.462;2.083;%8.0
2025-10-06 22:00:00;0,21;0,16;0,24;16;12;19;3.666;1.573;2.093;%9.0
2025-10-06 23:00:00;0,2;0,14;0,24;16;11;19;3.526;1.460;2.066;%8.0
2025-10-07 00:00:00;0,21;0,17;0,24;16;10;19;3.584;1.505;2.079;%9.0
2025-10-07 01:00:00;0,2;0,14;0,25;18;14;20;3.648;1.538;2.109;%9.0
2025-10-07 02:00:00;0,21;0,17;0,24;16;10;20;3.675;1.564;2.111;%8.0
2025-10-07 03:00:00;0,21;0,15;0,24;16;11;20;3.597;1.476;2.122;%9.0
2025-10-07 04:00:00;0,21;0,15;0,24;16;11;19;3.438;1.370;2.068;%9.0
2025-10-07 05:00:00;0,2;0,15;0,24;16;11;19;3.531;1.456;2.075;%9.0
2025-10-07 06:00:00;0,21;0,16;0,24;16;11;19;3.494;1.422;2.071;%9.0
2025-10-07 07:00:00;0,2;0,15;0,24;16;11;19;3.648;1.541;2.107;%8.0
2025-10-07 08:00:00;0,21;0,16;0,24;16;11;19;3.572;1.503;2.068;%8.0
2025-10-07 09:00:00;0,2;0,15;0,24;16;11;19;3.471;1.399;2.072;%8.0
2025-10-07 10:00:00;0,2;0,15;0,24;16;11;19;3.397;1.341;2.056;%9.0
2025-10-07 11:00:00;0,21;0,16;0,24;16;11;19;3.433;1.359;2.074;%9.0
2025-10-07 12:00:00;0,2;0,15;0,24;18;15;20;3.636;1.505;2.131;%7.0
2025-10-07 13:00:00;0,22;0,17;0,25;17;11;21;3.698;1.566;2.132;%9.0
2025-10-07 14:00:00;0,2;0,15;0,24;16;11;19;3.398;1.346;2.052;%9.0
2025-10-07 15:00:00;0,2;0,14;0,24;16;10;19;3.410;1.345;2.064;%9.0
2025-10-07 16:00:00;0,2;0,15;0,24;16;10;19;3.456;1.374;2.082;%8.0
2025-10-07 17:00:00;0,2;0,15;0,24;15;10;19;3.451;1.378;2.073;%8.0
2025-10-07 18:00:00;0,2;0,14;0,25;17;11;21;3.491;1.368;2.123;%8.0
2025-10-07 19:00:00;0,2;0,14;0,24;16;11;19;3.321;1.261;2.060;%8.0
2025-10-07 20:00:00;0,2;0,14;0,25;17;14;19;3.412;1.351;2.061;%9.0
2025-10-07 21:00:00;0,21;0,16;0,24;16;11;19;3.358;1.302;2.055;%8.0
2025-10-07 22:00:00;0,21;0,15;0,24;16;11;20;3.326;1.258;2.068;%8.0
2025-10-07 23:00:00;0,21;0,16;0,24;16;11;20;3.478;1.374;2.104;%9.0
2025-10-08 00:00:00;0,21;0,15;0,25;16;11;20;3.504;1.403;2.100;%9.0
2025-10-08 01:00:00;0,2;0,14;0,24;16;11;19;3.321;1.262;2.059;%9.0
2025-10-08 02:00:00;0,2;0,14;0,24;16;11;19;3.355;1.289;2.067;%9.0
2025-10-08 03:00:00;0,21;0,15;0,24;16;11;19;3.373;1.290;2.083;%9.0
2025-10-08 04:00:00;0,21;0,15;0,24;16;11;19;3.404;1.322;2.082;%9.0
2025-10-08 05:00:00;0,21;0,16;0,25;17;13;19;3.442;1.387;2.054;%10.0
2025-10-08 06:00:00;0,21;0,14;0,24;16;11;19;3.347;1.277;2.070;%9.0
2025-10-08 07:00:00;0,21;0,17;0,24;16;11;19;3.381;1.317;2.064;%10.0
2025-10-08 08:00:00;0,21;0,15;0,24;16;12;19;3.372;1.287;2.085;%9.0
2025-10-08 09:00:00;0,21;0,17;0,25;16;11;19;3.399;1.328;2.071;%9.0
2025-10-08 10:00:00;0,21;0,15;0,24;16;11;19;3.374;1.303;2.072;%9.0
2025-10-08 11:00:00;0,22;0,17;0,25;16;10;19;3.399;1.339;2.060;%10.0
2025-10-08 12:00:00;0,21;0,16;0,25;16;11;19;3.378;1.297;2.081;%9.0
2025-10-08 13:00:00;0,22;0,16;0,25;17;11;21;3.625;1.482;2.142;%10.0
2025-10-08 14:00:00;0,2;0,14;0,24;16;11;19;3.287;1.253;2.034;%9.0
2025-10-08 15:00:00;0,21;0,15;0,24;15;10;19;3.400;1.333;2.067;%9.0
2025-10-08 16:00:00;0,2;0,14;0,24;16;11;19;3.378;1.304;2.074;%9.0
2025-10-08 17:00:00;0,21;0,16;0,25;16;12;20;3.461;1.381;2.079;%9.0
2025-10-08 18:00:00;0,21;0,15;0,25;16;11;20;3.462;1.363;2.099;%9.0
2025-10-08 19:00:00;0,21;0,16;0,24;16;11;20;3.535;1.439;2.096;%9.0
2025-10-08 20:00:00;0,21;0,15;0,25;16;11;19;3.329;1.279;2.050;%9.0
2025-10-08 21:00:00;0,22;0,17;0,25;17;13;19;3.438;1.380;2.058;%10.0
2025-10-08 22:00:00;0,21;0,16;0,25;16;11;19;3.304;1.261;2.043;%8.0
2025-10-08 23:00:00;0,22;0,17;0,25;16;11;19;3.453;1.348;2.106;%10.0
2025-10-09 00:00:00;0,21;0,16;0,24;16;11;19;3.372;1.294;2.078;%9.0
2025-10-09 01:00:00;0,22;0,17;0,24;16;12;19;3.301;1.267;2.034;%8.0
2025-10-09 02:00:00;0,21;0,16;0,25;23;30;18;3.442;1.422;2.020;%10.0
2025-10-09 03:00:00;0,22;0,18;0,25;16;11;20;3.309;1.249;2.059;%9.0
2025-10-09 04:00:00;0,22;0,16;0,25;17;11;20;3.345;1.248;2.096;%10.0
2025-10-09 05:00:00;0,22;0,17;0,25;16;11;20;3.372;1.292;2.080;%10.0
2025-10-09 06:00:00;0,21;0,15;0,24;16;10;19;3.344;1.252;2.092;%9.0
2025-10-09 07:00:00;0,22;0,17;0,25;16;10;20;3.369;1.292;2.076;%10.0
2025-10-09 08:00:00;0,22;0,16;0,25;18;14;20;3.356;1.289;2.068;%10.0
2025-10-09 09:00:00;0,23;0,19;0,25;17;12;20;3.582;1.459;2.123;%10.0
2025-10-09 10:00:00;0,22;0,18;0,25;17;12;21;3.487;1.381;2.106;%9.0
2025-10-09 11:00:00;0,22;0,17;0,24;16;11;19;3.338;1.274;2.065;%9.0
2025-10-09 12:00:00;0,22;0,17;0,25;17;11;21;3.485;1.377;2.108;%9.0
2025-10-09 13:00:00;0,22;0,18;0,25;18;12;22;3.704;1.547;2.157;%9.0
2025-10-09 14:00:00;0,22;0,17;0,25;17;11;20;3.462;1.359;2.103;%10.0
2025-10-09 15:00:00;0,22;0,18;0,25;16;11;20;3.473;1.416;2.057;%9.0
2025-10-09 16:00:00;0,23;0,18;0,26;17;11;21;3.566;1.472;2.094;%9.0
2025-10-09 17:00:00;0,22;0,18;0,25;16;11;20;3.614;1.491;2.123;%9.0
2025-10-09 18:00:00;0,22;0,17;0,25;16;11;20;3.403;1.335;2.068;%10.0
2025-10-09 19:00:00;0,22;0,18;0,25;16;10;20;3.533;1.447;2.086;%9.0
2025-10-09 20:00:00;0,21;0,16;0,25;17;13;20;3.562;1.460;2.101;%9.0
2025-10-09 21:00:00;0,22;0,17;0,25;16;11;20;3.461;1.380;2.082;%9.0
2025-10-09 22:00:00;0,21;0,16;0,25;16;11;20;3.480;1.384;2.096;%9.0
2025-10-09 23:00:00;0,22;0,17;0,25;16;10;20;3.516;1.430;2.086;%9.0
2025-10-10 00:00:00;0,21;0,15;0,25;16;10;20;3.435;1.355;2.080;%9.0
2025-10-10 01:00:00;0,21;0,17;0,24;16;10;20;3.547;1.452;2.095;%9.0
2025-10-10 02:00:00;0,21;0,16;0,25;19;15;21;3.594;1.508;2.085;%10.0
2025-10-10 03:00:00;0,21;0,16;0,25;17;11;21;3.484;1.395;2.089;%9.0
2025-10-10 04:00:00;0,21;0,16;0,25;17;11;21;3.495;1.396;2.099;%9.0
2025-10-10 05:00:00;0,21;0,16;0,25;16;11;20;3.470;1.373;2.098;%9.0
2025-10-10 06:00:00;0,21;0,16;0,25;16;11;20;3.560;1.421;2.139;%9.0
2025-10-10 07:00:00;0,22;0,17;0,25;16;10;21;3.615;1.470;2.144;%9.0
2025-10-10 08:00:00;0,21;0,16;0,25;16;11;20;3.553;1.443;2.110;%9.0
2025-10-10 09:00:00;0,23;0,18;0,26;17;11;22;3.797;1.573;2.224;%10.0
2025-10-10 10:00:00;0,22;0,17;0,25;17;12;21;3.893;1.721;2.171;%10.0
2025-10-10 11:00:00;0,21;0,16;0,25;17;11;21;3.666;1.523;2.143;%10.0
2025-10-10 12:00:00;0,21;0,16;0,25;17;11;21;3.673;1.508;2.165;%10.0
2025-10-10 13:00:00;0,22;0,18;0,25;17;11;22;3.760;1.575;2.185;%10.0
2025-10-10 14:00:00;0,21;0,16;0,25;17;11;21;3.565;1.423;2.141;%9.0
2025-10-10 15:00:00;0,22;0,17;0,25;18;13;21;3.822;1.627;2.195;%9.0
2025-10-10 16:00:00;0,22;0,16;0,25;17;11;21;3.632;1.458;2.174;%9.0
2025-10-10 17:00:00;0,22;0,18;0,25;16;10;20;3.588;1.468;2.119;%8.0
2025-10-10 18:00:00;0,22;0,17;0,25;17;11;21;3.813;1.612;2.201;%10.0
2025-10-10 19:00:00;0,23;0,18;0,27;18;11;23;3.937;1.732;2.206;%11.0
2025-10-10 20:00:00;0,21;0,15;0,25;16;10;21;3.618;1.489;2.129;%10.0
2025-10-10 21:00:00;0,21;0,15;0,26;16;10;21;3.596;1.479;2.117;%11.0
2025-10-10 22:00:00;0,22;0,16;0,27;18;12;22;3.730;1.576;2.155;%11.0
2025-10-10 23:00:00;0,22;0,17;0,25;16;10;21;3.541;1.440;2.101;%10.0
2025-10-11 00:00:00;0,21;0,15;0,25;17;10;21;3.523;1.396;2.127;%10.0
2025-10-11 01:00:00;0,21;0,16;0,25;17;13;21;3.629;1.519;2.110;%11.0
2025-10-11 02:00:00;0,21;0,16;0,25;17;11;21;3.556;1.422;2.134;%10.0
2025-10-11 03:00:00;0,22;0,17;0,25;17;11;22;3.740;1.553;2.187;%10.0
2025-10-11 04:00:00;0,21;0,16;0,25;16;10;20;3.464;1.356;2.108;%10.0
2025-10-11 05:00:00;0,22;0,16;0,25;16;10;21;3.560;1.440;2.120;%10.0
2025-10-11 06:00:00;0,21;0,15;0,25;17;10;22;3.574;1.419;2.155;%10.0
2025-10-11 07:00:00;0,22;0,17;0,25;17;10;21;3.794;1.635;2.159;%10.0
2025-10-11 08:00:00;0,21;0,15;0,25;17;10;21;3.568;1.448;2.120;%10.0
2025-10-11 09:00:00;0,23;0,18;0,26;17;11;22;3.681;1.522;2.160;%11.0
2025-10-11 10:00:00;0,22;0,17;0,25;17;11;21;3.560;1.417;2.143;%10.0
2025-10-11 11:00:00;0,22;0,17;0,26;18;13;21;3.663;1.550;2.113;%10.0
2025-10-11 12:00:00;0,21;0,15;0,25;17;11;21;3.594;1.442;2.152;%10.0
2025-10-11 13:00:00;0,22;0,16;0,26;18;11;22;3.603;1.453;2.151;%10.0
2025-10-11 14:00:00;0,21;0,15;0,25;18;14;20;3.583;1.453;2.130;%11.0
2025-10-11 15:00:00;0,22;0,17;0,25;17;11;21;3.546;1.438;2.108;%10.0
2025-10-11 16:00:00;0,21;0,15;0,25;17;10;21;3.452;1.356;2.096;%10.0
2025-10-11 17:00:00;0,22;0,17;0,26;19;15;22;3.838;1.655;2.184;%11.0
2025-10-11 18:00:00;0,21;0,16;0,25;17;11;20;3.426;1.332;2.094;%10.0
2025-10-11 19:00:00;0,21;0,16;0,25;17;10;21;3.554;1.438;2.115;%11.0
2025-10-11 20:00:00;0,21;0,15;0,25;17;11;21;3.508;1.400;2.107;%10.0
2025-10-11 21:00:00;0,21;0,16;0,25;17;11;21;3.477;1.371;2.105;%10.0
2025-10-11 22:00:00;0,21;0,15;0,25;17;11;21;3.604;1.461;2.142;%10.0
2025-10-11 23:00:00;0,21;0,16;0,25;17;13;21;3.711;1.582;2.129;%11.0
2025-10-12 00:00:00;0,21;0,15;0,25;16;10;21;3.572;1.450;2.123;%9.0
2025-10-12 01:00:00;0,22;0,17;0,25;16;10;21;3.604;1.479;2.125;%11.0
2025-10-12 02:00:00;0,21;0,15;0,25;17;12;20;3.484;1.387;2.097;%10.0
2025-10-12 03:00:00;0,21;0,16;0,25;17;11;21;3.590;1.444;2.146;%9.0
2025-10-12 04:00:00;0,21;0,15;0,25;17;11;21;3.513;1.368;2.146;%9.0
2025-10-12 05:00:00;0,22;0,17;0,26;17;11;22;3.648;1.501;2.147;%10.0
2025-10-12 06:00:00;0,21;0,15;0,25;16;10;20;3.489;1.371;2.118;%10.0
2025-10-12 07:00:00;0,22;0,17;0,25;17;10;21;3.543;1.436;2.107;%10.0
2025-10-12 08:00:00;0,22;0,16;0,25;17;11;21;3.400;1.304;2.096;%9.0
2025-10-12 09:00:00;0,23;0,18;0,26;17;11;21;3.465;1.372;2.093;%10.0
2025-10-12 10:00:00;0,22;0,16;0,25;17;11;21;3.433;1.323;2.111;%10.0
2025-10-12 11:00:00;0,21;0,16;0,25;19;17;20;3.603;1.505;2.098;%11.0
2025-10-12 12:00:00;0,21;0,15;0,25;17;11;21;3.415;1.304;2.111;%9.0
2025-10-12 13:00:00;0,23;0,18;0,26;18;12;22;3.614;1.449;2.165;%10.0
2025-10-12 14:00:00;0,21;0,15;0,25;18;11;22;3.554;1.390;2.164;%10.0
2025-10-12 15:00:00;0,22;0,17;0,25;17;10;21;3.555;1.427;2.128;%10.0
2025-10-12 16:00:00;0,22;0,16;0,25;17;11;21;3.402;1.297;2.105;%10.0
2025-10-12 17:00:00;0,22;0,17;0,26;17;11;21;3.428;1.349;2.079;%10.0
2025-10-12 18:00:00;0,22;0,16;0,26;17;11;21;3.556;1.417;2.139;%10.0
2025-10-12 19:00:00;0,22;0,18;0,25;17;11;21;3.544;1.415;2.129;%9.0
2025-10-12 20:00:00;0,22;0,16;0,25;17;11;21;3.520;1.415;2.105;%10.0
2025-10-12 21:00:00;0,22;0,17;0,25;17;11;21;3.550;1.436;2.114;%10.0
2025-10-12 22:00:00;0,21;0,16;0,25;18;15;21;3.543;1.462;2.081;%9.0
2025-10-12 23:00:00;0,22;0,18;0,25;16;10;20;3.469;1.382;2.088;%10.0
2025-10-13 00:00:00;0,21;0,15;0,25;16;11;20;3.434;1.331;2.102;%10.0
2025-10-13 01:00:00;0,21;0,16;0,24;17;11;20;3.428;1.336;2.092;%9.0
2025-10-13 02:00:00;0,21;0,16;0,24;16;11;20;3.431;1.358;2.073;%10.0
2025-10-13 03:00:00;0,22;0,17;0,25;17;11;21;3.610;1.485;2.125;%10.0
2025-10-13 04:00:00;0,21;0,15;0,25;17;11;20;3.369;1.292;2.077;%9.0
2025-10-13 05:00:00;0,22;0,17;0,25;17;14;20;3.576;1.481;2.095;%10.0
2025-10-13 06:00:00;0,22;0,17;0,25;17;11;20;3.375;1.281;2.094;%9.0
2025-10-13 07:00:00;0,22;0,17;0,24;16;11;20;3.481;1.393;2.088;%8.0
2025-10-13 08:00:00;0,21;0,15;0,25;18;14;20;3.584;1.463;2.121;%10.0
2025-10-13 09:00:00;0,22;0,18;0,25;17;11;21;3.523;1.374;2.149;%8.0
2025-10-13 10:00:00;0,22;0,18;0,25;17;12;21;3.633;1.511;2.122;%9.0
2025-10-13 11:00:00;0,22;0,17;0,25;17;11;20;3.442;1.356;2.086;%10.0
2025-10-13 12:00:00;0,22;0,17;0,26;18;13;21;3.588;1.463;2.125;%10.0
2025-10-13 13:00:00;0,23;0,19;0,26;18;11;22;3.692;1.528;2.164;%10.0
2025-10-13 14:00:00;0,22;0,17;0,25;17;11;21;3.477;1.383;2.093;%9.0
2025-10-13 15:00:00;0,23;0,19;0,25;17;12;21;3.633;1.525;2.108;%9.0
2025-10-13 16:00:00;0,22;0,16;0,25;17;11;21;3.550;1.429;2.121;%10.0
2025-10-13 17:00:00;0,22;0,17;0,25;17;11;21;3.558;1.442;2.116;%8.0
2025-10-13 18:00:00;0,21;0,16;0,25;17;11;20;3.418;1.328;2.090;%9.0
2025-10-13 19:00:00;0,22;0,18;0,25;17;11;21;3.523;1.437;2.086;%10.0
2025-10-13 20:00:00;0,21;0,16;0,24;16;11;20;3.537;1.424;2.113;%8.0
2025-10-13 21:00:00;0,22;0,16;0,25;17;11;21;3.402;1.327;2.075;%9.0
2025-10-13 22:00:00;0,21;0,16;0,25;17;11;21;3.500;1.394;2.106;%10.0
2025-10-13 23:00:00;0,23;0,18;0,26;17;10;21;3.748;1.564;2.184;%10.0
2025-10-14 00:00:00;0,21;0,17;0,25;17;11;21;3.766;1.617;2.149;%9.0
2025-10-14 01:00:00;0,22;0,18;0,25;17;11;21;3.510;1.405;2.105;%10.0
2025-10-14 02:00:00;0,22;0,16;0,25;17;11;21;3.463;1.352;2.111;%10.0
2025-10-14 03:00:00;0,22;0,19;0,25;17;11;21;3.504;1.410;2.093;%10.0
2025-10-14 04:00:00;0,22;0,16;0,25;17;11;21;3.534;1.404;2.129;%10.0
2025-10-14 05:00:00;0,22;0,18;0,25;17;11;21;3.461;1.350;2.111;%10.0
2025-10-14 06:00:00;0,21;0,16;0,25;17;11;21;3.415;1.310;2.105;%9.0
2025-10-14 07:00:00;0,22;0,16;0,26;20;18;21;3.668;1.592;2.076;%11.0
2025-10-14 08:00:00;0,23;0,18;0,27;18;12;22;3.483;1.357;2.126;%9.0
2025-10-14 09:00:00;0,24;0,19;0,27;17;10;21;3.486;1.403;2.083;%10.0
2025-10-14 10:00:00;0,23;0,18;0,26;17;12;21;3.421;1.313;2.108;%9.0
2025-10-14 11:00:00;0,23;0,19;0,26;18;13;21;3.525;1.414;2.112;%9.0
2025-10-14 12:00:00;0,21;0,16;0,25;17;11;21;3.553;1.345;2.209;%9.0
2025-10-14 13:00:00;0,22;0,18;0,26;18;11;23;3.919;1.682;2.237;%10.0
2025-10-14 14:00:00;0,22;0,16;0,25;17;11;21;3.501;1.365;2.135;%9.0
2025-10-14 15:00:00;0,22;0,16;0,25;18;11;22;3.532;1.378;2.154;%10.0
2025-10-14 16:00:00;0,21;0,16;0,25;17;11;21;3.484;1.363;2.121;%9.0
2025-10-14 17:00:00;0,22;0,17;0,25;17;11;21;3.485;1.376;2.109;%11.0
2025-10-14 18:00:00;0,22;0,16;0,25;17;11;21;3.502;1.376;2.126;%10.0
2025-10-14 19:00:00;0,22;0,18;0,25;17;10;21;3.571;1.443;2.128;%11.0
2025-10-14 20:00:00;0,22;0,16;0,25;17;11;21;3.481;1.349;2.132;%10.0
2025-10-14 21:00:00;0,22;0,17;0,25;16;10;21;3.535;1.441;2.093;%10.0
2025-10-14 22:00:00;0,21;0,15;0,25;16;10;21;3.557;1.427;2.131;%10.0
2025-10-14 23:00:00;0,22;0,16;0,26;17;11;22;3.677;1.521;2.156;%10.0
2025-10-15 00:00:00;0,22;0,17;0,25;17;10;21;3.543;1.405;2.138;%10.0
2025-10-15 01:00:00;0,21;0,16;0,25;17;12;21;3.507;1.387;2.121;%10.0
2025-10-15 02:00:00;0,21;0,16;0,25;17;10;21;3.489;1.380;2.108;%10.0
2025-10-15 03:00:00;0,22;0,16;0,25;17;11;21;3.532;1.380;2.153;%10.0
2025-10-15 04:00:00;0,22;0,17;0,25;17;10;21;3.538;1.422;2.116;%9.0
2025-10-15 05:00:00;0,22;0,16;0,25;18;11;22;3.679;1.484;2.194;%10.0
2025-10-15 06:00:00;0,22;0,17;0,25;16;10;21;3.535;1.421;2.115;%10.0
2025-10-15 07:00:00;0,21;0,15;0,25;17;11;21;3.465;1.364;2.102;%10.0
2025-10-15 08:00:00;0,22;0,17;0,25;17;11;21;3.606;1.478;2.128;%10.0
2025-10-15 09:00:00;0,21;0,16;0,25;17;11;21;3.506;1.400;2.106;%9.0
2025-10-15 10:00:00;0,22;0,17;0,25;17;11;21;3.561;1.440;2.121;%10.0
2025-10-15 11:00:00;0,21;0,15;0,25;17;10;21;3.565;1.432;2.133;%10.0
2025-10-15 12:00:00;0,22;0,17;0,26;18;11;22;3.789;1.569;2.220;%10.0
2025-10-15 13:00:00;0,21;0,15;0,25;17;10;21;3.622;1.481;2.141;%10.0
2025-10-15 14:00:00;0,22;0,17;0,25;16;10;21;3.706;1.546;2.160;%9.0
2025-10-15 15:00:00;0,21;0,15;0,25;17;10;21;3.571;1.417;2.154;%10.0
2025-10-15 16:00:00;0,22;0,17;0,26;17;11;22;3.823;1.597;2.226;%10.0
2025-10-15 17:00:00;0,21;0,16;0,25;17;10;21;3.650;1.489;2.162;%10.0
2025-10-15 18:00:00;0,22;0,17;0,26;16;10;20;3.650;1.491;2.159;%10.0
2025-10-15 19:00:00;0,22;0,17;0,26;17;11;21;3.557;1.432;2.125;%11.0
2025-10-15 20:00:00;0,23;0,18;0,26;17;10;21;3.594;1.457;2.137;%10.0
2025-10-15 21:00:00;0,21;0,15;0,25;17;10;21;3.595;1.441;2.154;%10.0
2025-10-15 22:00:00;0,22;0,17;0,25;17;10;21;3.598;1.482;2.117;%10.0
2025-10-15 23:00:00;0,21;0,15;0,25;18;12;21;3.608;1.452;2.156;%10.0
2025-10-16 00:00:00;0,22;0,17;0,26;17;11;22;3.755;1.549;2.206;%10.0
2025-10-16 01:00:00;0,21;0,15;0,25;17;10;21;3.609;1.471;2.138;%10.0
2025-10-16 02:00:00;0,22;0,17;0,25;17;10;21;3.672;1.532;2.140;%10.0
2025-10-16 03:00:00;0,21;0,15;0,25;17;10;21;3.636;1.486;2.149;%10.0
2025-10-16 04:00:00;0,21;0,16;0,25;16;10;21;3.747;1.576;2.171;%10.0
2025-10-16 05:00:00;0,22;0,17;0,26;17;11;21;3.623;1.497;2.126;%10.0
2025-10-16 06:00:00;0,22;0,17;0,25;16;10;21;3.763;1.601;2.162;%10.0
2025-10-16 07:00:00;0,21;0,16;0,25;17;11;21;3.766;1.609;2.157;%10.0
2025-10-16 08:00:00;0,22;0,17;0,25;17;10;21;3.711;1.550;2.161;%9.0
2025-10-16 09:00:00;0,21;0,15;0,25;17;11;21;3.661;1.502;2.159;%9.0
2025-10-16 10:00:00;0,22;0,18;0,25;17;11;21;3.769;1.606;2.162;%8.0
2025-10-16 11:00:00;0,22;0,17;0,26;17;11;22;3.746;1.572;2.174;%9.0
2025-10-16 12:00:00;;;;;;;;;;
2025-10-16 13:00:00;0,33;0,31;0,36;24;20;29;4.244;2.376;1.867;%35.0
2025-10-16 14:00:00;0,23;0,18;0,27;17;12;22;4.026;1.759;2.266;%12.0
2025-10-16 15:00:00;0,21;0,16;0,26;17;12;20;3.610;1.480;2.130;%12.0
2025-10-16 16:00:00;0,22;0,17;0,26;18;13;21;3.854;1.605;2.249;%12.0
2025-10-16 17:00:00;0,22;0,17;0,26;19;12;23;4.154;1.758;2.395;%11.0
2025-10-16 18:00:00;0,22;0,16;0,26;18;12;22;4.015;1.659;2.356;%10.0
2025-10-16 19:00:00;0,22;0,16;0,27;20;16;22;4.186;1.799;2.387;%12.0
2025-10-16 20:00:00;0,21;0,16;0,25;19;14;22;4.182;1.748;2.434;%10.0
2025-10-16 21:00:00;0,22;0,16;0,25;18;12;22;3.876;1.588;2.288;%10.0
2025-10-16 22:00:00;0,21;0,15;0,25;18;13;21;3.735;1.522;2.213;%10.0
2025-10-16 23:00:00;0,21;0,15;0,25;17;12;21;3.703;1.480;2.223;%11.0
2025-10-17 00:00:00;0,21;0,15;0,25;19;14;22;3.753;1.567;2.186;%11.0
2025-10-17 01:00:00;0,21;0,15;0,25;17;12;21;3.653;1.462;2.191;%11.0
2025-10-17 02:00:00;0,21;0,15;0,25;17;12;21;3.578;1.436;2.142;%10.0
2025-10-17 03:00:00;0,21;0,16;0,25;18;14;21;3.579;1.447;2.132;%10.0
2025-10-17 04:00:00;0,21;0,15;0,25;17;12;21;3.699;1.499;2.200;%11.0
2025-10-17 05:00:00;0,21;0,15;0,25;18;12;21;3.636;1.477;2.159;%11.0
2025-10-17 06:00:00;0,21;0,15;0,25;17;12;21;3.636;1.463;2.172;%11.0
2025-10-17 07:00:00;0,22;0,16;0,26;18;12;21;3.652;1.483;2.169;%11.0
2025-10-17 08:00:00;0,21;0,16;0,25;18;12;21;3.642;1.475;2.167;%10.0
2025-10-17 09:00:00;0,21;0,16;0,25;17;13;21;3.619;1.448;2.170;%10.0
2025-10-17 10:00:00;0,21;0,16;0,25;17;12;21;3.668;1.513;2.155;%11.0
2025-10-17 11:00:00;0,21;0,16;0,25;17;12;21;3.691;1.512;2.179;%11.0
2025-10-17 12:00:00;0,22;0,17;0,26;18;12;22;3.851;1.618;2.233;%10.0
2025-10-17 13:00:00;0,22;0,17;0,27;18;12;22;3.981;1.677;2.303;%11.0
2025-10-17 14:00:00;0,21;0,15;0,25;17;12;22;3.841;1.609;2.232;%11.0
2025-10-17 15:00:00;0,21;0,17;0,25;17;12;21;3.902;1.704;2.199;%11.0
2025-10-17 16:00:00;0,22;0,2;0,24;17;14;21;4.184;2.005;2.179;%9.0
2025-10-17 17:00:00;0,22;0,19;0,24;18;15;21;4.134;1.953;2.181;%9.0
2025-10-17 18:00:00;0,22;0,19;0,25;17;14;21;4.201;1.993;2.207;%9.0
2025-10-17 19:00:00;0,22;0,19;0,25;17;14;21;4.014;1.863;2.151;%10.0
2025-10-17 20:00:00;0,22;0,2;0,25;17;14;21;4.183;2.005;2.178;%9.0
2025-10-17 21:00:00;0,22;0,2;0,24;18;14;21;4.101;1.942;2.159;%9.0
2025-10-17 22:00:00;0,23;0,2;0,25;18;14;21;4.136;1.952;2.184;%10.0
2025-10-17 23:00:00;0,22;0,2;0,25;18;14;21;4.207;2.042;2.164;%10.0
2025-10-18 00:00:00;0,23;0,21;0,25;17;14;21;4.117;1.953;2.165;%9.0
2025-10-18 01:00:00;0,23;0,2;0,25;18;14;22;4.261;2.067;2.194;%9.0
2025-10-18 02:00:00;0,22;0,19;0,24;18;17;20;4.226;2.113;2.113;%10.0
2025-10-18 03:00:00;0,23;0,21;0,24;17;14;20;4.435;2.251;2.184;%8.0
2025-10-18 04:00:00;0,22;0,19;0,25;18;14;21;4.098;1.954;2.144;%9.0
2025-10-18 05:00:00;0,22;0,2;0,25;18;16;20;4.280;2.114;2.166;%10.0
2025-10-18 06:00:00;0,22;0,19;0,25;18;13;22;4.210;1.950;2.260;%10.0
2025-10-18 07:00:00;0,22;0,19;0,24;17;13;21;4.428;2.263;2.165;%9.0
2025-10-18 08:00:00;0,22;0,2;0,25;18;15;21;4.346;2.171;2.175;%9.0
2025-10-18 09:00:00;0,22;0,2;0,25;17;14;20;4.243;2.088;2.155;%9.0
2025-10-18 10:00:00;0,22;0,2;0,25;17;13;20;4.048;1.904;2.144;%9.0
2025-10-18 11:00:00;0,22;0,19;0,24;17;14;21;4.201;2.010;2.191;%9.0
2025-10-18 12:00:00;0,22;0,19;0,25;18;15;21;4.195;1.981;2.214;%10.0
2025-10-18 13:00:00;0,23;0,2;0,26;19;14;23;4.522;2.222;2.300;%10.0
2025-10-18 14:00:00;0,22;0,19;0,24;18;14;21;4.141;1.931;2.210;%9.0
2025-10-18 15:00:00;0,22;0,19;0,25;17;13;20;4.142;1.954;2.188;%9.0
2025-10-18 16:00:00;0,22;0,2;0,25;18;14;21;4.129;1.977;2.152;%9.0
2025-10-18 17:00:00;0,22;0,2;0,25;17;14;21;4.134;1.955;2.179;%9.0
2025-10-18 18:00:00;0,22;0,2;0,24;17;14;21;4.182;2.021;2.161;%9.0
2025-10-18 19:00:00;0,22;0,19;0,24;17;14;21;4.202;2.005;2.197;%9.0
2025-10-18 20:00:00;0,22;0,2;0,24;17;14;21;4.237;2.067;2.170;%9.0
2025-10-18 21:00:00;0,22;0,2;0,25;17;14;21;4.267;2.086;2.180;%9.0
2025-10-18 22:00:00;0,22;0,2;0,24;17;14;20;4.136;1.993;2.142;%9.0
2025-10-18 23:00:00;0,23;0,2;0,25;17;14;21;4.237;2.075;2.162;%9.0
2025-10-19 00:00:00;0,22;0,2;0,25;17;14;21;4.222;2.012;2.210;%9.0
2025-10-19 01:00:00;0,23;0,2;0,26;18;14;22;4.391;2.159;2.232;%9.0
2025-10-19 02:00:00;0,22;0,19;0,25;18;13;22;4.493;2.245;2.248;%9.0
2025-10-19 03:00:00;0,22;0,19;0,25;18;13;21;4.182;1.985;2.197;%9.0
2025-10-19 04:00:00;0,23;0,2;0,25;17;14;21;4.196;2.037;2.159;%9.0
2025-10-19 05:00:00;0,22;0,2;0,25;19;16;21;4.437;2.224;2.214;%9.0
2025-10-19 06:00:00;0,22;0,19;0,24;17;14;21;4.151;2.010;2.141;%10.0
2025-10-19 07:00:00;0,22;0,19;0,24;17;13;21;4.084;1.915;2.169;%9.0
2025-10-19 08:00:00;0,22;0,19;0,25;18;15;21;4.258;2.098;2.160;%9.0
2025-10-19 09:00:00;0,22;0,2;0,24;17;14;20;4.067;1.931;2.136;%9.0
2025-10-19 10:00:00;0,22;0,2;0,24;18;14;21;4.224;2.035;2.189;%9.0
2025-10-19 11:00:00;0,21;0,18;0,24;19;17;21;4.219;2.075;2.144;%10.0
2025-10-19 12:00:00;0,22;0,2;0,24;17;13;20;4.149;1.952;2.197;%9.0
2025-10-19 13:00:00;0,23;0,21;0,26;19;15;23;4.355;2.108;2.247;%10.0
2025-10-19 14:00:00;0,22;0,2;0,24;17;14;21;4.152;1.991;2.161;%9.0
2025-10-19 15:00:00;0,22;0,2;0,24;17;14;21;4.119;1.963;2.156;%9.0
2025-10-19 16:00:00;0,22;0,2;0,25;18;14;22;4.167;1.981;2.186;%9.0
2025-10-19 17:00:00;0,23;0,2;0,25;18;14;21;4.181;1.999;2.183;%9.0
2025-10-19 18:00:00;0,22;0,18;0,25;17;13;21;3.809;1.662;2.147;%10.0
2025-10-19 19:00:00;0,21;0,16;0,25;17;12;21;3.562;1.409;2.153;%11.0
2025-10-19 20:00:00;0,22;0,16;0,25;17;12;21;3.553;1.412;2.141;%11.0
2025-10-19 21:00:00;0,21;0,15;0,25;18;15;21;3.708;1.547;2.161;%11.0
2025-10-19 22:00:00;0,21;0,16;0,25;17;12;20;3.509;1.373;2.136;%10.0
2025-10-19 23:00:00;0,21;0,15;0,25;17;12;20;3.465;1.360;2.105;%10.0
2025-10-20 00:00:00;0,22;0,16;0,25;18;13;21;3.657;1.472;2.185;%11.0
2025-10-20 01:00:00;0,21;0,15;0,25;17;12;20;3.552;1.409;2.143;%10.0
2025-10-20 02:00:00;0,21;0,16;0,25;17;12;21;3.566;1.413;2.153;%11.0
2025-10-20 03:00:00;0,21;0,16;0,25;18;14;21;3.640;1.485;2.154;%11.0
2025-10-20 04:00:00;0,22;0,17;0,25;17;13;20;3.541;1.398;2.142;%12.0
2025-10-20 05:00:00;0,21;0,16;0,25;18;12;21;3.630;1.452;2.179;%11.0
2025-10-20 06:00:00;0,21;0,16;0,25;17;12;21;3.547;1.402;2.145;%11.0
2025-10-20 07:00:00;0,21;0,15;0,25;18;13;21;3.717;1.505;2.212;%11.0
2025-10-20 08:00:00;0,21;0,16;0,25;17;12;21;3.522;1.405;2.117;%11.0
2025-10-20 09:00:00;0,21;0,16;0,25;18;13;21;3.534;1.394;2.140;%10.0
2025-10-20 10:00:00;0,22;0,17;0,25;18;12;21;3.548;1.416;2.133;%11.0
2025-10-20 11:00:00;0,21;0,15;0,25;19;15;21;3.680;1.501;2.180;%11.0
2025-10-20 12:00:00;0,21;0,16;0,25;18;12;21;3.617;1.435;2.182;%11.0
2025-10-20 13:00:00;0,24;0,19;0,27;19;13;23;3.673;1.479;2.194;%11.0
2025-10-20 14:00:00;0,21;0,16;0,26;19;15;21;3.794;1.594;2.200;%11.0
2025-10-20 15:00:00;0,22;0,16;0,25;17;12;21;3.545;1.393;2.153;%11.0
2025-10-20 16:00:00;0,22;0,17;0,25;17;12;21;3.515;1.362;2.153;%10.0
2025-10-20 17:00:00;0,21;0,16;0,25;19;16;21;3.641;1.481;2.160;%11.0
2025-10-20 18:00:00;0,23;0,18;0,26;18;12;21;3.544;1.399;2.145;%11.0
2025-10-20 19:00:00;0,22;0,16;0,26;19;15;21;3.726;1.539;2.187;%11.0
2025-10-20 20:00:00;0,22;0,16;0,25;18;12;21;3.526;1.392;2.133;%10.0
2025-10-20 21:00:00;0,21;0,16;0,24;17;12;21;3.532;1.383;2.149;%10.0
2025-10-20 22:00:00;0,21;0,16;0,25;18;13;21;3.437;1.330;2.106;%11.0
2025-10-20 23:00:00;0,21;0,16;0,25;18;12;21;3.529;1.394;2.135;%11.0
2025-10-21 00:00:00;0,21;0,16;0,25;18;14;21;3.606;1.428;2.178;%10.0
2025-10-21 01:00:00;0,22;0,16;0,25;17;12;21;3.688;1.517;2.171;%11.0
2025-10-21 02:00:00;0,22;0,16;0,25;18;13;22;3.721;1.524;2.197;%10.0
2025-10-21 03:00:00;0,22;0,16;0,25;18;12;21;3.568;1.413;2.156;%11.0
2025-10-21 04:00:00;0,21;0,16;0,25;18;13;21;3.538;1.393;2.145;%10.0
2025-10-21 05:00:00;0,21;0,15;0,24;17;12;21;3.583;1.422;2.161;%10.0
2025-10-21 06:00:00;0,21;0,15;0,25;17;12;20;3.522;1.386;2.135;%10.0
2025-10-21 07:00:00;0,21;0,16;0,25;17;12;21;3.564;1.404;2.160;%10.0
2025-10-21 08:00:00;0,19;0,13;0,26;26;30;21;4.225;2.099;2.126;%11.0
2025-10-21 09:00:00;0,22;0,16;0,26;18;13;21;3.532;1.394;2.138;%11.0
2025-10-21 10:00:00;0,21;0,16;0,25;18;12;21;3.598;1.444;2.154;%10.0
2025-10-21 11:00:00;0,22;0,16;0,26;18;14;22;3.721;1.506;2.215;%11.0
2025-10-21 12:00:00;0,22;0,16;0,26;18;12;22;3.820;1.619;2.201;%11.0
2025-10-21 13:00:00;0,22;0,17;0,26;20;14;24;4.006;1.660;2.346;%11.0
2025-10-21 14:00:00;0,21;0,15;0,25;18;12;22;3.837;1.616;2.221;%11.0
2025-10-21 15:00:00;0,21;0,15;0,25;17;12;21;3.609;1.451;2.159;%11.0
2025-10-21 16:00:00;0,22;0,16;0,25;17;12;21;3.642;1.467;2.175;%11.0
2025-10-21 17:00:00;0,21;0,16;0,25;18;14;21;3.601;1.469;2.132;%11.0
2025-10-21 18:00:00;0,21;0,16;0,25;17;12;21;3.717;1.517;2.200;%10.0
2025-10-21 19:00:00;0,21;0,16;0,25;17;12;21;3.687;1.522;2.165;%11.0
2025-10-21 20:00:00;0,22;0,17;0,25;19;15;21;3.791;1.631;2.159;%11.0
2025-10-21 21:00:00;0,22;0,16;0,25;18;12;22;3.868;1.614;2.254;%11.0
2025-10-21 22:00:00;0,21;0,16;0,25;18;12;23;4.087;1.841;2.245;%10.0
2025-10-21 23:00:00;0,21;0,16;0,25;17;12;21;3.823;1.630;2.193;%11.0
2025-10-22 00:00:00;0,21;0,16;0,25;17;12;21;3.657;1.524;2.133;%10.0
2025-10-22 01:00:00;0,21;0,16;0,25;18;15;21;3.766;1.605;2.161;%10.0
2025-10-22 02:00:00;0,22;0,19;0,25;17;13;21;4.097;1.916;2.181;%9.0
2025-10-22 03:00:00;0,22;0,17;0,25;18;15;21;3.805;1.659;2.147;%10.0
2025-10-22 04:00:00;0,22;0,17;0,25;17;12;21;3.706;1.525;2.181;%10.0
2025-10-22 05:00:00;0,21;0,17;0,25;17;13;20;3.787;1.625;2.162;%10.0
2025-10-22 06:00:00;0,21;0,16;0,25;17;12;21;3.680;1.534;2.146;%10.0
2025-10-22 07:00:00;0,21;0,16;0,24;17;13;20;3.758;1.609;2.149;%10.0
2025-10-22 08:00:00;0,21;0,16;0,25;17;12;21;3.710;1.574;2.135;%10.0
2025-10-22 09:00:00;0,21;0,16;0,24;17;12;20;3.717;1.528;2.189;%10.0
2025-10-22 10:00:00;0,21;0,16;0,25;17;13;20;3.614;1.514;2.100;%10.0
2025-10-22 11:00:00;0,21;0,15;0,25;17;12;20;3.648;1.523;2.125;%10.0
2025-10-22 12:00:00;0,22;0,18;0,26;19;13;23;3.896;1.659;2.237;%11.0
2025-10-22 13:00:00;0,21;0,16;0,25;18;13;21;3.754;1.593;2.161;%10.0
2025-10-22 14:00:00;0,21;0,16;0,25;17;12;20;3.771;1.582;2.189;%11.0
2025-10-22 15:00:00;0,21;0,16;0,25;17;12;21;3.763;1.578;2.185;%10.0
2025-10-22 16:00:00;0,21;0,16;0,25;17;13;20;3.795;1.619;2.176;%11.0
2025-10-22 17:00:00;0,21;0,16;0,25;17;12;21;3.711;1.535;2.176;%10.0
2025-10-22 18:00:00;0,21;0,16;0,25;17;12;21;3.677;1.517;2.160;%10.0
2025-10-22 19:00:00;0,21;0,16;0,25;17;12;21;3.686;1.528;2.159;%10.0
2025-10-22 20:00:00;0,21;0,16;0,25;17;12;21;3.740;1.548;2.192;%10.0
2025-10-22 21:00:00;0,21;0,17;0,25;17;12;21;3.757;1.589;2.168;%10.0
2025-10-22 22:00:00;0,22;0,17;0,25;17;12;21;3.635;1.525;2.111;%10.0
2025-10-22 23:00:00;0,21;0,16;0,25;18;14;21;3.761;1.609;2.152;%10.0
2025-10-23 00:00:00;0,21;0,16;0,25;17;12;21;3.714;1.562;2.152;%10.0
2025-10-23 01:00:00;0,21;0,16;0,25;17;12;21;3.605;1.468;2.137;%10.0
2025-10-23 02:00:00;0,21;0,16;0,24;17;12;21;3.674;1.507;2.167;%10.0
2025-10-23 03:00:00;0,21;0,16;0,24;17;12;21;3.648;1.510;2.138;%10.0
2025-10-23 04:00:00;0,22;0,16;0,25;18;13;22;3.785;1.593;2.193;%10.0
2025-10-23 05:00:00;0,21;0,16;0,25;18;12;22;3.843;1.621;2.222;%10.0
2025-10-23 06:00:00;0,22;0,16;0,25;18;12;22;3.896;1.660;2.236;%10.0
2025-10-23 07:00:00;0,22;0,17;0,25;19;16;21;3.966;1.769;2.196;%10.0
2025-10-23 08:00:00;0,21;0,16;0,25;17;12;21;3.826;1.626;2.200;%10.0
2025-10-23 09:00:00;0,21;0,16;0,25;17;12;20;3.631;1.461;2.170;%10.0
2025-10-23 10:00:00;0,2;0,15;0,24;17;12;20;3.642;1.468;2.174;%10.0
2025-10-23 11:00:00;0,2;0,15;0,25;18;14;20;3.668;1.494;2.174;%11.0
2025-10-23 12:00:00;0,22;0,16;0,25;18;13;22;3.838;1.599;2.239;%11.0
2025-10-23 13:00:00;0,21;0,15;0,25;18;15;21;3.701;1.524;2.177;%11.0
2025-10-23 14:00:00;0,21;0,15;0,25;18;12;21;3.654;1.479;2.175;%10.0
2025-10-23 15:00:00;0,21;0,16;0,25;17;12;21;3.630;1.469;2.161;%11.0
2025-10-23 16:00:00;0,22;0,16;0,25;17;12;21;3.687;1.505;2.182;%11.0
2025-10-23 17:00:00;0,21;0,16;0,25;17;11;21;3.657;1.490;2.166;%11.0
2025-10-23 18:00:00;0,21;0,16;0,25;17;12;20;3.538;1.413;2.125;%11.0
2025-10-23 19:00:00;0,21;0,15;0,25;17;12;21;3.530;1.406;2.124;%11.0
2025-10-23 20:00:00;0,2;0,14;0,25;19;17;21;3.680;1.544;2.136;%11.0
2025-10-23 21:00:00;0,21;0,15;0,25;17;12;21;3.501;1.375;2.127;%10.0
2025-10-23 22:00:00;0,21;0,16;0,25;18;12;21;3.593;1.415;2.178;%11.0
2025-10-23 23:00:00;0,21;0,16;0,25;18;12;22;3.851;1.642;2.209;%11.0
2025-10-24 00:00:00;0,21;0,16;0,25;18;12;21;3.572;1.426;2.146;%11.0
2025-10-24 01:00:00;0,21;0,15;0,24;17;12;20;3.510;1.374;2.135;%10.0
2025-10-24 02:00:00;0,21;0,15;0,24;17;12;21;3.549;1.412;2.137;%10.0
2025-10-24 03:00:00;0,21;0,15;0,24;17;12;20;3.613;1.441;2.172;%10.0
2025-10-24 04:00:00;0,2;0,15;0,24;17;12;20;3.499;1.371;2.128;%10.0
2025-10-24 05:00:00;0,21;0,16;0,25;18;12;21;3.588;1.434;2.154;%11.0
2025-10-24 06:00:00;0,21;0,15;0,26;19;15;22;3.672;1.528;2.144;%11.0
2025-10-24 07:00:00;0,21;0,15;0,25;17;12;20;3.444;1.335;2.110;%11.0
2025-10-24 08:00:00;0,21;0,15;0,25;17;12;21;3.559;1.432;2.128;%11.0
2025-10-24 09:00:00;0,21;0,15;0,24;17;13;20;3.514;1.373;2.141;%9.0
2025-10-24 10:00:00;0,21;0,15;0,25;17;12;20;3.517;1.385;2.132;%11.0
2025-10-24 11:00:00;0,21;0,16;0,25;18;12;21;3.473;1.333;2.140;%10.0
2025-10-24 12:00:00;0,22;0,17;0,26;18;13;22;3.757;1.550;2.207;%11.0
2025-10-24 13:00:00;0,22;0,17;0,26;18;13;22;3.706;1.514;2.192;%11.0
2025-10-24 14:00:00;0,21;0,15;0,25;17;12;21;3.424;1.302;2.122;%10.0
2025-10-24 15:00:00;0,21;0,16;0,25;17;12;21;3.697;1.496;2.202;%10.0
2025-10-24 16:00:00;0,21;0,15;0,25;17;12;21;3.653;1.492;2.161;%11.0
2025-10-24 17:00:00;0,21;0,16;0,25;18;12;21;3.511;1.380;2.131;%10.0
2025-10-24 18:00:00;0,22;0,16;0,25;18;13;21;3.535;1.390;2.145;%10.0
2025-10-24 19:00:00;0,21;0,16;0,25;19;16;21;3.634;1.453;2.181;%10.0
2025-10-24 20:00:00;0,22;0,17;0,25;18;12;21;3.539;1.383;2.156;%10.0
2025-10-24 21:00:00;0,21;0,15;0,24;17;12;20;3.476;1.343;2.133;%10.0
2025-10-24 22:00:00;0,21;0,16;0,25;17;12;21;3.535;1.411;2.124;%10.0
2025-10-24 23:00:00;0,21;0,16;0,24;17;12;20;3.398;1.303;2.095;%11.0
2025-10-25 00:00:00;0,2;0,15;0,24;19;17;20;3.544;1.434;2.111;%11.0
2025-10-25 01:00:00;0,21;0,16;0,24;17;12;20;3.565;1.388;2.177;%10.0
2025-10-25 02:00:00;0,21;0,16;0,25;17;12;20;3.464;1.341;2.123;%10.0
2025-10-25 03:00:00;0,21;0,16;0,25;17;12;20;3.473;1.337;2.136;%10.0
2025-10-25 04:00:00;0,21;0,16;0,24;17;13;20;3.455;1.336;2.119;%10.0
2025-10-25 05:00:00;0,21;0,16;0,25;17;12;20;3.367;1.274;2.093;%10.0
2025-10-25 06:00:00;0,21;0,15;0,25;18;16;20;3.518;1.406;2.112;%11.0
2025-10-25 07:00:00;0,21;0,16;0,25;17;13;20;3.467;1.336;2.132;%10.0
2025-10-25 08:00:00;0,21;0,17;0,24;17;13;20;3.377;1.273;2.104;%10.0
2025-10-25 09:00:00;0,22;0,19;0,25;18;16;20;3.698;1.555;2.143;%10.0
2025-10-25 10:00:00;0,22;0,19;0,25;17;13;20;3.689;1.568;2.121;%9.0
2025-10-25 11:00:00;0,22;0,17;0,25;19;17;21;3.630;1.492;2.138;%11.0
2025-10-25 12:00:00;0,22;0,17;0,25;18;13;21;3.589;1.418;2.171;%10.0
2025-10-25 13:00:00;0,23;0,19;0,27;20;14;24;3.879;1.618;2.261;%11.0
2025-10-25 14:00:00;0,22;0,16;0,25;19;17;20;3.612;1.485;2.127;%11.0
2025-10-25 15:00:00;0,22;0,18;0,25;18;13;21;3.540;1.382;2.158;%10.0
2025-10-25 16:00:00;0,23;0,2;0,25;19;16;21;3.704;1.563;2.141;%10.0
2025-10-25 17:00:00;0,23;0,21;0,25;18;15;21;3.975;1.808;2.168;%8.0
2025-10-25 18:00:00;0,22;0,18;0,25;18;14;21;3.593;1.430;2.163;%10.0
2025-10-25 19:00:00;0,22;0,17;0,25;18;14;21;3.585;1.420;2.165;%10.0
2025-10-25 20:00:00;0,22;0,17;0,25;19;16;21;3.668;1.521;2.147;%11.0
2025-10-25 21:00:00;0,22;0,17;0,25;17;12;20;3.547;1.423;2.124;%10.0
2025-10-25 22:00:00;0,22;0,17;0,25;18;13;21;3.546;1.414;2.132;%10.0
2025-10-25 23:00:00;0,22;0,17;0,26;19;16;20;3.509;1.400;2.109;%10.0
2025-10-26 00:00:00;0,22;0,17;0,25;17;13;20;3.569;1.423;2.146;%10.0
2025-10-26 01:00:00;0,22;0,17;0,25;18;15;20;3.638;1.503;2.136;%10.0
2025-10-26 02:00:00;0,22;0,17;0,25;17;13;21;3.708;1.529;2.179;%10.0
2025-10-26 03:00:00;0,21;0,16;0,24;17;12;20;3.631;1.478;2.153;%10.0
2025-10-26 04:00:00;0,21;0,17;0,25;17;12;21;3.658;1.517;2.142;%10.0
2025-10-26 05:00:00;0,21;0,17;0,25;17;13;20;3.616;1.479;2.137;%10.0
2025-10-26 06:00:00;0,22;0,18;0,25;18;13;21;3.667;1.513;2.154;%10.0
2025-10-26 07:00:00;0,23;0,18;0,25;18;13;21;3.634;1.473;2.161;%10.0
2025-10-26 08:00:00;0,22;0,18;0,25;18;13;21;3.628;1.470;2.158;%10.0
2025-10-26 09:00:00;0,22;0,16;0,26;19;16;22;3.804;1.598;2.206;%10.0
2025-10-26 10:00:00;0,23;0,19;0,26;18;13;22;3.802;1.601;2.201;%10.0
2025-10-26 11:00:00;0,22;0,18;0,25;17;12;21;3.687;1.520;2.167;%9.0
2025-10-26 12:00:00;0,22;0,17;0,25;18;14;21;3.725;1.587;2.138;%8.0
2025-10-26 13:00:00;0,23;0,19;0,26;18;13;22;3.892;1.652;2.240;%7.0
2025-10-26 14:00:00;0,22;0,17;0,25;17;12;20;3.643;1.497;2.145;%7.0
2025-10-26 15:00:00;0,22;0,17;0,25;17;12;20;3.690;1.492;2.198;%9.0
2025-10-26 16:00:00;0,21;0,16;0,25;17;12;20;3.498;1.421;2.077;%10.0
2025-10-26 17:00:00;0,21;0,17;0,25;17;12;20;3.637;1.500;2.137;%10.0
2025-10-26 18:00:00;0,22;0,17;0,25;17;12;20;3.729;1.565;2.164;%10.0
2025-10-26 19:00:00;0,22;0,17;0,25;17;12;21;3.752;1.554;2.198;%11.0
2025-10-26 20:00:00;0,22;0,17;0,26;18;12;22;4.055;1.789;2.266;%11.0
2025-10-26 21:00:00;0,21;0,16;0,25;19;17;21;4.174;2.004;2.169;%12.0
2025-10-26 22:00:00;0,22;0,17;0,25;17;12;21;3.702;1.562;2.139;%10.0
2025-10-26 23:00:00;0,22;0,17;0,25;17;12;20;3.655;1.528;2.127;%10.0
2025-10-27 00:00:00;0,21;0,16;0,26;20;18;21;3.819;1.668;2.151;%11.0
2025-10-27 01:00:00;0,23;0,18;0,26;18;12;22;3.648;1.479;2.169;%11.0
2025-10-27 02:00:00;0,22;0,17;0,25;17;12;21;3.589;1.447;2.143;%11.0
2025-10-27 03:00:00;0,22;0,17;0,26;18;12;21;3.628;1.484;2.144;%11.0
2025-10-27 04:00:00;0,24;0,19;0,27;19;15;21;3.741;1.559;2.182;%12.0
2025-10-27 05:00:00;0,23;0,18;0,27;17;12;21;3.619;1.462;2.157;%11.0
2025-10-27 06:00:00;0,23;0,18;0,26;17;12;21;3.634;1.489;2.145;%11.0
2025-10-27 07:00:00;0,24;0,19;0,28;18;12;22;3.801;1.576;2.224;%11.0
2025-10-27 08:00:00;0,22;0,16;0,27;19;16;21;3.812;1.644;2.168;%12.0
2025-10-27 09:00:00;0,21;0,15;0,26;18;13;21;3.753;1.566;2.187;%11.0
2025-10-27 10:00:00;0,21;0,15;0,25;18;15;21;3.710;1.562;2.148;%11.0
2025-10-27 11:00:00;0,22;0,16;0,25;17;11;20;3.613;1.465;2.148;%11.0
2025-10-27 12:00:00;0,23;0,18;0,26;17;12;20;3.639;1.488;2.151;%11.0
2025-10-27 13:00:00;0,23;0,17;0,27;19;13;24;4.041;1.710;2.331;%11.0
2025-10-27 14:00:00;0,23;0,18;0,27;18;12;23;4.021;1.747;2.274;%11.0
2025-10-27 15:00:00;0,22;0,16;0,26;17;13;21;3.928;1.750;2.178;%11.0
2025-10-27 16:00:00;0,22;0,17;0,25;16;11;20;3.639;1.490;2.149;%11.0
2025-10-27 17:00:00;0,22;0,16;0,25;17;11;21;3.658;1.501;2.157;%11.0
2025-10-27 18:00:00;0,22;0,17;0,25;16;11;20;3.619;1.483;2.136;%11.0
2025-10-27 19:00:00;0,21;0,15;0,25;16;11;20;3.647;1.494;2.153;%11.0
2025-10-27 20:00:00;0,22;0,16;0,26;17;12;21;3.639;1.499;2.140;%11.0
2025-10-27 21:00:00;0,22;0,16;0,26;18;13;21;3.754;1.563;2.191;%11.0
2025-10-27 22:00:00;0,21;0,16;0,25;17;11;20;3.685;1.518;2.166;%11.0
2025-10-27 23:00:00;0,21;0,15;0,25;17;12;21;3.697;1.544;2.153;%10.0
2025-10-28 00:00:00;0,21;0,16;0,25;17;12;20;3.661;1.490;2.171;%10.0
2025-10-28 01:00:00;0,21;0,16;0,25;17;11;21;3.595;1.468;2.127;%9.0
2025-10-28 02:00:00;0,21;0,16;0,25;18;15;21;3.688;1.567;2.121;%8.0
2025-10-28 03:00:00;0,22;0,16;0,26;17;11;21;3.675;1.515;2.160;%7.0
2025-10-28 04:00:00;0,21;0,16;0,25;17;11;22;3.629;1.557;2.073;%7.0
2025-10-28 05:00:00;0,22;0,16;0,25;17;12;20;3.728;1.493;2.235;%8.0
2025-10-28 06:00:00;0,21;0,16;0,25;18;14;21;3.705;1.539;2.166;%10.0
2025-10-28 07:00:00;0,21;0,16;0,25;17;12;21;3.636;1.496;2.140;%11.0
2025-10-28 08:00:00;0,21;0,15;0,25;17;12;21;3.682;1.521;2.161;%10.0
2025-10-28 09:00:00;0,21;0,16;0,25;18;14;21;3.818;1.611;2.206;%11.0
2025-10-28 10:00:00;0,22;0,16;0,25;17;12;21;3.621;1.491;2.130;%10.0
2025-10-28 11:00:00;0,21;0,15;0,25;17;12;21;3.702;1.533;2.169;%11.0
2025-10-28 12:00:00;0,22;0,17;0,26;19;12;23;3.923;1.670;2.253;%11.0
2025-10-28 13:00:00;0,21;0,15;0,26;18;14;22;3.833;1.658;2.175;%11.0
2025-10-28 14:00:00;0,21;0,15;0,26;17;12;21;3.679;1.528;2.152;%10.0
2025-10-28 15:00:00;0,21;0,15;0,25;17;11;21;3.709;1.568;2.141;%11.0
2025-10-28 16:00:00;0,21;0,15;0,25;16;11;20;3.653;1.491;2.162;%10.0
2025-10-28 17:00:00;0,21;0,15;0,25;16;11;20;3.723;1.530;2.193;%10.0
2025-10-28 18:00:00;0,21;0,15;0,25;17;11;20;3.586;1.464;2.122;%10.0
2025-10-28 19:00:00;0,2;0,14;0,25;18;16;20;3.761;1.629;2.132;%11.0
2025-10-28 20:00:00;0,2;0,15;0,25;17;11;20;3.641;1.516;2.124;%10.0
2025-10-28 21:00:00;0,2;0,14;0,25;16;11;20;3.654;1.500;2.153;%10.0
2025-10-28 22:00:00;0,21;0,15;0,25;18;15;21;3.788;1.625;2.163;%11.0
2025-10-28 23:00:00;0,21;0,16;0,25;17;11;20;3.690;1.530;2.161;%10.0
2025-10-29 00:00:00;0,21;0,16;0,24;17;12;20;3.631;1.516;2.115;%10.0
2025-10-29 01:00:00;0,21;0,15;0,26;20;19;21;4.025;1.863;2.161;%12.0
2025-10-29 02:00:00;0,22;0,16;0,25;17;12;21;3.746;1.571;2.175;%10.0
2025-10-29 03:00:00;0,21;0,16;0,24;17;12;20;3.631;1.502;2.129;%10.0
2025-10-29 04:00:00;0,21;0,16;0,24;17;11;20;3.656;1.486;2.169;%10.0
2025-10-29 05:00:00;0,21;0,16;0,24;17;12;20;3.593;1.462;2.131;%10.0
2025-10-29 06:00:00;0,21;0,16;0,25;17;12;21;3.672;1.520;2.152;%10.0
2025-10-29 07:00:00;0,23;0,21;0,25;18;14;21;4.239;2.053;2.186;%9.0
2025-10-29 08:00:00;0,22;0,18;0,25;17;12;21;3.840;1.666;2.173;%9.0
2025-10-29 09:00:00;0,21;0,15;0,25;19;16;21;3.841;1.639;2.202;%11.0
2025-10-29 10:00:00;0,21;0,16;0,24;17;12;20;3.699;1.557;2.142;%10.0
2025-10-29 11:00:00;0,21;0,15;0,24;17;11;20;3.603;1.483;2.121;%10.0
2025-10-29 12:00:00;0,22;0,17;0,26;19;13;24;4.108;1.802;2.306;%11.0
2025-10-29 13:00:00;0,22;0,17;0,25;18;15;21;3.781;1.611;2.170;%10.0
2025-10-29 14:00:00;0,21;0,16;0,25;19;14;22;3.935;1.726;2.209;%11.0
2025-10-29 15:00:00;0,21;0,16;0,25;17;12;21;3.715;1.548;2.167;%10.0
2025-10-29 16:00:00;0,21;0,16;0,25;18;16;20;3.920;1.723;2.198;%11.0
2025-10-29 17:00:00;0,22;0,16;0,26;17;11;21;3.885;1.697;2.189;%10.0
2025-10-29 18:00:00;0,22;0,17;0,25;17;12;21;3.819;1.651;2.168;%10.0
2025-10-29 19:00:00;0,22;0,17;0,25;18;13;22;3.984;1.714;2.270;%10.0
2025-10-29 20:00:00;0,21;0,16;0,25;17;12;20;3.790;1.601;2.189;%11.0
2025-10-29 21:00:00;0,21;0,16;0,25;17;12;21;3.779;1.607;2.172;%10.0
2025-10-29 22:00:00;0,21;0,16;0,25;17;13;20;3.708;1.571;2.138;%10.0
2025-10-29 23:00:00;0,21;0,17;0,25;17;12;21;3.652;1.510;2.142;%10.0
2025-10-30 00:00:00;0,21;0,17;0,25;17;12;21;3.622;1.492;2.130;%10.0
2025-10-30 01:00:00;0,21;0,16;0,25;17;12;21;3.640;1.494;2.146;%10.0
2025-10-30 02:00:00;0,21;0,16;0,25;17;12;21;3.626;1.504;2.122;%10.0
2025-10-30 03:00:00;0,21;0,17;0,25;17;12;21;3.739;1.583;2.156;%10.0
2025-10-30 04:00:00;0,22;0,18;0,26;18;12;21;3.780;1.613;2.167;%10.0
2025-10-30 05:00:00;0,21;0,16;0,25;17;12;21;3.695;1.548;2.148;%10.0
2025-10-30 06:00:00;0,21;0,16;0,25;17;13;20;3.709;1.557;2.151;%10.0
2025-10-30 07:00:00;0,21;0,16;0,24;17;12;20;3.673;1.546;2.127;%10.0
2025-10-30 08:00:00;0,21;0,17;0,25;17;12;20;3.677;1.518;2.159;%10.0
2025-10-30 09:00:00;0,21;0,15;0,25;19;16;20;3.846;1.685;2.161;%11.0
2025-10-30 10:00:00;0,21;0,16;0,24;17;12;21;3.761;1.593;2.168;%10.0
2025-10-30 11:00:00;0,21;0,16;0,25;17;12;21;3.749;1.585;2.164;%10.0
2025-10-30 12:00:00;0,22;0,18;0,25;18;13;22;3.889;1.681;2.208;%11.0
2025-10-30 13:00:00;0,22;0,17;0,26;18;12;22;3.943;1.674;2.269;%10.0
2025-10-30 14:00:00;0,21;0,14;0,25;17;12;21;3.891;1.668;2.223;%11.0
2025-10-30 15:00:00;0,21;0,15;0,25;17;11;21;3.751;1.592;2.158;%11.0
2025-10-30 16:00:00;0,21;0,15;0,25;17;12;21;3.731;1.542;2.188;%10.0
2025-10-30 17:00:00;0,21;0,15;0,25;17;11;20;3.653;1.507;2.145;%11.0
2025-10-30 18:00:00;0,2;0,14;0,25;16;11;20;3.600;1.475;2.125;%11.0
2025-10-30 19:00:00;0,21;0,15;0,25;17;11;20;3.672;1.509;2.163;%11.0
2025-10-30 20:00:00;0,21;0,15;0,25;17;11;21;3.803;1.561;2.242;%11.0
2025-10-30 21:00:00;0,21;0,15;0,25;17;11;21;3.887;1.704;2.182;%10.0
2025-10-30 22:00:00;0,2;0,15;0,25;16;11;20;3.797;1.627;2.170;%11.0
2025-10-30 23:00:00;0,21;0,15;0,25;17;11;21;3.666;1.526;2.141;%11.0
2025-10-31 00:00:00;0,2;0,15;0,25;17;11;21;3.656;1.527;2.129;%11.0
2025-10-31 01:00:00;0,21;0,15;0,25;16;11;20;3.689;1.530;2.159;%11.0
2025-10-31 02:00:00;0,22;0,16;0,26;17;11;21;3.613;1.489;2.124;%9.0
2025-10-31 03:00:00;0,22;0,16;0,26;17;11;21;3.631;1.489;2.142;%9.0
2025-10-31 04:00:00;0,21;0,15;0,25;17;13;20;3.748;1.601;2.147;%8.0
2025-10-31 05:00:00;0,21;0,16;0,25;16;11;20;3.612;1.463;2.148;%7.0
2025-10-31 06:00:00;0,21;0,16;0,26;17;11;21;3.297;1.459;1.838;%7.0
2025-10-31 07:00:00;0,2;0,14;0,27;19;12;28;2.725;1.498;1.227;%7.0
2025-10-31 08:00:00;0,21;0,15;0,24;15;11;17;4.902;1.551;3.351;%8.0
2025-10-31 09:00:00;0,2;0,15;0,24;17;12;20;3.620;1.493;2.127;%11.0
2025-10-31 10:00:00;0,21;0,15;0,25;16;11;20;3.659;1.508;2.151;%11.0
2025-10-31 11:00:00;0,2;0,14;0,25;18;15;21;3.721;1.571;2.150;%11.0
2025-10-31 12:00:00;0,21;0,15;0,25;17;11;20;3.617;1.489;2.129;%11.0
2025-10-31 13:00:00;0,22;0,16;0,26;19;13;23;3.970;1.683;2.287;%11.0
2025-10-31 14:00:00;0,21;0,15;0,25;17;11;20;3.678;1.521;2.157;%11.0
2025-10-31 15:00:00;0,21;0,15;0,25;17;11;20;3.662;1.492;2.170;%10.0
2025-10-31 16:00:00;0,2;0,14;0,25;17;12;20;3.659;1.507;2.151;%11.0
2025-10-31 17:00:00;0,21;0,15;0,24;16;11;20;3.603;1.465;2.138;%10.0
2025-10-31 18:00:00;0,21;0,15;0,25;17;11;20;3.659;1.498;2.161;%10.0
2025-10-31 19:00:00;0,21;0,15;0,25;18;15;20;3.745;1.588;2.158;%11.0
2025-10-31 20:00:00;0,2;0,15;0,24;16;11;20;3.654;1.475;2.180;%10.0
2025-10-31 21:00:00;0,21;0,15;0,25;17;12;21;3.744;1.546;2.198;%10.0
2025-10-31 22:00:00;0,21;0,15;0,25;17;11;20;3.639;1.496;2.143;%11.0
2025-10-31 23:00:00;0,21;0,15;0,25;17;11;20;3.682;1.509;2.173;%10.0
2025-11-01 00:00:00;0,21;0,15;0,25;17;11;20;3.651;1.486;2.165;%11.0
2025-11-01 01:00:00;0,2;0,14;0,24;17;11;20;3.645;1.483;2.162;%8.0
2025-11-01 02:00:00;0,21;0,15;0,25;17;12;21;3.669;1.505;2.165;%11.0
2025-11-01 03:00:00;0,2;0,14;0,25;20;18;21;3.844;1.673;2.171;%11.0
2025-11-01 04:00:00;0,21;0,15;0,25;17;12;21;3.668;1.504;2.165;%11.0
2025-11-01 05:00:00;0,2;0,14;0,25;20;20;20;3.995;1.791;2.204;%11.0
2025-11-01 06:00:00;0,22;0,16;0,25;18;12;22;3.696;1.505;2.191;%11.0
2025-11-01 07:00:00;0,21;0,15;0,25;19;16;20;3.739;1.592;2.147;%11.0
2025-11-01 08:00:00;0,21;0,16;0,25;17;12;20;3.655;1.475;2.180;%10.0
2025-11-01 09:00:00;0,21;0,15;0,25;17;13;20;3.604;1.431;2.173;%11.0
2025-11-01 10:00:00;0,21;0,16;0,25;17;12;21;3.515;1.395;2.120;%11.0
2025-11-01 11:00:00;0,21;0,16;0,25;17;12;20;3.573;1.410;2.162;%10.0
2025-11-01 12:00:00;0,22;0,17;0,26;18;13;22;3.730;1.531;2.200;%11.0
2025-11-01 13:00:00;0,22;0,16;0,26;20;16;22;3.810;1.570;2.240;%11.0
2025-11-01 14:00:00;0,22;0,18;0,25;17;12;20;3.689;1.541;2.148;%10.0
2025-11-01 15:00:00;0,22;0,17;0,25;18;16;21;3.939;1.768;2.171;%11.0
2025-11-01 16:00:00;0,21;0,16;0,25;17;12;21;3.809;1.571;2.238;%11.0
2025-11-01 17:00:00;0,21;0,17;0,25;17;12;21;3.977;1.749;2.228;%10.0
2025-11-01 18:00:00;0,21;0,17;0,25;17;12;21;3.811;1.635;2.175;%10.0
2025-11-01 19:00:00;0,22;0,17;0,25;17;12;20;3.641;1.486;2.156;%10.0
2025-11-01 20:00:00;0,22;0,18;0,26;18;13;22;3.797;1.611;2.186;%10.0
2025-11-01 21:00:00;0,21;0,16;0,25;18;16;20;3.725;1.611;2.113;%10.0
2025-11-01 22:00:00;0,23;0,21;0,25;18;14;21;4.487;2.251;2.236;%8.0
2025-11-01 23:00:00;0,21;0,17;0,25;17;12;20;3.833;1.637;2.195;%10.0
2025-11-02 00:00:00;0,21;0,17;0,25;18;14;20;3.770;1.615;2.155;%11.0
2025-11-02 01:00:00;0,21;0,17;0,25;17;12;20;3.673;1.519;2.154;%10.0
2025-11-02 02:00:00;0,22;0,17;0,25;17;12;21;3.681;1.519;2.162;%10.0
2025-11-02 03:00:00;0,22;0,17;0,26;18;13;22;3.865;1.647;2.218;%11.0
2025-11-02 04:00:00;0,22;0,17;0,25;17;12;21;3.807;1.604;2.203;%11.0
2025-11-02 05:00:00;0,22;0,17;0,25;17;12;21;3.752;1.561;2.191;%10.0
2025-11-02 06:00:00;0,22;0,17;0,25;18;14;21;3.782;1.621;2.161;%10.0
2025-11-02 07:00:00;0,22;0,17;0,25;17;12;21;3.821;1.617;2.204;%10.0
2025-11-02 08:00:00;0,21;0,16;0,25;17;12;21;3.702;1.545;2.157;%11.0
2025-11-02 09:00:00;0,22;0,18;0,25;17;13;20;3.758;1.568;2.190;%10.0
2025-11-02 10:00:00;0,22;0,17;0,25;17;12;20;3.788;1.582;2.206;%10.0
2025-11-02 11:00:00;0,22;0,17;0,25;17;12;20;3.732;1.554;2.178;%10.0
2025-11-02 12:00:00;0,21;0,17;0,25;18;15;21;3.884;1.704;2.180;%11.0
2025-11-02 13:00:00;0,23;0,19;0,26;18;13;23;4.231;1.926;2.305;%10.0
2025-11-02 14:00:00;0,21;0,16;0,25;17;12;21;3.685;1.537;2.149;%11.0
2025-11-02 15:00:00;0,21;0,17;0,25;17;12;21;3.699;1.534;2.165;%10.0
2025-11-02 16:00:00;0,21;0,17;0,25;17;11;20;3.704;1.546;2.157;%10.0
2025-11-02 17:00:00;0,22;0,18;0,26;17;12;21;3.835;1.622;2.212;%10.0
2025-11-02 18:00:00;0,22;0,17;0,26;17;11;21;3.916;1.708;2.207;%10.0
2025-11-02 19:00:00;0,22;0,17;0,26;17;12;21;4.176;1.915;2.261;%10.0
2025-11-02 20:00:00;0,21;0,16;0,25;18;14;21;4.046;1.835;2.211;%11.0
2025-11-02 21:00:00;0,21;0,16;0,25;17;12;20;3.794;1.589;2.205;%10.0
2025-11-02 22:00:00;0,21;0,17;0,25;17;12;20;3.777;1.616;2.161;%10.0
2025-11-02 23:00:00;0,21;0,16;0,25;16;11;20;3.774;1.597;2.177;%10.0
2025-11-03 00:00:00;0,21;0,16;0,25;17;12;20;3.770;1.585;2.185;%10.0
2025-11-03 01:00:00;0,21;0,16;0,25;17;11;21;3.822;1.602;2.220;%10.0
2025-11-03 02:00:00;0,21;0,16;0,25;17;11;21;3.941;1.720;2.222;%10.0
2025-11-03 03:00:00;0,21;0,16;0,25;17;12;21;3.963;1.753;2.210;%10.0
2025-11-03 04:00:00;0,21;0,16;0,25;16;11;20;3.866;1.649;2.216;%11.0
2025-11-03 05:00:00;0,21;0,15;0,25;17;13;20;3.893;1.688;2.205;%11.0
2025-11-03 06:00:00;0,21;0,15;0,25;16;11;20;3.742;1.569;2.173;%11.0
2025-11-03 07:00:00;0,22;0,16;0,26;17;11;21;3.926;1.687;2.239;%11.0
2025-11-03 08:00:00;0,21;0,15;0,25;16;11;20;3.688;1.527;2.161;%11.0
2025-11-03 09:00:00;0,21;0,15;0,25;17;11;20;3.747;1.570;2.176;%11.0
2025-11-03 10:00:00;0,21;0,15;0,25;17;11;21;3.850;1.627;2.223;%11.0
2025-11-03 11:00:00;0,21;0,15;0,25;16;11;20;3.735;1.539;2.196;%10.0
2025-11-03 12:00:00;;;;;;;;;;