Tuzla TZLTOCDELLAPP01;Latency;Read Latency;Write Latency;Avg. Size;Read Size;Write Size;Total IOPS;Read IOPS;Write IOPS;CPU Utilization
2025-10-04 11:23:02;;;;;;;;;;
2025-10-04 12:00:00;1,38;1,44;1,3;302;497;28;25.961;15.217;10.744;%70.0
2025-10-04 13:00:00;1,4;1,46;1,32;301;496;28;25.897;15.106;10.791;%70.0
2025-10-04 14:00:00;1,5;1,55;1,44;300;496;28;25.835;15.007;10.828;%71.0
2025-10-04 15:00:00;1,52;1,57;1,44;299;495;28;25.832;14.994;10.838;%71.0
2025-10-04 16:00:00;1,53;1,57;1,47;301;496;28;25.690;14.960;10.730;%71.0
2025-10-04 17:00:00;1,55;1,58;1,49;301;496;28;25.691;14.959;10.732;%71.0
2025-10-04 18:00:00;1,87;1,74;2,04;300;496;30;25.681;14.911;10.770;%72.0
2025-10-04 19:00:00;1,99;1,81;2,24;300;495;31;25.749;14.909;10.840;%72.0
2025-10-04 20:00:00;1,94;1,79;2,13;300;496;31;25.783;14.933;10.851;%72.0
2025-10-04 21:00:00;1,78;1,72;1,87;300;496;29;25.934;15.051;10.883;%72.0
2025-10-04 22:00:00;1,85;1,74;2;301;496;30;25.787;15.014;10.773;%72.0
2025-10-04 23:00:00;1,61;1,6;1,62;302;496;28;25.767;15.061;10.706;%71.0
2025-10-05 00:00:00;1,46;1,49;1,42;301;495;28;25.727;15.033;10.695;%68.0
2025-10-05 01:00:00;1,65;1,63;1,68;300;495;28;25.646;14.909;10.737;%70.0
2025-10-05 02:00:00;1,28;1,36;1,17;302;496;26;25.843;15.151;10.693;%67.0
2025-10-05 03:00:00;1,49;1,49;1,5;301;494;27;25.921;15.185;10.737;%70.0
2025-10-05 04:00:00;1,69;1,51;1,96;303;496;28;25.755;15.139;10.616;%68.0
2025-10-05 05:00:00;1,86;1,7;2,09;302;496;29;25.694;15.027;10.667;%71.0
2025-10-05 06:00:00;1,55;1,53;1,58;302;496;27;25.698;15.064;10.634;%69.0
2025-10-05 07:00:00;1,46;1,44;1,47;302;496;27;25.824;15.158;10.667;%68.0
2025-10-05 08:00:00;1,48;1,47;1,49;302;496;27;25.848;15.151;10.697;%70.0
2025-10-05 09:00:00;1,46;1,48;1,44;302;497;27;25.863;15.135;10.728;%70.0
2025-10-05 10:00:00;1,3;1,36;1,22;303;496;27;25.803;15.189;10.614;%67.0
2025-10-05 11:00:00;1,41;1,44;1,35;303;496;27;25.816;15.163;10.653;%72.0
2025-10-05 12:00:00;1,36;1,44;1,25;301;496;27;25.739;15.042;10.697;%68.0
2025-10-05 13:00:00;1,43;1,5;1,33;300;496;28;25.765;14.988;10.777;%70.0
2025-10-05 14:00:00;1,36;1,44;1,26;301;496;28;25.863;15.058;10.805;%70.0
2025-10-05 15:00:00;1,48;1,55;1,39;299;496;28;25.742;14.901;10.841;%70.0
2025-10-05 16:00:00;1,52;1,53;1,5;301;496;29;25.657;14.933;10.725;%71.0
2025-10-05 17:00:00;1,49;1,51;1,46;301;496;29;25.763;14.994;10.769;%70.0
2025-10-05 18:00:00;1,7;1,65;1,78;300;496;30;25.724;14.929;10.795;%72.0
2025-10-05 19:00:00;1,48;1,5;1,45;301;496;29;25.981;15.163;10.818;%73.0
2025-10-05 20:00:00;1,52;1,54;1,51;301;496;29;25.912;15.064;10.847;%70.0
2025-10-05 21:00:00;1,62;1,59;1,66;300;496;29;26.025;15.121;10.904;%74.0
2025-10-05 22:00:00;1,45;1,49;1,4;302;496;29;25.865;15.136;10.729;%69.0
2025-10-05 23:00:00;1,66;1,62;1,7;302;496;28;25.866;15.135;10.731;%75.0
2025-10-06 00:00:00;1,39;1,43;1,34;301;495;28;25.836;15.111;10.725;%67.0
2025-10-06 01:00:00;1,66;1,65;1,67;299;495;28;25.645;14.882;10.764;%71.0
2025-10-06 02:00:00;1,48;1,5;1,45;301;496;27;25.802;15.066;10.737;%68.0
2025-10-06 03:00:00;1,72;1,57;1,94;300;494;27;25.963;15.167;10.796;%70.0
2025-10-06 04:00:00;1,64;1,48;1,86;303;496;26;25.848;15.206;10.642;%74.0
2025-10-06 05:00:00;1,5;1,5;1,49;302;496;28;25.768;15.102;10.665;%67.0
2025-10-06 06:00:00;1,56;1,53;1,6;302;496;26;25.777;15.127;10.650;%71.0
2025-10-06 07:00:00;1,78;1,65;1,96;301;495;29;25.798;15.035;10.763;%70.0
2025-10-06 08:00:00;1,85;1,7;2,06;301;496;30;25.874;15.050;10.824;%72.0
2025-10-06 09:00:00;1,78;1,66;1,94;301;496;29;25.970;15.104;10.866;%72.0
2025-10-06 10:00:00;1,48;1,5;1,45;303;496;28;25.937;15.226;10.711;%71.0
2025-10-06 11:00:00;1,45;1,49;1,39;302;496;28;25.993;15.208;10.785;%72.0
2025-10-06 12:00:00;1,72;1,65;1,83;302;496;31;26.051;15.145;10.906;%72.0
2025-10-06 13:00:00;1,65;1,62;1,7;301;496;30;26.040;15.124;10.916;%72.0
2025-10-06 14:00:00;1,69;1,65;1,73;300;496;30;25.932;15.021;10.911;%73.0
2025-10-06 15:00:00;1,76;1,7;1,85;300;496;31;25.937;14.984;10.953;%72.0
2025-10-06 16:00:00;1,63;1,63;1,63;301;495;30;25.863;15.060;10.804;%72.0
2025-10-06 17:00:00;1,54;1,57;1,51;301;496;29;25.921;15.114;10.807;%72.0
2025-10-06 18:00:00;1,62;1,61;1,63;302;496;30;25.983;15.145;10.838;%72.0
2025-10-06 19:00:00;1,74;1,69;1,82;301;496;31;26.016;15.129;10.887;%72.0
2025-10-06 20:00:00;1,63;1,6;1,67;302;496;30;26.073;15.208;10.866;%72.0
2025-10-06 21:00:00;1,69;1,65;1,74;301;496;30;26.123;15.212;10.911;%72.0
2025-10-06 22:00:00;1,74;1,69;1,81;303;496;30;25.938;15.196;10.741;%74.0
2025-10-06 23:00:00;1,65;1,64;1,66;302;493;30;26.067;15.306;10.761;%73.0
2025-10-07 00:00:00;1,63;1,63;1,62;301;495;29;25.818;15.069;10.748;%70.0
2025-10-07 01:00:00;1,84;1,78;1,93;301;495;30;25.832;15.036;10.796;%74.0
2025-10-07 02:00:00;1,42;1,44;1,38;302;496;28;25.973;15.190;10.782;%69.0
2025-10-07 03:00:00;2,03;1,75;2,43;300;494;29;25.913;15.090;10.823;%74.0
2025-10-07 04:00:00;1,8;1,58;2,12;302;496;28;25.781;15.108;10.673;%71.0
2025-10-07 05:00:00;1,74;1,64;1,87;302;496;29;25.761;15.051;10.710;%69.0
2025-10-07 06:00:00;1,65;1,59;1,73;302;496;28;25.798;15.121;10.677;%73.0
2025-10-07 07:00:00;1,55;1,53;1,59;301;496;28;25.845;15.073;10.772;%69.0
2025-10-07 08:00:00;1,67;1,61;1,74;300;496;29;25.842;15.004;10.838;%71.0
2025-10-07 09:00:00;1,68;1,62;1,75;300;496;30;25.886;14.991;10.895;%71.0
2025-10-07 10:00:00;1,93;1,77;2,16;301;496;32;25.841;15.005;10.836;%72.0
2025-10-07 11:00:00;1,33;1,42;1,22;302;497;28;25.998;15.205;10.793;%70.0
2025-10-07 12:00:00;1,38;1,45;1,27;302;496;28;26.032;15.205;10.826;%71.0
2025-10-07 13:00:00;1,44;1,49;1,36;300;496;28;25.967;15.104;10.862;%71.0
2025-10-07 14:00:00;1,74;1,67;1,85;301;496;32;25.970;15.032;10.938;%75.0
2025-10-07 15:00:00;1,84;1,74;1,99;300;496;33;25.907;14.936;10.971;%75.0
2025-10-07 16:00:00;1,65;1,61;1,7;301;496;32;25.853;15.008;10.845;%74.0
2025-10-07 17:00:00;1,66;1,63;1,71;301;495;32;25.910;15.026;10.884;%71.0
2025-10-07 18:00:00;1,54;1,55;1,51;301;496;29;25.930;15.119;10.811;%75.0
2025-10-07 19:00:00;1,56;1,57;1,55;300;496;29;25.878;15.056;10.822;%73.0
2025-10-07 20:00:00;1,71;1,68;1,77;300;496;30;25.808;14.946;10.862;%72.0
2025-10-07 21:00:00;1,65;1,62;1,69;301;496;29;25.945;15.086;10.859;%72.0
2025-10-07 22:00:00;1,63;1,6;1,68;303;496;29;25.877;15.167;10.710;%72.0
2025-10-07 23:00:00;1,72;1,74;1,69;298;479;28;26.738;16.004;10.734;%72.0
2025-10-08 00:00:00;1,62;1,61;1,63;302;495;28;25.983;15.237;10.746;%71.0
2025-10-08 01:00:00;1,74;1,68;1,82;302;496;29;25.979;15.172;10.807;%71.0
2025-10-08 02:00:00;1,66;1,63;1,69;302;496;27;25.948;15.192;10.756;%71.0
2025-10-08 03:00:00;1,84;1,66;2,1;300;494;27;25.942;15.166;10.777;%71.0
2025-10-08 04:00:00;1,77;1,53;2,11;302;495;27;25.774;15.144;10.631;%70.0
2025-10-08 05:00:00;1,8;1,7;1,94;302;496;28;25.744;15.080;10.665;%70.0
2025-10-08 06:00:00;1,66;1,6;1,75;302;495;27;25.847;15.162;10.684;%70.0
2025-10-08 07:00:00;1,63;1,59;1,68;301;495;27;25.916;15.161;10.755;%70.0
2025-10-08 08:00:00;1,7;1,64;1,79;300;495;28;25.966;15.125;10.840;%70.0
2025-10-08 09:00:00;1,68;1,61;1,77;300;496;29;26.038;15.120;10.918;%72.0
2025-10-08 10:00:00;1,98;1,79;2,24;300;496;30;25.806;14.957;10.849;%72.0
2025-10-08 11:00:00;1,75;1,68;1,84;301;496;29;25.925;15.073;10.852;%72.0
2025-10-08 12:00:00;1,84;1,73;1,99;300;496;30;25.943;15.030;10.914;%72.0
2025-10-08 13:00:00;1,88;1,76;2,05;300;496;31;26.002;15.048;10.954;%72.0
2025-10-08 14:00:00;1,9;1,77;2,08;299;496;31;25.998;15.005;10.993;%72.0
2025-10-08 15:00:00;1,84;1,72;2,01;299;495;31;26.014;15.004;11.011;%72.0
2025-10-08 16:00:00;1,79;1,68;1,95;300;495;31;25.830;14.949;10.881;%72.0
2025-10-08 17:00:00;1,7;1,64;1,78;299;495;31;25.893;14.951;10.942;%72.0
2025-10-08 18:00:00;2,16;1,87;2,55;299;495;33;25.938;14.916;11.022;%75.0
2025-10-08 19:00:00;1,97;1,78;2,21;299;495;31;25.939;14.976;10.963;%75.0
2025-10-08 20:00:00;2,62;1,85;3,65;296;493;32;25.902;14.826;11.076;%73.0
2025-10-08 21:00:00;1,76;1,69;1,85;297;495;29;25.814;14.865;10.949;%75.0
2025-10-08 22:00:00;1,6;1,59;1,62;300;495;29;25.733;14.965;10.768;%71.0
2025-10-08 23:00:00;1,6;1,63;1,55;298;484;28;26.331;15.608;10.723;%71.0
2025-10-09 00:00:00;1,58;1,57;1,6;300;495;28;25.715;14.984;10.731;%70.0
2025-10-09 01:00:00;1,7;1,66;1,76;300;495;28;25.746;14.989;10.757;%72.0
2025-10-09 02:00:00;1,55;1,51;1,6;301;495;27;25.959;15.206;10.754;%71.0
2025-10-09 03:00:00;1,6;1,5;1,75;300;494;27;26.016;15.190;10.826;%69.0
2025-10-09 04:00:00;1,89;1,64;2,24;302;496;27;25.732;15.114;10.618;%75.0
2025-10-09 05:00:00;1,78;1,69;1,9;303;495;28;25.711;15.110;10.601;%72.0
2025-10-09 06:00:00;1,64;1,56;1,75;303;496;27;25.759;15.174;10.585;%70.0
2025-10-09 07:00:00;1,71;1,62;1,83;302;495;28;25.818;15.139;10.680;%71.0
2025-10-09 08:00:00;1,63;1,57;1,7;302;496;28;25.897;15.139;10.758;%71.0
2025-10-09 09:00:00;1,63;1,57;1,7;302;496;29;25.918;15.131;10.787;%71.0
2025-10-09 10:00:00;1,83;1,68;2,04;302;495;31;25.839;15.089;10.750;%71.0
2025-10-09 11:00:00;1,97;1,8;2,19;301;496;31;25.784;14.975;10.810;%71.0
2025-10-09 12:00:00;2,02;1,82;2,3;300;495;32;25.799;14.951;10.848;%72.0
2025-10-09 13:00:00;1,51;1,55;1,47;301;496;28;25.927;15.120;10.808;%72.0
2025-10-09 14:00:00;1,76;1,7;1,86;301;496;31;25.913;15.026;10.887;%72.0
2025-10-09 15:00:00;1,66;1,63;1,7;300;496;30;25.969;15.075;10.894;%72.0
2025-10-09 16:00:00;1,76;1,68;1,86;302;496;32;25.917;15.087;10.830;%72.0
2025-10-09 17:00:00;1,75;1,64;1,9;301;495;30;26.111;15.194;10.917;%72.0
2025-10-09 18:00:00;1,54;1,52;1,56;302;496;29;26.058;15.253;10.804;%72.0
2025-10-09 19:00:00;1,62;1,6;1,65;302;496;31;26.057;15.179;10.878;%72.0
2025-10-09 20:00:00;1,6;1,59;1,61;302;496;30;26.052;15.202;10.849;%72.0
2025-10-09 21:00:00;1,56;1,57;1,54;301;496;29;25.922;15.099;10.823;%71.0
2025-10-09 22:00:00;1,62;1,63;1,61;300;495;28;25.633;14.937;10.696;%71.0
2025-10-09 23:00:00;1,85;1,84;1,86;297;484;29;26.144;15.399;10.745;%72.0
2025-10-10 00:00:00;1,46;1,52;1,38;300;495;26;25.677;15.019;10.658;%71.0
2025-10-10 01:00:00;1,72;1,64;1,82;302;496;30;25.920;15.123;10.796;%72.0
2025-10-10 02:00:00;1,31;1,41;1,16;301;495;25;25.881;15.165;10.716;%68.0
2025-10-10 03:00:00;1,58;1,5;1,7;300;494;26;25.894;15.150;10.744;%69.0
2025-10-10 04:00:00;1,58;1,43;1,8;303;496;26;25.730;15.141;10.589;%68.0
2025-10-10 05:00:00;1,51;1,52;1,49;302;496;27;25.722;15.103;10.619;%68.0
2025-10-10 06:00:00;1,32;1,39;1,22;303;497;26;25.813;15.192;10.621;%68.0
2025-10-10 07:00:00;1,34;1,41;1,24;302;496;26;25.900;15.237;10.663;%70.0
2025-10-10 08:00:00;1,35;1,43;1,24;302;496;27;25.933;15.180;10.753;%68.0
2025-10-10 09:00:00;1,36;1,42;1,27;302;496;28;25.978;15.171;10.807;%69.0
2025-10-10 10:00:00;1,34;1,41;1,23;303;496;28;25.918;15.218;10.699;%69.0
2025-10-10 11:00:00;1,39;1,44;1,33;303;496;29;25.962;15.220;10.742;%71.0
2025-10-10 12:00:00;1,41;1,45;1,35;303;496;29;26.016;15.234;10.782;%71.0
2025-10-10 13:00:00;1,44;1,48;1,39;302;496;30;26.056;15.214;10.842;%71.0
2025-10-10 14:00:00;1,44;1,47;1,39;302;496;30;26.037;15.175;10.862;%73.0
2025-10-10 15:00:00;1,44;1,47;1,39;301;496;30;26.070;15.172;10.899;%71.0
2025-10-10 16:00:00;1,59;1,55;1,64;302;496;30;26.016;15.190;10.826;%73.0
2025-10-10 17:00:00;1,46;1,49;1,41;302;496;30;26.067;15.236;10.831;%72.0
2025-10-10 18:00:00;1,76;1,64;1,93;302;496;31;26.068;15.172;10.896;%72.0
2025-10-10 19:00:00;1,78;1,67;1,93;301;496;31;26.108;15.187;10.921;%72.0
2025-10-10 20:00:00;1,51;1,53;1,49;302;496;29;26.091;15.243;10.849;%72.0
2025-10-10 21:00:00;1,4;1,43;1,36;302;496;29;26.064;15.249;10.815;%71.0
2025-10-10 22:00:00;1,37;1,42;1,28;303;496;28;25.930;15.245;10.685;%71.0
2025-10-10 23:00:00;1,47;1,52;1,41;302;493;28;26.080;15.378;10.702;%72.0
2025-10-11 00:00:00;1,4;1,45;1,33;303;496;28;25.942;15.264;10.679;%70.0
2025-10-11 01:00:00;1,71;1,67;1,77;302;496;30;25.971;15.178;10.793;%72.0
2025-10-11 02:00:00;1,35;1,42;1,25;303;496;26;25.942;15.253;10.689;%70.0
2025-10-11 03:00:00;1,61;1,54;1,7;301;494;27;25.976;15.236;10.740;%71.0
2025-10-11 04:00:00;1,64;1,49;1,85;303;496;26;25.797;15.201;10.596;%71.0
2025-10-11 05:00:00;1,72;1,72;1,72;297;478;27;26.626;15.976;10.650;%73.0
2025-10-11 06:00:00;1,5;1,53;1,44;303;496;26;25.873;15.264;10.609;%72.0
2025-10-11 07:00:00;1,52;1,53;1,51;303;496;28;25.943;15.260;10.684;%72.0
2025-10-11 08:00:00;1,41;1,46;1,33;303;496;27;25.951;15.238;10.713;%71.0
2025-10-11 09:00:00;1,26;1,36;1,11;302;496;27;25.983;15.246;10.737;%68.0
2025-10-11 10:00:00;1,26;1,37;1,12;303;496;27;25.888;15.246;10.642;%69.0
2025-10-11 11:00:00;1,33;1,41;1,22;303;496;28;25.947;15.241;10.706;%72.0
2025-10-11 12:00:00;1,33;1,41;1,21;303;496;29;25.967;15.207;10.760;%71.0
2025-10-11 13:00:00;1,4;1,48;1,3;301;495;29;25.942;15.130;10.811;%71.0
2025-10-11 14:00:00;1,38;1,43;1,31;302;496;29;26.029;15.180;10.848;%71.0
2025-10-11 15:00:00;1,4;1,47;1,3;302;495;30;26.150;15.281;10.869;%71.0
2025-10-11 16:00:00;1,37;1,45;1,26;303;496;29;25.986;15.216;10.770;%70.0
2025-10-11 17:00:00;1,37;1,43;1,29;302;496;29;26.001;15.212;10.789;%71.0
2025-10-11 18:00:00;1,33;1,41;1,21;303;496;29;26.031;15.240;10.791;%70.0
2025-10-11 19:00:00;1,48;1,52;1,43;302;495;29;26.096;15.276;10.820;%74.0
2025-10-11 20:00:00;1,34;1,41;1,24;302;496;29;26.018;15.207;10.811;%70.0
2025-10-11 21:00:00;1,44;1,49;1,37;302;496;28;26.006;15.185;10.821;%74.0
2025-10-11 22:00:00;1,34;1,41;1,23;303;496;28;25.920;15.212;10.708;%72.0
2025-10-11 23:00:00;1,38;1,44;1,28;302;496;28;25.892;15.166;10.727;%72.0
2025-10-12 00:00:00;1,39;1,43;1,34;303;495;28;25.963;15.272;10.691;%74.0
2025-10-12 01:00:00;1,3;1,39;1,18;302;496;28;25.950;15.218;10.732;%69.0
2025-10-12 02:00:00;1,51;1,53;1,47;302;496;27;25.913;15.212;10.701;%75.0
2025-10-12 03:00:00;1,52;1,56;1,46;301;494;26;25.979;15.253;10.726;%72.0
2025-10-12 04:00:00;1,76;1,61;1,97;302;496;26;25.716;15.109;10.608;%71.0
2025-10-12 05:00:00;1,73;1,7;1,78;303;496;28;25.746;15.119;10.627;%70.0
2025-10-12 06:00:00;1,31;1,39;1,19;304;497;26;25.862;15.278;10.584;%70.0
2025-10-12 07:00:00;1,41;1,46;1,33;303;496;27;25.958;15.272;10.686;%71.0
2025-10-12 08:00:00;1,41;1,46;1,34;303;496;28;25.983;15.254;10.729;%71.0
2025-10-12 09:00:00;1,42;1,46;1,35;303;497;28;26.018;15.249;10.769;%71.0
2025-10-12 10:00:00;1,39;1,44;1,31;304;497;28;25.910;15.244;10.666;%71.0
2025-10-12 11:00:00;1,41;1,46;1,35;303;496;29;25.956;15.241;10.715;%71.0
2025-10-12 12:00:00;1,43;1,47;1,39;303;496;29;25.991;15.229;10.762;%71.0
2025-10-12 13:00:00;1,45;1,46;1,43;303;496;29;26.075;15.250;10.825;%72.0
2025-10-12 14:00:00;1,45;1,47;1,42;302;497;30;26.085;15.218;10.866;%72.0
2025-10-12 15:00:00;1,5;1,5;1,51;302;496;30;26.127;15.241;10.886;%72.0
2025-10-12 16:00:00;1,54;1,51;1,58;304;496;30;25.977;15.257;10.720;%72.0
2025-10-12 17:00:00;1,46;1,48;1,43;303;496;29;26.000;15.261;10.739;%72.0
2025-10-12 18:00:00;1,53;1,53;1,53;303;496;29;25.989;15.244;10.745;%72.0
2025-10-12 19:00:00;1,54;1,55;1,54;302;496;29;25.992;15.205;10.788;%71.0
2025-10-12 20:00:00;1,55;1,57;1,53;301;496;29;25.961;15.147;10.814;%71.0
2025-10-12 21:00:00;1,52;1,53;1,5;301;496;28;26.079;15.212;10.866;%72.0
2025-10-12 22:00:00;1,54;1,57;1,5;302;496;28;25.851;15.119;10.732;%72.0
2025-10-12 23:00:00;1,55;1,58;1,51;301;496;28;25.812;15.062;10.750;%72.0
2025-10-13 00:00:00;1,44;1,5;1,37;301;495;27;25.860;15.145;10.715;%70.0
2025-10-13 01:00:00;1,32;1,4;1,2;301;496;27;25.918;15.158;10.760;%68.0
2025-10-13 02:00:00;1,3;1,4;1,15;302;496;26;25.921;15.193;10.728;%69.0
2025-10-13 03:00:00;1,68;1,57;1,84;301;494;27;26.048;15.257;10.792;%72.0
2025-10-13 04:00:00;1,56;1,4;1,79;303;496;26;25.861;15.209;10.652;%69.0
2025-10-13 05:00:00;1,39;1,45;1,32;303;496;27;25.831;15.178;10.654;%67.0
2025-10-13 06:00:00;1,33;1,42;1,21;302;496;26;25.758;15.137;10.621;%71.0
2025-10-13 07:00:00;1,28;1,39;1,13;302;496;26;25.864;15.185;10.680;%69.0
2025-10-13 08:00:00;1,37;1,47;1,23;300;495;27;25.795;15.034;10.761;%70.0
2025-10-13 09:00:00;1,4;1,51;1,25;298;495;28;25.580;14.767;10.813;%69.0
2025-10-13 10:00:00;1,5;1,57;1,39;298;495;28;25.411;14.698;10.713;%70.0
2025-10-13 11:00:00;1,36;1,48;1,2;299;495;29;25.609;14.815;10.794;%69.0
2025-10-13 12:00:00;1,42;1,5;1,31;300;496;29;25.781;14.965;10.815;%71.0
2025-10-13 13:00:00;1,38;1,46;1,28;300;495;30;25.995;15.114;10.881;%70.0
2025-10-13 14:00:00;1,74;1,71;1,79;301;496;32;26.109;15.140;10.969;%74.0
2025-10-13 15:00:00;1,48;1,52;1,44;301;496;30;26.163;15.228;10.935;%74.0
2025-10-13 16:00:00;1,57;1,58;1,56;302;496;31;26.002;15.143;10.859;%72.0
2025-10-13 17:00:00;1,75;1,7;1,81;301;496;32;26.059;15.139;10.920;%76.0
2025-10-13 18:00:00;2,08;1,92;2,31;301;495;35;25.983;15.014;10.968;%76.0
2025-10-13 19:00:00;1,97;1,76;2,25;300;495;33;26.026;15.059;10.967;%76.0
2025-10-13 20:00:00;1,59;1,58;1,6;301;496;30;25.987;15.116;10.871;%76.0
2025-10-13 21:00:00;1,55;1,55;1,55;301;496;30;26.056;15.176;10.880;%72.0
2025-10-13 22:00:00;1,94;1,81;2,12;303;496;33;25.911;15.122;10.789;%73.0
2025-10-13 23:00:00;1,76;1,7;1,84;302;495;31;25.928;15.136;10.791;%72.0
2025-10-14 00:00:00;1,56;1,58;1,53;302;495;29;25.842;15.107;10.735;%71.0
2025-10-14 01:00:00;1,67;1,67;1,68;300;495;30;25.809;14.986;10.824;%71.0
2025-10-14 02:00:00;1,82;1,76;1,91;300;495;31;25.824;14.963;10.861;%71.0
2025-10-14 03:00:00;2,21;1,91;2,61;298;493;32;25.754;14.861;10.893;%71.0
2025-10-14 04:00:00;2,02;1,74;2,42;302;496;30;25.699;14.986;10.714;%71.0
2025-10-14 05:00:00;1,97;1,81;2,2;302;496;31;25.718;14.997;10.721;%71.0
2025-10-14 06:00:00;1,7;1,62;1,81;303;496;29;25.802;15.112;10.690;%70.0
2025-10-14 07:00:00;1,57;1,55;1,6;302;496;29;25.945;15.200;10.744;%70.0
2025-10-14 08:00:00;1,59;1,58;1,6;301;496;28;25.902;15.124;10.778;%71.0
2025-10-14 09:00:00;1,8;1,71;1,92;300;496;29;25.841;15.001;10.839;%72.0
2025-10-14 10:00:00;1,99;1,8;2,25;301;495;32;25.830;15.018;10.812;%72.0
2025-10-14 11:00:00;2,03;1,75;2,41;297;493;30;26.411;15.250;11.161;%72.0
2025-10-14 12:00:00;1,88;1,84;1,93;285;471;29;27.764;16.061;11.704;%73.0
2025-10-14 13:00:00;1,61;1,63;1,59;297;489;29;26.376;15.361;11.016;%72.0
2025-10-14 14:00:00;1,55;1,57;1,53;301;495;29;25.936;15.108;10.828;%71.0
2025-10-14 15:00:00;1,83;1,74;1,95;300;495;32;25.894;14.961;10.933;%75.0
2025-10-14 16:00:00;1,72;1,69;1,78;301;495;32;25.763;14.971;10.792;%75.0
2025-10-14 17:00:00;1,8;1,74;1,87;300;495;32;25.841;14.981;10.859;%74.0
2025-10-14 18:00:00;1,82;1,76;1,91;300;495;31;25.818;14.968;10.850;%74.0
2025-10-14 19:00:00;1,73;1,7;1,77;301;495;31;25.900;15.056;10.844;%75.0
2025-10-14 20:00:00;1,58;1,59;1,57;301;496;30;25.974;15.133;10.842;%73.0
2025-10-14 21:00:00;1,54;1,58;1,5;301;496;30;26.018;15.161;10.857;%71.0
2025-10-14 22:00:00;1,8;1,74;1,87;303;495;31;25.937;15.199;10.738;%75.0
2025-10-14 23:00:00;1,59;1,61;1,56;303;493;29;26.074;15.371;10.703;%73.0
2025-10-15 00:00:00;1,58;1,59;1,57;303;495;30;25.935;15.205;10.730;%69.0
2025-10-15 01:00:00;1,75;1,72;1,79;301;494;29;25.947;15.164;10.782;%74.0
2025-10-15 02:00:00;1,54;1,55;1,52;300;494;28;26.026;15.197;10.830;%71.0
2025-10-15 03:00:00;1,8;1,63;2,04;298;491;28;25.920;15.133;10.787;%69.0
2025-10-15 04:00:00;1,95;1,69;2,3;301;495;28;25.568;14.945;10.623;%74.0
2025-10-15 05:00:00;1,75;1,69;1,83;301;495;28;25.489;14.868;10.621;%69.0
2025-10-15 06:00:00;1,52;1,52;1,52;299;495;27;25.415;14.786;10.629;%67.0
2025-10-15 07:00:00;1,77;1,69;1,87;297;494;28;25.307;14.622;10.685;%73.0
2025-10-15 08:00:00;1,59;1,58;1,61;297;494;29;25.352;14.585;10.767;%67.0
2025-10-15 09:00:00;2,02;1,86;2,23;296;494;31;25.361;14.519;10.842;%73.0
2025-10-15 10:00:00;1,52;1,58;1,45;300;495;28;25.575;14.915;10.659;%74.0
2025-10-15 11:00:00;1,54;1,59;1,47;301;496;28;25.753;15.054;10.699;%72.0
2025-10-15 12:00:00;1,58;1,6;1,55;301;496;28;25.812;15.068;10.744;%71.0
2025-10-15 13:00:00;1,58;1,6;1,55;301;495;29;25.930;15.132;10.798;%71.0
2025-10-15 14:00:00;1,72;1,69;1,77;301;495;32;26.056;15.156;10.900;%72.0
2025-10-15 15:00:00;1,77;1,7;1,86;302;496;32;26.011;15.121;10.890;%72.0
2025-10-15 16:00:00;1,71;1,66;1,77;303;496;32;25.940;15.165;10.775;%72.0
2025-10-15 17:00:00;1,68;1,64;1,73;302;496;31;25.973;15.137;10.836;%73.0
2025-10-15 18:00:00;1,82;1,72;1,97;301;496;32;25.820;14.943;10.877;%73.0
2025-10-15 19:00:00;1,73;1,67;1,82;299;495;31;25.644;14.801;10.843;%75.0
2025-10-15 20:00:00;1,68;1,66;1,71;298;495;30;25.589;14.760;10.829;%71.0
2025-10-15 21:00:00;1,66;1,65;1,68;298;495;29;25.554;14.721;10.833;%71.0
2025-10-15 22:00:00;1,71;1,69;1,73;299;495;30;25.395;14.699;10.697;%71.0
2025-10-15 23:00:00;1,68;1,69;1,68;300;493;28;25.658;14.976;10.682;%71.0
2025-10-16 00:00:00;1,68;1,66;1,7;301;495;29;25.710;15.016;10.695;%71.0
2025-10-16 01:00:00;1,69;1,65;1,75;302;496;29;25.849;15.107;10.742;%71.0
2025-10-16 02:00:00;1,57;1,56;1,58;303;496;28;25.926;15.217;10.709;%71.0
2025-10-16 03:00:00;2,04;1,8;2,37;299;491;28;25.970;15.206;10.763;%72.0
2025-10-16 04:00:00;1,94;1,65;2,35;302;495;28;25.733;15.109;10.624;%71.0
2025-10-16 05:00:00;1,7;1,61;1,83;302;495;28;25.730;15.097;10.633;%69.0
2025-10-16 06:00:00;1,6;1,56;1,66;301;496;27;25.641;15.015;10.626;%69.0
2025-10-16 07:00:00;1,78;1,68;1,92;299;495;29;25.560;14.847;10.713;%69.0
2025-10-16 08:00:00;1,87;1,75;2,04;297;495;30;25.497;14.673;10.824;%69.0
2025-10-16 09:00:00;1,72;1,66;1,79;298;495;30;25.583;14.744;10.839;%68.0
2025-10-16 10:00:00;1,91;1,78;2,09;299;495;31;25.521;14.750;10.771;%70.0
2025-10-16 11:00:00;1,48;1,53;1,41;300;495;28;25.761;15.001;10.760;%71.0
2025-10-16 12:00:00;;;;;;;;;;
2025-10-16 13:00:00;10,58;11,11;9,59;226;329;32;23.537;15.357;8.180;%84.0
2025-10-16 14:00:00;39,81;38,97;40,58;104;185;29;32.815;15.687;17.128;%72.0
2025-10-16 15:00:00;8,49;8,73;8,33;155;337;32;29.640;11.983;17.657;%76.0
2025-10-16 16:00:00;4,09;4,07;4,11;268;482;43;23.057;11.829;11.227;%80.0
2025-10-16 17:00:00;2,85;2,81;2,89;286;489;39;23.613;12.943;10.670;%77.0
2025-10-16 18:00:00;3,09;2,97;3,24;285;487;45;24.050;13.076;10.974;%79.0
2025-10-16 19:00:00;2,83;2,79;2,88;288;491;43;24.054;13.190;10.864;%78.0
2025-10-16 20:00:00;2,35;2,38;2,31;289;492;36;24.152;13.431;10.720;%74.0
2025-10-16 21:00:00;2,99;2,83;3,19;289;492;45;23.987;13.081;10.906;%77.0
2025-10-16 22:00:00;3,15;3,15;3,15;287;490;44;23.644;12.887;10.757;%77.0
2025-10-16 23:00:00;3,63;3,51;3,76;280;484;45;23.376;12.509;10.867;%78.0
2025-10-17 00:00:00;3,05;2,99;3,13;285;490;44;23.903;12.915;10.988;%77.0
2025-10-17 01:00:00;2,97;2,98;2,96;284;491;44;23.857;12.835;11.023;%77.0
2025-10-17 02:00:00;2,87;2,95;2,77;285;492;43;23.808;12.812;10.996;%76.0
2025-10-17 03:00:00;4,17;4,04;4,31;271;482;44;22.928;11.875;11.053;%78.0
2025-10-17 04:00:00;3,24;2,99;3,53;285;488;44;23.866;12.959;10.907;%77.0
2025-10-17 05:00:00;3,04;2,94;3,16;289;492;45;24.048;13.123;10.925;%78.0
2025-10-17 06:00:00;2,8;2,74;2,88;291;493;44;24.285;13.347;10.938;%77.0
2025-10-17 07:00:00;2,99;2,9;3,1;289;491;44;24.189;13.227;10.962;%78.0
2025-10-17 08:00:00;3,43;3,36;3,51;283;490;45;23.693;12.697;10.996;%78.0
2025-10-17 09:00:00;2,9;2,82;3;290;493;45;24.386;13.323;11.063;%79.0
2025-10-17 10:00:00;3,42;3,29;3,58;284;490;46;23.766;12.735;11.030;%79.0
2025-10-17 11:00:00;3,44;3,42;3,46;280;489;45;23.451;12.421;11.030;%78.0
2025-10-17 12:00:00;2,95;3,01;2,87;285;492;45;23.889;12.843;11.046;%77.0
2025-10-17 13:00:00;3,44;3,46;3,42;277;489;44;23.250;12.202;11.049;%77.0
2025-10-17 14:00:00;2,55;2,62;2,48;284;491;37;23.923;13.007;10.916;%74.0
2025-10-17 15:00:00;2,42;2,5;2,33;285;491;35;24.128;13.191;10.937;%74.0
2025-10-17 16:00:00;4,27;2,89;5,91;284;490;38;23.973;13.041;10.931;%74.0
2025-10-17 17:00:00;2,31;2,4;2,2;289;493;36;24.308;13.478;10.830;%73.0
2025-10-17 18:00:00;2,67;2,69;2,65;289;492;42;24.402;13.374;11.028;%77.0
2025-10-17 19:00:00;2,89;2,85;2,94;287;492;45;24.234;13.143;11.091;%78.0
2025-10-17 20:00:00;2,76;2,76;2,75;288;492;44;24.271;13.177;11.094;%77.0
2025-10-17 21:00:00;3,77;3,45;4,12;277;489;44;23.302;12.228;11.074;%77.0
2025-10-17 22:00:00;2,89;2,92;2,85;288;492;45;24.029;13.087;10.942;%78.0
2025-10-17 23:00:00;3,21;3,25;3,17;283;487;44;23.775;12.804;10.971;%79.0
2025-10-18 00:00:00;3,31;3,31;3,32;281;489;44;23.495;12.534;10.961;%78.0
2025-10-18 01:00:00;2,84;2,78;2,91;286;490;44;24.205;13.148;11.057;%78.0
2025-10-18 02:00:00;2,83;2,7;2,98;289;492;43;24.320;13.317;11.003;%77.0
2025-10-18 03:00:00;2,93;2,71;3,21;288;489;43;24.490;13.450;11.040;%77.0
2025-10-18 04:00:00;3,19;2,77;3,7;290;492;44;24.263;13.341;10.922;%78.0
2025-10-18 05:00:00;3,9;3,63;4,23;274;464;44;24.189;13.241;10.948;%81.0
2025-10-18 06:00:00;2,47;2,49;2,44;294;494;43;24.630;13.720;10.910;%78.0
2025-10-18 07:00:00;2,41;2,42;2,41;293;493;43;24.669;13.704;10.964;%77.0
2025-10-18 08:00:00;2,54;2,54;2,55;292;494;43;24.503;13.514;10.989;%77.0
2025-10-18 09:00:00;3,31;3,23;3,4;283;491;44;23.717;12.680;11.036;%78.0
2025-10-18 10:00:00;2,73;2,64;2,84;291;493;44;24.307;13.370;10.937;%77.0
2025-10-18 11:00:00;3,26;2,92;3,66;288;492;45;24.083;13.074;11.009;%79.0
2025-10-18 12:00:00;3,46;3,23;3,72;283;491;45;23.668;12.629;11.039;%78.0
2025-10-18 13:00:00;3,54;3,36;3,74;280;490;45;23.534;12.457;11.077;%78.0
2025-10-18 14:00:00;2,77;2,73;2,82;289;493;45;24.376;13.274;11.102;%79.0
2025-10-18 15:00:00;3,24;3,14;3,35;283;490;45;23.940;12.819;11.122;%79.0
2025-10-18 16:00:00;3,26;3,17;3,37;284;491;45;23.800;12.763;11.037;%79.0
2025-10-18 17:00:00;2,8;2,72;2,89;289;493;45;24.333;13.288;11.045;%78.0
2025-10-18 18:00:00;3,47;3,37;3,6;280;490;45;23.437;12.371;11.066;%78.0
2025-10-18 19:00:00;2,96;2,87;3,05;286;491;44;24.080;12.996;11.084;%78.0
2025-10-18 20:00:00;3,02;2,97;3,08;285;492;44;24.044;12.934;11.110;%78.0
2025-10-18 21:00:00;3,31;3,24;3,38;282;491;44;23.730;12.624;11.106;%78.0
2025-10-18 22:00:00;2,94;2,85;3,05;288;492;44;24.169;13.170;10.999;%79.0
2025-10-18 23:00:00;3,53;3,4;3,66;279;489;44;23.353;12.351;11.001;%79.0
2025-10-19 00:00:00;2,91;2,83;3,01;285;491;43;23.930;12.915;11.015;%78.0
2025-10-19 01:00:00;2,87;2,74;3,01;287;493;44;24.114;13.084;11.030;%78.0
2025-10-19 02:00:00;3,05;2,99;3,12;286;492;43;23.961;12.947;11.013;%78.0
2025-10-19 03:00:00;3,04;2,93;3,17;285;487;43;24.263;13.203;11.060;%78.0
2025-10-19 04:00:00;2,66;2,39;2,99;291;493;35;24.201;13.490;10.711;%74.0
2025-10-19 05:00:00;2,21;2,23;2,18;291;494;31;24.178;13.587;10.590;%72.0
2025-10-19 06:00:00;1,9;2,05;1,71;291;495;27;24.187;13.680;10.507;%71.0
2025-10-19 07:00:00;1,82;1,98;1,61;291;494;24;24.377;13.861;10.516;%70.0
2025-10-19 08:00:00;1,7;1,85;1,51;293;496;24;24.629;14.057;10.572;%71.0
2025-10-19 09:00:00;1,76;1,89;1,59;292;495;25;24.547;13.963;10.584;%70.0
2025-10-19 10:00:00;1,83;1,97;1,65;293;495;25;24.362;13.868;10.494;%70.0
2025-10-19 11:00:00;1,78;1,91;1,61;293;495;25;24.438;13.896;10.542;%70.0
2025-10-19 12:00:00;1,71;1,82;1,55;294;496;26;24.609;14.021;10.588;%70.0
2025-10-19 13:00:00;1,73;1,84;1,58;294;496;26;24.758;14.132;10.626;%71.0
2025-10-19 14:00:00;1,76;1,88;1,59;293;495;26;24.818;14.123;10.694;%71.0
2025-10-19 15:00:00;1,74;1,86;1,59;292;495;26;24.730;14.016;10.713;%71.0
2025-10-19 16:00:00;1,58;1,7;1,43;294;496;26;24.681;14.097;10.584;%71.0
2025-10-19 17:00:00;1,61;1,72;1,47;295;496;26;24.796;14.202;10.594;%71.0
2025-10-19 18:00:00;1,56;1,66;1,43;296;496;26;24.982;14.353;10.629;%71.0
2025-10-19 19:00:00;1,64;1,73;1,51;294;496;27;24.845;14.175;10.671;%71.0
2025-10-19 20:00:00;1,61;1,71;1,47;293;496;27;24.753;14.085;10.668;%71.0
2025-10-19 21:00:00;1,66;1,79;1,49;292;495;26;24.618;13.950;10.668;%70.0
2025-10-19 22:00:00;1,66;1,78;1,5;294;495;26;24.457;13.947;10.510;%71.0
2025-10-19 23:00:00;1,63;1,75;1,47;293;495;26;24.467;13.941;10.526;%71.0
2025-10-20 00:00:00;1,59;1,71;1,42;293;495;25;24.618;14.075;10.543;%71.0
2025-10-20 01:00:00;1,72;1,81;1,6;293;495;25;24.647;14.062;10.586;%71.0
2025-10-20 02:00:00;1,55;1,66;1,4;296;496;24;24.933;14.334;10.599;%71.0
2025-10-20 03:00:00;1,71;1,72;1,7;294;492;25;25.168;14.505;10.663;%72.0
2025-10-20 04:00:00;1,71;1,63;1,82;298;496;25;24.940;14.443;10.496;%71.0
2025-10-20 05:00:00;1,59;1,66;1,5;297;496;25;24.931;14.400;10.531;%70.0
2025-10-20 06:00:00;1,47;1,59;1,31;296;496;24;24.908;14.366;10.542;%69.0
2025-10-20 07:00:00;1,5;1,62;1,33;295;495;24;24.865;14.275;10.590;%66.0
2025-10-20 08:00:00;1,62;1,74;1,46;293;495;26;24.765;14.102;10.664;%69.0
2025-10-20 09:00:00;1,69;1,79;1,55;293;495;27;24.776;14.040;10.736;%71.0
2025-10-20 10:00:00;1,68;1,79;1,53;293;495;26;24.601;13.996;10.605;%70.0
2025-10-20 11:00:00;1,75;1,85;1,61;293;495;28;24.676;13.987;10.688;%71.0
2025-10-20 12:00:00;1,78;1,88;1,65;292;495;29;24.663;13.944;10.720;%71.0
2025-10-20 13:00:00;1,82;1,91;1,71;292;495;30;24.653;13.883;10.770;%72.0
2025-10-20 14:00:00;1,9;1,98;1,8;290;494;32;24.646;13.789;10.857;%72.0
2025-10-20 15:00:00;1,77;1,89;1,61;290;494;28;24.650;13.865;10.786;%71.0
2025-10-20 16:00:00;1,95;2,06;1,8;290;494;28;24.338;13.686;10.652;%71.0
2025-10-20 17:00:00;2,02;2,11;1,9;290;494;29;24.452;13.697;10.755;%71.0
2025-10-20 18:00:00;2,04;2,11;1,95;291;494;31;24.616;13.811;10.805;%72.0
2025-10-20 19:00:00;2,06;2,13;1,98;291;495;30;24.571;13.803;10.768;%71.0
2025-10-20 20:00:00;1,93;2,06;1,75;291;495;27;24.516;13.807;10.709;%71.0
2025-10-20 21:00:00;1,83;1,96;1,66;290;495;27;24.456;13.744;10.712;%70.0
2025-10-20 22:00:00;1,8;1,94;1,63;290;494;26;24.294;13.709;10.585;%70.0
2025-10-20 23:00:00;1,83;1,98;1,64;290;494;26;24.323;13.726;10.596;%70.0
2025-10-21 00:00:00;1,78;1,92;1,6;291;494;26;24.486;13.904;10.582;%70.0
2025-10-21 01:00:00;1,85;1,97;1,7;291;495;26;24.459;13.806;10.654;%70.0
2025-10-21 02:00:00;1,81;1,92;1,68;292;495;27;24.603;13.939;10.664;%70.0
2025-10-21 03:00:00;2,08;2,05;2,13;290;490;29;24.719;14.006;10.713;%71.0
2025-10-21 04:00:00;1,9;1,76;2,08;297;495;27;24.824;14.285;10.540;%71.0
2025-10-21 05:00:00;1,62;1,66;1,57;298;496;28;24.970;14.427;10.543;%72.0
2025-10-21 06:00:00;1,55;1,67;1,38;298;497;26;24.891;14.386;10.504;%68.0
2025-10-21 07:00:00;1,57;1,67;1,42;297;496;26;24.913;14.369;10.543;%71.0
2025-10-21 08:00:00;1,6;1,74;1,42;295;496;27;24.792;14.165;10.627;%68.0
2025-10-21 09:00:00;1,52;1,64;1,37;295;496;28;24.923;14.240;10.684;%68.0
2025-10-21 10:00:00;1,76;1,84;1,64;295;495;30;24.783;14.136;10.647;%72.0
2025-10-21 11:00:00;1,62;1,74;1,44;294;493;27;24.940;14.298;10.642;%70.0
2025-10-21 12:00:00;1,61;1,73;1,45;295;496;27;24.962;14.272;10.690;%70.0
2025-10-21 13:00:00;1,64;1,77;1,47;294;495;27;24.913;14.178;10.736;%70.0
2025-10-21 14:00:00;1,78;1,85;1,68;294;496;29;24.920;14.144;10.776;%72.0
2025-10-21 15:00:00;1,83;1,9;1,73;294;495;30;24.956;14.162;10.794;%72.0
2025-10-21 16:00:00;1,94;1,96;1,92;295;495;33;24.845;14.088;10.758;%73.0
2025-10-21 17:00:00;1,87;1,92;1,8;294;495;31;24.801;14.036;10.765;%72.0
2025-10-21 18:00:00;1,77;1,84;1,67;292;493;29;24.865;14.096;10.769;%72.0
2025-10-21 19:00:00;3,07;2,14;4,25;290;492;32;24.761;13.898;10.863;%72.0
2025-10-21 20:00:00;1,79;1,88;1,68;294;496;28;24.837;14.137;10.700;%71.0
2025-10-21 21:00:00;1,72;1,8;1,61;296;496;29;24.993;14.314;10.680;%71.0
2025-10-21 22:00:00;1,63;1,71;1,51;298;497;28;24.950;14.415;10.536;%70.0
2025-10-21 23:00:00;1,81;1,89;1,7;294;484;28;25.364;14.788;10.576;%74.0
2025-10-22 00:00:00;2,81;2,01;3,85;294;494;30;24.732;14.092;10.640;%71.0
2025-10-22 01:00:00;4,41;3,31;5,73;239;416;28;28.180;15.338;12.842;%74.0
2025-10-22 02:00:00;1,89;1,97;1,79;291;492;27;24.837;14.116;10.720;%71.0
2025-10-22 03:00:00;2,04;1,99;2,11;291;484;27;24.978;14.389;10.588;%71.0
2025-10-22 04:00:00;2,08;1,95;2,26;295;493;26;24.535;14.125;10.410;%70.0
2025-10-22 05:00:00;1,91;1,99;1,81;295;494;28;24.546;14.080;10.466;%71.0
2025-10-22 06:00:00;1,77;1,84;1,68;297;495;27;24.769;14.319;10.450;%71.0
2025-10-22 07:00:00;1,7;1,78;1,6;297;494;26;24.935;14.436;10.498;%71.0
2025-10-22 08:00:00;1,74;1,8;1,65;296;495;28;24.944;14.343;10.602;%70.0
2025-10-22 09:00:00;1,87;1,93;1,8;295;495;29;24.768;14.128;10.640;%71.0
2025-10-22 10:00:00;1,84;1,91;1,74;296;494;30;24.730;14.163;10.567;%72.0
2025-10-22 11:00:00;1,79;1,9;1,64;295;494;28;24.634;14.094;10.540;%71.0
2025-10-22 12:00:00;1,86;1,96;1,72;293;494;28;24.548;13.973;10.576;%71.0
2025-10-22 13:00:00;1,85;1,95;1,72;293;494;28;24.636;13.997;10.639;%71.0
2025-10-22 14:00:00;1,91;2,01;1,78;292;494;29;24.572;13.904;10.668;%71.0
2025-10-22 15:00:00;1,97;2,04;1,89;292;493;31;24.636;13.907;10.728;%71.0
2025-10-22 16:00:00;1,9;2,02;1,74;293;494;29;24.498;13.910;10.589;%71.0
2025-10-22 17:00:00;1,96;2,06;1,84;293;494;32;24.510;13.841;10.669;%72.0
2025-10-22 18:00:00;1,91;2;1,8;293;494;31;24.542;13.889;10.653;%72.0
2025-10-22 19:00:00;1,94;2,01;1,84;292;494;30;24.512;13.836;10.675;%72.0
2025-10-22 20:00:00;1,93;2,01;1,83;292;494;29;24.519;13.863;10.656;%71.0
2025-10-22 21:00:00;1,88;2;1,72;292;494;29;24.526;13.876;10.650;%71.0
2025-10-22 22:00:00;1,85;1,96;1,7;294;494;28;24.427;13.926;10.501;%71.0
2025-10-22 23:00:00;1,89;2;1,73;294;493;27;24.497;13.991;10.506;%71.0
2025-10-23 00:00:00;2,04;2,16;1,89;282;471;28;25.342;14.507;10.835;%72.0
2025-10-23 01:00:00;1,9;1,96;1,83;294;494;27;24.575;14.066;10.509;%71.0
2025-10-23 02:00:00;1,87;1,92;1,8;295;494;26;24.640;14.150;10.490;%71.0
2025-10-23 03:00:00;2,06;2,03;2,1;290;484;27;24.847;14.307;10.540;%71.0
2025-10-23 04:00:00;1,98;1,87;2,14;297;495;26;24.550;14.205;10.344;%71.0
2025-10-23 05:00:00;1,85;1,9;1,78;297;493;27;24.669;14.277;10.392;%71.0
2025-10-23 06:00:00;1,72;1,81;1,6;296;495;26;24.582;14.173;10.409;%71.0
2025-10-23 07:00:00;1,8;1,9;1,67;292;491;26;24.578;14.036;10.543;%71.0
2025-10-23 08:00:00;1,91;1,99;1,79;291;493;27;24.487;13.883;10.603;%71.0
2025-10-23 09:00:00;1,93;2;1,83;292;494;29;24.552;13.902;10.650;%71.0
2025-10-23 10:00:00;1,76;1,87;1,62;295;495;27;24.574;14.091;10.483;%70.0
2025-10-23 11:00:00;1,84;1,92;1,73;294;495;27;24.550;14.028;10.522;%71.0
2025-10-23 12:00:00;1,89;1,99;1,75;292;494;28;24.407;13.840;10.567;%71.0
2025-10-23 13:00:00;1,92;2,03;1,77;291;494;28;24.393;13.771;10.622;%71.0
2025-10-23 14:00:00;2,04;2,1;1,96;291;494;31;24.591;13.853;10.738;%72.0
2025-10-23 15:00:00;2,05;2,12;1,98;291;493;32;24.595;13.824;10.771;%72.0
2025-10-23 16:00:00;2,1;2,17;2,01;292;494;32;24.402;13.754;10.649;%72.0
2025-10-23 17:00:00;3,09;2,55;3,77;287;490;34;24.376;13.544;10.831;%73.0
2025-10-23 18:00:00;2,18;2,27;2,07;289;493;32;24.222;13.507;10.715;%72.0
2025-10-23 19:00:00;2,23;2,3;2,14;288;493;30;24.144;13.448;10.696;%71.0
2025-10-23 20:00:00;1,97;2,08;1,83;291;494;28;24.368;13.711;10.657;%71.0
2025-10-23 21:00:00;1,87;2;1,71;292;495;27;24.484;13.866;10.618;%71.0
2025-10-23 22:00:00;1,91;2,02;1,76;293;495;27;24.361;13.845;10.516;%71.0
2025-10-23 23:00:00;1,92;2,04;1,76;292;493;27;24.473;13.927;10.546;%71.0
2025-10-24 00:00:00;1,85;1,95;1,72;293;494;26;24.488;13.984;10.504;%71.0
2025-10-24 01:00:00;1,99;2,03;1,93;291;493;26;24.414;13.840;10.574;%71.0
2025-10-24 02:00:00;1,82;1,94;1,66;292;494;25;24.412;13.886;10.526;%70.0
2025-10-24 03:00:00;2;1,95;2,05;290;485;27;24.863;14.293;10.569;%71.0
2025-10-24 04:00:00;1,98;1,87;2,12;296;494;26;24.649;14.208;10.441;%71.0
2025-10-24 05:00:00;1,81;1,88;1,73;297;495;27;24.729;14.260;10.469;%71.0
2025-10-24 06:00:00;1,72;1,8;1,59;296;495;25;24.720;14.267;10.452;%70.0
2025-10-24 07:00:00;1,76;1,87;1,62;295;494;25;24.649;14.170;10.479;%70.0
2025-10-24 08:00:00;1,78;1,89;1,64;294;494;26;24.675;14.115;10.561;%70.0
2025-10-24 09:00:00;1,87;1,98;1,73;292;494;27;24.504;13.889;10.616;%71.0
2025-10-24 10:00:00;2,05;2,1;1,99;293;494;31;24.349;13.764;10.585;%72.0
2025-10-24 11:00:00;1,94;2,07;1,78;292;494;28;24.296;13.770;10.526;%70.0
2025-10-24 12:00:00;1,93;2,04;1,79;292;494;28;24.397;13.825;10.572;%71.0
2025-10-24 13:00:00;1,86;1,95;1,74;294;495;28;24.678;14.058;10.619;%71.0
2025-10-24 14:00:00;1,92;2,03;1,79;293;495;28;24.597;13.954;10.643;%71.0
2025-10-24 15:00:00;1,91;2,01;1,79;292;494;29;24.576;13.892;10.684;%71.0
2025-10-24 16:00:00;1,89;1,99;1,76;292;493;29;24.461;13.883;10.578;%71.0
2025-10-24 17:00:00;2,06;2,14;1,95;292;494;31;24.371;13.740;10.631;%72.0
2025-10-24 18:00:00;1,95;2,05;1,82;292;495;28;24.481;13.860;10.621;%71.0
2025-10-24 19:00:00;1,89;2;1,75;293;495;28;24.569;13.961;10.608;%71.0
2025-10-24 20:00:00;1,83;1,94;1,69;293;495;28;24.582;13.959;10.623;%70.0
2025-10-24 21:00:00;1,93;2,04;1,78;291;494;28;24.465;13.825;10.640;%71.0
2025-10-24 22:00:00;1,83;1,93;1,69;293;495;27;24.387;13.881;10.506;%71.0
2025-10-24 23:00:00;1,88;2,01;1,72;292;493;27;24.381;13.875;10.506;%71.0
2025-10-25 00:00:00;1,79;1,86;1,7;295;494;27;24.629;14.125;10.504;%71.0
2025-10-25 01:00:00;1,8;1,83;1,75;296;494;27;24.809;14.272;10.538;%71.0
2025-10-25 02:00:00;1,73;1,82;1,6;297;495;26;24.838;14.331;10.507;%71.0
2025-10-25 03:00:00;1,99;1,94;2,05;292;485;27;25.137;14.527;10.610;%71.0
2025-10-25 04:00:00;2,06;1,93;2,22;295;494;26;24.559;14.127;10.432;%71.0
2025-10-25 05:00:00;1,91;1,97;1,83;290;479;26;25.090;14.604;10.485;%73.0
2025-10-25 06:00:00;1,85;1,96;1,71;293;494;26;24.364;13.914;10.450;%71.0
2025-10-25 07:00:00;1,82;1,95;1,65;292;493;26;24.385;13.888;10.497;%71.0
2025-10-25 08:00:00;1,93;1,98;1,85;292;494;28;24.423;13.843;10.579;%71.0
2025-10-25 09:00:00;1,93;1,99;1,85;292;494;28;24.468;13.840;10.628;%71.0
2025-10-25 10:00:00;1,86;1,94;1,74;294;495;28;24.454;13.947;10.507;%71.0
2025-10-25 11:00:00;1,81;1,88;1,72;295;495;28;24.685;14.128;10.557;%71.0
2025-10-25 12:00:00;1,79;1,88;1,67;295;495;27;24.724;14.155;10.569;%71.0
2025-10-25 13:00:00;1,83;1,94;1,7;293;495;27;24.633;14.009;10.623;%71.0
2025-10-25 14:00:00;2;2,09;1,88;290;494;28;24.369;13.696;10.673;%71.0
2025-10-25 15:00:00;2,09;2,19;1,96;288;492;29;24.283;13.554;10.729;%71.0
2025-10-25 16:00:00;2,08;2,2;1,92;289;494;30;24.072;13.452;10.620;%71.0
2025-10-25 17:00:00;2,04;2,16;1,89;289;493;29;24.082;13.479;10.603;%70.0
2025-10-25 18:00:00;2,03;2,14;1,89;288;493;28;24.110;13.491;10.619;%70.0
2025-10-25 19:00:00;2,08;2,18;1,95;288;492;28;24.148;13.514;10.634;%70.0
2025-10-25 20:00:00;2,01;2,1;1,89;289;494;28;24.248;13.614;10.634;%71.0
2025-10-25 21:00:00;1,96;2,04;1,85;291;494;28;24.479;13.815;10.664;%71.0
2025-10-25 22:00:00;1,89;1,97;1,8;295;495;27;24.527;14.017;10.511;%71.0
2025-10-25 23:00:00;1,86;1,97;1,71;294;495;27;24.601;14.066;10.535;%71.0
2025-10-26 00:00:00;1,91;2,01;1,78;292;493;27;24.472;13.916;10.555;%71.0
2025-10-26 01:00:00;2,03;2,07;1,98;290;493;27;24.265;13.700;10.565;%71.0
2025-10-26 02:00:00;1,93;2,04;1,8;290;494;25;24.186;13.662;10.524;%70.0
2025-10-26 03:00:00;1,93;2,07;1,75;286;483;25;24.442;13.898;10.545;%70.0
2025-10-26 04:00:00;2,05;1,94;2,21;293;494;25;24.257;13.862;10.395;%71.0
2025-10-26 05:00:00;1,97;2,05;1,87;293;494;26;24.261;13.824;10.437;%71.0
2025-10-26 06:00:00;1,8;1,9;1,68;295;494;25;24.480;14.060;10.420;%71.0
2025-10-26 07:00:00;2,06;2,1;2,02;292;493;26;24.404;13.900;10.504;%71.0
2025-10-26 08:00:00;2,75;2,4;3,21;290;493;26;24.172;13.656;10.516;%70.0
2025-10-26 09:00:00;2,84;2,45;3,34;289;493;27;24.073;13.521;10.552;%70.0
2025-10-26 10:00:00;3,13;2,63;3,76;288;493;28;23.790;13.317;10.474;%70.0
2025-10-26 11:00:00;2,96;2,59;3,42;287;493;28;23.789;13.246;10.543;%70.0
2025-10-26 12:00:00;2,59;2,47;2,73;287;492;28;23.878;13.305;10.574;%70.0
2025-10-26 13:00:00;2,41;2,37;2,45;288;493;28;24.006;13.400;10.605;%70.0
2025-10-26 14:00:00;2,32;2,38;2,25;288;493;27;24.106;13.474;10.632;%70.0
2025-10-26 15:00:00;2,32;2,36;2,26;288;493;28;24.183;13.540;10.642;%70.0
2025-10-26 16:00:00;2,41;2,47;2,34;286;487;28;24.097;13.522;10.575;%70.0
2025-10-26 17:00:00;2,39;2,45;2,31;287;493;28;23.852;13.304;10.549;%70.0
2025-10-26 18:00:00;2,37;2,44;2,29;287;493;28;23.851;13.275;10.576;%70.0
2025-10-26 19:00:00;2,46;2,5;2,41;285;492;28;23.802;13.193;10.609;%70.0
2025-10-26 20:00:00;2,41;2,42;2,39;287;493;28;23.945;13.327;10.618;%70.0
2025-10-26 21:00:00;2,63;2,65;2,6;284;492;28;23.716;13.086;10.630;%70.0
2025-10-26 22:00:00;3,08;2,76;3,47;285;492;30;23.600;13.038;10.562;%71.0
2025-10-26 23:00:00;2,44;2,4;2,48;289;493;28;24.014;13.456;10.558;%71.0
2025-10-27 00:00:00;2,68;2,47;2,95;288;492;27;23.979;13.460;10.519;%70.0
2025-10-27 01:00:00;2,56;2,46;2,69;287;492;27;23.912;13.364;10.548;%70.0
2025-10-27 02:00:00;2,3;2,32;2,27;288;494;26;23.980;13.434;10.545;%70.0
2025-10-27 03:00:00;2,91;2,57;3,33;282;482;28;24.142;13.510;10.632;%71.0
2025-10-27 04:00:00;3,25;2,61;4,05;286;491;27;23.675;13.193;10.482;%70.0
2025-10-27 05:00:00;2,63;2,49;2,81;288;492;29;23.881;13.371;10.510;%71.0
2025-10-27 06:00:00;2,16;2,21;2,1;289;492;24;24.064;13.628;10.436;%69.0
2025-10-27 07:00:00;2,27;2,29;2,24;289;492;27;24.113;13.580;10.533;%70.0
2025-10-27 08:00:00;2,25;2,31;2,18;289;493;27;24.137;13.564;10.573;%70.0
2025-10-27 09:00:00;2,43;2,43;2,44;287;493;29;24.041;13.389;10.652;%71.0
2025-10-27 10:00:00;2,34;2,37;2,32;288;492;27;24.009;13.442;10.567;%70.0
2025-10-27 11:00:00;2,47;2,42;2,52;286;493;28;24.010;13.337;10.672;%71.0
2025-10-27 12:00:00;2,34;2,39;2,27;286;493;28;23.972;13.324;10.648;%70.0
2025-10-27 13:00:00;2,42;2,47;2,36;284;492;28;23.899;13.216;10.683;%70.0
2025-10-27 14:00:00;2,72;2,64;2,81;282;491;29;23.792;13.044;10.748;%71.0
2025-10-27 15:00:00;4,12;3,77;4,5;267;485;31;22.432;11.636;10.796;%71.0
2025-10-27 16:00:00;3,49;3,06;3,99;278;490;32;23.098;12.417;10.681;%72.0
2025-10-27 17:00:00;3,31;3,23;3,39;274;488;29;22.819;12.161;10.658;%71.0
2025-10-27 18:00:00;3,45;3,25;3,68;274;488;30;22.974;12.247;10.726;%71.0
2025-10-27 19:00:00;2,36;2,41;2,3;285;492;28;23.972;13.287;10.685;%70.0
2025-10-27 20:00:00;2,3;2,37;2,2;286;492;27;24.015;13.351;10.664;%70.0
2025-10-27 21:00:00;2,9;2,86;2,94;279;491;27;23.322;12.651;10.671;%70.0
2025-10-27 22:00:00;2,41;2,46;2,34;286;493;26;23.738;13.199;10.539;%70.0
2025-10-27 23:00:00;2,28;2,35;2,18;287;492;26;24.001;13.432;10.569;%70.0
2025-10-28 00:00:00;2,3;2,36;2,21;286;492;26;23.921;13.367;10.554;%70.0
2025-10-28 01:00:00;2,45;2,39;2,53;285;492;26;23.808;13.257;10.550;%70.0
2025-10-28 02:00:00;2,5;2,51;2,49;284;491;25;23.665;13.131;10.534;%70.0
2025-10-28 03:00:00;3,36;2,87;3,96;278;480;26;23.766;13.180;10.586;%70.0
2025-10-28 04:00:00;2,71;2,29;3,26;290;493;25;23.998;13.583;10.415;%70.0
2025-10-28 05:00:00;2,57;2,39;2,81;289;493;26;23.946;13.508;10.438;%70.0
2025-10-28 06:00:00;2,15;2,21;2,08;290;494;24;24.069;13.630;10.439;%70.0
2025-10-28 07:00:00;2,12;2,21;2,01;289;493;25;24.077;13.578;10.499;%70.0
2025-10-28 08:00:00;2,2;2,27;2,11;287;493;26;23.994;13.418;10.576;%70.0
2025-10-28 09:00:00;2,28;2,36;2,19;286;493;26;23.943;13.318;10.625;%70.0
2025-10-28 10:00:00;3,6;2,75;4,65;285;492;29;23.675;13.090;10.586;%71.0
2025-10-28 11:00:00;2,74;2,65;2,85;283;492;28;23.595;12.971;10.624;%70.0
2025-10-28 12:00:00;3,62;3,4;3,87;273;488;29;22.733;12.061;10.672;%71.0
2025-10-28 13:00:00;2,68;2,67;2,69;283;491;29;23.740;13.023;10.717;%71.0
2025-10-28 14:00:00;3,64;3,45;3,84;271;487;28;22.742;12.023;10.719;%70.0
2025-10-28 15:00:00;3,28;3,1;3,48;276;488;28;23.201;12.465;10.736;%71.0
2025-10-28 16:00:00;3,98;3,14;4,97;279;490;30;23.232;12.591;10.641;%71.0
2025-10-28 17:00:00;4,64;3,89;5,47;268;486;29;22.263;11.632;10.630;%70.0
2025-10-28 18:00:00;3,43;2,85;4,13;282;491;29;23.568;12.917;10.651;%71.0
2025-10-28 19:00:00;3,16;2,91;3,45;280;490;29;23.427;12.755;10.672;%71.0
2025-10-28 20:00:00;2,56;2,49;2,65;287;492;28;24.038;13.372;10.666;%71.0
2025-10-28 21:00:00;2,56;2,46;2,7;286;493;28;24.042;13.353;10.689;%71.0
2025-10-28 22:00:00;2,48;2,44;2,52;288;493;28;23.948;13.396;10.552;%71.0
2025-10-28 23:00:00;3,41;3,14;3,75;277;484;28;23.334;12.764;10.570;%71.0
2025-10-29 00:00:00;2,55;2,47;2,65;286;491;27;23.909;13.344;10.564;%71.0
2025-10-29 01:00:00;2,61;2,47;2,79;286;491;27;23.967;13.385;10.582;%71.0
2025-10-29 02:00:00;2,42;2,37;2,48;288;493;27;24.026;13.448;10.577;%71.0
2025-10-29 03:00:00;3,44;2,72;4,37;282;482;27;24.151;13.530;10.621;%71.0
2025-10-29 04:00:00;4,25;3,11;5,64;281;490;26;23.147;12.721;10.426;%70.0
2025-10-29 05:00:00;3,68;2,75;4,85;288;493;27;23.701;13.265;10.436;%71.0
2025-10-29 06:00:00;3,5;2,64;4,6;289;493;26;23.819;13.387;10.432;%70.0
2025-10-29 07:00:00;2,4;2,3;2,53;290;493;26;24.052;13.577;10.475;%70.0
2025-10-29 08:00:00;2,49;2,36;2,66;290;494;26;24.107;13.589;10.518;%70.0
2025-10-29 09:00:00;3,27;2,65;4,05;287;493;27;23.860;13.298;10.562;%70.0
2025-10-29 10:00:00;3,89;3,18;4,75;280;490;27;23.065;12.585;10.480;%70.0
2025-10-29 11:00:00;3,54;2,92;4,29;283;492;28;23.482;12.930;10.552;%71.0
2025-10-29 12:00:00;3,52;2,83;4,37;283;492;29;23.536;12.938;10.598;%71.0
2025-10-29 13:00:00;4,26;3,41;5,23;274;489;28;22.798;12.170;10.627;%70.0
2025-10-29 14:00:00;3,76;3,23;4,38;276;490;29;23.020;12.336;10.684;%70.0
2025-10-29 15:00:00;4,06;3,09;5,2;278;490;29;23.296;12.596;10.700;%71.0
2025-10-29 16:00:00;5,63;4,15;7,23;267;486;29;22.001;11.450;10.552;%70.0
2025-10-29 17:00:00;4,69;3,4;6,18;277;490;30;22.829;12.257;10.572;%71.0
2025-10-29 18:00:00;4,68;3,47;6,07;274;489;29;22.672;12.091;10.581;%71.0
2025-10-29 19:00:00;4,47;3,3;5,85;278;490;30;23.071;12.450;10.621;%71.0
2025-10-29 20:00:00;3,03;2,65;3,5;286;493;29;23.797;13.181;10.615;%71.0
2025-10-29 21:00:00;4,32;3,38;5,41;277;490;29;22.995;12.367;10.628;%71.0
2025-10-29 22:00:00;3,33;2,82;3,97;284;492;28;23.477;12.957;10.520;%71.0
2025-10-29 23:00:00;3,32;2,79;3,97;283;490;28;23.527;12.992;10.535;%71.0
2025-10-30 00:00:00;3,54;2,85;4,38;283;490;28;23.385;12.884;10.501;%70.0
2025-10-30 01:00:00;4,33;3,3;5,54;276;489;28;22.832;12.314;10.518;%70.0
2025-10-30 02:00:00;3,48;3,05;4;280;490;26;23.096;12.603;10.493;%70.0
2025-10-30 03:00:00;4,34;3,05;5,94;280;481;28;23.766;13.211;10.555;%71.0
2025-10-30 04:00:00;3,63;2,72;4,78;287;492;26;23.642;13.228;10.415;%70.0
2025-10-30 05:00:00;3,64;2,75;4,77;287;492;27;23.691;13.275;10.416;%71.0
2025-10-30 06:00:00;3,53;2,75;4,52;287;492;26;23.616;13.191;10.425;%71.0
2025-10-30 07:00:00;4,58;3,43;5,93;277;489;27;22.863;12.379;10.483;%70.0
2025-10-30 08:00:00;2,98;2,62;3,44;286;493;28;23.781;13.209;10.572;%70.0
2025-10-30 09:00:00;3,08;2,61;3,68;287;493;28;23.870;13.266;10.605;%70.0
2025-10-30 10:00:00;2,71;2,67;2,76;284;492;27;23.443;12.953;10.490;%70.0
2025-10-30 11:00:00;3,24;3;3,53;280;491;27;23.110;12.577;10.533;%70.0
2025-10-30 12:00:00;2,58;2,53;2,64;285;492;28;23.700;13.096;10.604;%70.0
2025-10-30 13:00:00;3,3;3,05;3,6;277;490;28;23.071;12.422;10.649;%70.0
2025-10-30 14:00:00;4,51;3,65;5,47;270;488;30;22.584;11.864;10.720;%71.0
2025-10-30 15:00:00;3,82;3,13;4,63;278;490;31;23.336;12.576;10.760;%72.0
2025-10-30 16:00:00;6,3;4,54;8,12;262;484;31;21.646;11.020;10.627;%70.0
2025-10-30 17:00:00;3,64;3,08;4,29;279;491;30;23.173;12.542;10.631;%71.0
2025-10-30 18:00:00;5;3,99;6,09;266;486;30;22.103;11.458;10.645;%70.0
2025-10-30 19:00:00;5,2;3,68;6,9;272;488;30;22.581;11.925;10.656;%71.0
2025-10-30 20:00:00;4,02;3,28;4,88;275;489;29;22.835;12.175;10.660;%71.0
2025-10-30 21:00:00;2,7;2,63;2,78;283;492;28;23.622;12.987;10.635;%70.0
2025-10-30 22:00:00;2,35;2,4;2,29;287;493;27;23.719;13.230;10.489;%70.0
2025-10-30 23:00:00;2,33;2,39;2,25;287;493;26;23.797;13.295;10.502;%70.0
2025-10-31 00:00:00;2,89;2,73;3,09;283;490;26;23.474;12.981;10.493;%70.0
2025-10-31 01:00:00;3,58;2,92;4,38;281;490;27;23.356;12.819;10.537;%70.0
2025-10-31 02:00:00;2,81;2,52;3,17;287;493;28;23.915;13.294;10.621;%71.0
2025-10-31 03:00:00;5,05;3,17;7,39;279;481;29;23.894;13.250;10.643;%71.0
2025-10-31 04:00:00;5,36;3,56;7,5;277;488;27;23.005;12.493;10.512;%70.0
2025-10-31 05:00:00;4,36;3,18;5,8;281;491;28;23.242;12.748;10.495;%71.0
2025-10-31 06:00:00;4,32;2,98;5,96;284;492;27;23.370;12.902;10.468;%70.0
2025-10-31 07:00:00;4,49;2,97;6,36;284;491;28;23.515;12.990;10.525;%71.0
2025-10-31 08:00:00;3,23;2,73;3,85;284;492;27;23.622;13.056;10.565;%70.0
2025-10-31 09:00:00;3,6;3;4,31;280;491;28;23.216;12.620;10.596;%70.0
2025-10-31 10:00:00;2,43;2,44;2,42;287;493;27;23.729;13.232;10.497;%70.0
2025-10-31 11:00:00;3,39;3,09;3,75;277;490;28;23.008;12.437;10.571;%70.0
2025-10-31 12:00:00;3,2;3,08;3,34;277;490;28;23.033;12.428;10.604;%70.0
2025-10-31 13:00:00;2,82;2,79;2,85;281;491;28;23.443;12.799;10.644;%71.0
2025-10-31 14:00:00;4,26;3,98;4,56;263;485;29;21.955;11.288;10.668;%70.0
2025-10-31 15:00:00;6,19;4,14;8,38;266;486;32;22.251;11.489;10.762;%71.0
2025-10-31 16:00:00;3,68;3,24;4,18;276;489;30;22.855;12.235;10.620;%71.0
2025-10-31 17:00:00;3,82;3,57;4,09;270;487;29;22.377;11.771;10.606;%70.0
2025-10-31 18:00:00;3,08;2,97;3,2;279;491;31;23.206;12.535;10.671;%72.0
2025-10-31 19:00:00;3,94;3,68;4,23;268;487;29;22.298;11.655;10.643;%70.0
2025-10-31 20:00:00;3;2,98;3,02;278;490;27;23.116;12.494;10.622;%70.0
2025-10-31 21:00:00;2,95;2,9;3,01;279;491;28;23.313;12.623;10.690;%71.0
2025-10-31 22:00:00;3,5;3,39;3,62;274;489;27;22.593;12.071;10.522;%70.0
2025-10-31 23:00:00;2,61;2,65;2,56;283;489;27;23.652;13.123;10.528;%71.0
2025-11-01 00:00:00;3,37;3,22;3,54;275;488;27;22.827;12.295;10.532;%70.0
2025-11-01 01:00:00;4,7;3,61;5,94;272;487;28;22.564;11.997;10.568;%71.0
2025-11-01 02:00:00;2,4;2,4;2,4;287;493;27;23.889;13.332;10.557;%71.0
2025-11-01 03:00:00;2,79;2,45;3,23;284;483;27;24.283;13.699;10.584;%71.0
2025-11-01 04:00:00;2,94;2,43;3,59;289;493;26;23.938;13.507;10.431;%70.0
2025-11-01 05:00:00;3,35;2,61;4,3;288;488;27;24.158;13.671;10.487;%72.0
2025-11-01 06:00:00;2,73;2,44;3,09;288;493;25;23.830;13.372;10.458;%70.0
2025-11-01 07:00:00;3,07;2,75;3,47;283;491;26;23.525;13.030;10.496;%70.0
2025-11-01 08:00:00;3,25;2,94;3,62;281;491;26;23.268;12.741;10.528;%70.0
2025-11-01 09:00:00;2,72;2,5;2,99;287;493;26;23.902;13.333;10.569;%70.0
2025-11-01 10:00:00;3,75;3,12;4,5;279;490;27;23.047;12.561;10.486;%70.0
2025-11-01 11:00:00;3,99;3,47;4,59;273;488;27;22.582;12.041;10.540;%70.0
2025-11-01 12:00:00;3,29;2,8;3,88;284;492;28;23.550;12.968;10.582;%71.0
2025-11-01 13:00:00;3,13;2,88;3,43;281;491;28;23.379;12.758;10.621;%70.0
2025-11-01 14:00:00;3,05;2,9;3,24;280;491;28;23.359;12.704;10.655;%70.0
2025-11-01 15:00:00;3,15;2,81;3,56;281;490;29;23.607;12.906;10.701;%71.0
2025-11-01 16:00:00;3,55;3,44;3,69;273;488;28;22.532;11.987;10.545;%70.0
2025-11-01 17:00:00;3,59;3,09;4,19;279;490;29;23.175;12.565;10.611;%71.0
2025-11-01 18:00:00;4,3;3,34;5,42;276;489;29;22.849;12.236;10.613;%71.0
2025-11-01 19:00:00;4,52;3,64;5,51;271;487;29;22.555;11.925;10.630;%71.0
2025-11-01 20:00:00;3,65;3,09;4,3;278;490;28;23.157;12.527;10.630;%71.0
2025-11-01 21:00:00;5,21;3,98;6,54;266;486;28;22.112;11.472;10.640;%70.0
2025-11-01 22:00:00;2,54;2,52;2,55;287;493;28;23.709;13.196;10.513;%71.0
2025-11-01 23:00:00;2,84;2,76;2,93;284;492;28;23.485;12.960;10.525;%71.0
2025-11-02 00:00:00;3,18;3,04;3,34;279;490;27;23.056;12.576;10.481;%70.0
2025-11-02 01:00:00;2,58;2,51;2,67;286;492;27;23.820;13.289;10.531;%71.0
2025-11-02 02:00:00;2,98;2,64;3,4;287;493;26;23.766;13.251;10.514;%71.0
2025-11-02 03:00:00;3,25;2,86;3,74;279;481;26;23.723;13.177;10.546;%71.0
2025-11-02 04:00:00;4,78;3,49;6,31;274;484;26;22.945;12.427;10.518;%70.0
2025-11-02 05:00:00;3,68;2,8;4,79;286;492;27;23.601;13.170;10.432;%71.0
2025-11-02 06:00:00;2,37;2,32;2,42;288;493;26;23.792;13.374;10.418;%70.0
2025-11-02 07:00:00;2,47;2,35;2,63;287;492;26;23.845;13.362;10.483;%70.0
2025-11-02 08:00:00;2,77;2,51;3,1;287;493;26;23.839;13.309;10.530;%70.0
2025-11-02 09:00:00;3,15;2,63;3,81;286;493;27;23.807;13.250;10.557;%71.0
2025-11-02 10:00:00;4,01;3,24;4,93;279;490;27;22.916;12.480;10.436;%70.0
2025-11-02 11:00:00;4,26;3,11;5,66;283;492;28;23.285;12.787;10.498;%71.0
2025-11-02 12:00:00;5,8;3,44;8,62;281;491;30;23.228;12.653;10.575;%71.0
2025-11-02 13:00:00;3,89;3,55;4,27;271;488;27;22.384;11.838;10.546;%70.0
2025-11-02 14:00:00;4,01;3,31;4,82;276;489;31;23.008;12.324;10.684;%73.0
2025-11-02 15:00:00;3,86;3,28;4,51;276;488;31;23.001;12.288;10.713;%72.0
2025-11-02 16:00:00;3,91;3,5;4,38;274;488;31;22.626;12.029;10.597;%71.0
2025-11-02 17:00:00;2,93;2,77;3,13;284;492;31;23.575;12.948;10.627;%72.0
2025-11-02 18:00:00;4,99;3,46;6,75;275;489;31;22.795;12.149;10.645;%72.0
2025-11-02 19:00:00;3,21;3,07;3,37;278;490;29;23.100;12.470;10.630;%71.0
2025-11-02 20:00:00;2,52;2,56;2,48;284;493;27;23.743;13.122;10.621;%71.0
2025-11-02 21:00:00;3,68;3,44;3,96;272;489;27;22.654;12.027;10.627;%70.0
2025-11-02 22:00:00;3,6;3,06;4,25;281;491;29;23.174;12.627;10.548;%71.0
2025-11-02 23:00:00;2,81;2,68;2,98;284;492;27;23.518;12.984;10.534;%71.0
2025-11-03 00:00:00;2,94;2,87;3,04;281;490;27;23.337;12.807;10.530;%71.0
2025-11-03 01:00:00;2,71;2,43;3,08;287;492;27;23.946;13.375;10.571;%71.0
2025-11-03 02:00:00;2,29;2,3;2,28;287;494;26;23.900;13.373;10.527;%70.0
2025-11-03 03:00:00;3,25;2,65;4,02;281;482;26;23.998;13.427;10.570;%70.0
2025-11-03 04:00:00;3,39;2,63;4,35;286;492;26;23.626;13.184;10.442;%70.0
2025-11-03 05:00:00;3,7;3,12;4,41;281;490;27;23.160;12.690;10.470;%71.0
2025-11-03 06:00:00;3,01;2,76;3,32;284;492;26;23.486;13.007;10.479;%71.0
2025-11-03 07:00:00;2,61;2,48;2,76;286;492;26;23.850;13.310;10.541;%71.0
2025-11-03 08:00:00;3,52;2,95;4,21;281;491;28;23.454;12.816;10.637;%71.0
2025-11-03 09:00:00;4,89;3,53;6,45;275;489;30;22.990;12.297;10.693;%71.0
2025-11-03 10:00:00;2,72;2,59;2,88;285;492;27;23.722;13.166;10.556;%71.0
2025-11-03 11:00:00;3,81;3,61;4,03;270;487;28;22.421;11.815;10.606;%70.0
2025-11-03 12:00:00;;;;;;;;;;