Tuzla TZLTOCDELLOSS01;Latency;Read Latency;Write Latency;Avg. Size;Read Size;Write Size;Total IOPS;Read IOPS;Write IOPS;CPU Utilization
2025-10-04 11:29:11;;;;;;;;;;
2025-10-04 12:00:00;2,58;1,86;3,04;205;439;58;15.800;6.090;9.710;%61.0
2025-10-04 13:00:00;2,89;2;3,47;209;437;63;15.189;5.934;9.255;%67.0
2025-10-04 14:00:00;3,14;2,09;3,81;210;437;65;15.094;5.871;9.223;%68.0
2025-10-04 15:00:00;2,8;1,92;3,35;207;438;63;15.675;6.014;9.661;%62.0
2025-10-04 16:00:00;3,17;2,15;3,82;211;437;67;14.856;5.783;9.073;%70.0
2025-10-04 17:00:00;3,39;2,62;3,9;212;431;67;15.104;6.002;9.102;%70.0
2025-10-04 18:00:00;2,98;1,98;3,59;206;438;63;15.559;5.925;9.634;%62.0
2025-10-04 19:00:00;3,15;2,15;3,8;213;438;67;14.604;5.758;8.847;%72.0
2025-10-04 20:00:00;2,58;1,9;3,01;205;437;61;15.702;6.028;9.674;%63.0
2025-10-04 21:00:00;3,15;2,83;3,37;213;428;62;14.819;6.096;8.723;%74.0
2025-10-04 22:00:00;2,16;1,8;2,4;204;439;54;15.681;6.120;9.561;%65.0
2025-10-04 23:00:00;1,95;1,68;2,13;202;439;51;16.150;6.291;9.859;%58.0
2025-10-05 00:00:00;1,91;1,77;2;202;435;49;15.749;6.243;9.506;%65.0
2025-10-05 01:00:00;1,77;1,62;1,86;196;437;42;16.572;6.453;10.120;%58.0
2025-10-05 02:00:00;1,73;1,67;1,78;201;436;44;16.222;6.494;9.728;%63.0
2025-10-05 03:00:00;2,61;2,55;2,65;214;427;65;16.583;6.822;9.761;%70.0
2025-10-05 04:00:00;2,68;2,48;2,83;215;415;65;15.762;6.765;8.997;%75.0
2025-10-05 05:00:00;2,73;2,42;2,94;213;419;71;16.004;6.519;9.484;%69.0
2025-10-05 06:00:00;2,12;1,88;2,28;207;436;58;15.428;6.070;9.358;%70.0
2025-10-05 07:00:00;1,34;1,49;1,24;197;439;36;16.526;6.596;9.930;%56.0
2025-10-05 08:00:00;1,27;1,48;1,13;195;438;37;16.815;6.604;10.210;%54.0
2025-10-05 09:00:00;1,64;1,59;1,68;191;438;38;16.981;6.474;10.507;%59.0
2025-10-05 10:00:00;1,76;1,57;1,87;190;437;41;17.214;6.457;10.757;%57.0
2025-10-05 11:00:00;1,95;1,68;2,13;204;439;50;15.985;6.312;9.673;%61.0
2025-10-05 12:00:00;2,02;1,74;2,2;204;439;54;16.000;6.230;9.770;%61.0
2025-10-05 13:00:00;2,47;1,89;2,84;207;438;58;15.567;6.100;9.467;%65.0
2025-10-05 14:00:00;2,66;1,97;3,1;209;437;62;15.297;5.988;9.308;%68.0
2025-10-05 15:00:00;2,62;1,86;3,09;205;437;60;15.875;6.091;9.784;%62.0
2025-10-05 16:00:00;3,26;2,1;4,01;211;436;65;14.906;5.860;9.045;%70.0
2025-10-05 17:00:00;3;2,1;3,57;209;436;64;15.145;5.883;9.263;%69.0
2025-10-05 18:00:00;3,01;2,04;3,63;209;436;64;15.135;5.886;9.249;%69.0
2025-10-05 19:00:00;2,73;1,9;3,25;206;437;61;15.710;6.066;9.644;%64.0
2025-10-05 20:00:00;2,83;2,15;3,28;212;437;64;14.770;5.848;8.922;%72.0
2025-10-05 21:00:00;2,22;1,82;2,48;202;437;55;15.941;6.133;9.809;%62.0
2025-10-05 22:00:00;2,16;1,79;2,4;205;438;54;15.657;6.175;9.482;%65.0
2025-10-05 23:00:00;2,02;1,75;2,2;204;438;50;15.811;6.263;9.548;%65.0
2025-10-06 00:00:00;1,73;1,61;1,81;199;434;45;16.478;6.529;9.949;%58.0
2025-10-06 01:00:00;1,6;1,61;1,6;196;436;40;16.470;6.474;9.995;%61.0
2025-10-06 02:00:00;1,39;1,55;1,29;197;436;39;16.665;6.609;10.055;%58.0
2025-10-06 03:00:00;2,69;2,72;2,67;218;422;68;16.544;6.994;9.550;%69.0
2025-10-06 04:00:00;2,28;2,16;2,37;207;411;57;16.380;6.968;9.412;%70.0
2025-10-06 05:00:00;3,41;2,71;3,86;216;427;80;15.494;6.049;9.445;%71.0
2025-10-06 06:00:00;1,69;1,71;1,69;205;439;47;15.689;6.310;9.379;%66.0
2025-10-06 07:00:00;1,32;1,49;1,21;199;440;38;16.446;6.586;9.861;%56.0
2025-10-06 08:00:00;1,8;1,61;1,92;199;438;44;16.507;6.472;10.035;%57.0
2025-10-06 09:00:00;2,02;1,73;2,2;197;437;50;16.659;6.302;10.356;%62.0
2025-10-06 10:00:00;2,43;2,07;2,65;198;433;54;16.418;6.200;10.218;%66.0
2025-10-06 11:00:00;2,91;2,35;3,28;210;434;63;15.345;6.053;9.292;%67.0
2025-10-06 12:00:00;2,66;1,9;3,14;209;438;63;15.537;6.032;9.505;%65.0
2025-10-06 13:00:00;3,09;2,07;3,74;210;438;66;15.116;5.858;9.258;%68.0
2025-10-06 14:00:00;3,76;3,36;4,03;214;421;70;15.289;6.281;9.008;%70.0
2025-10-06 15:00:00;3,54;2,33;4,32;214;435;71;14.613;5.738;8.875;%73.0
2025-10-06 16:00:00;3,29;2,14;4,01;211;437;69;15.108;5.845;9.263;%68.0
2025-10-06 17:00:00;3,65;2,61;4,35;216;431;73;14.618;5.827;8.791;%74.0
2025-10-06 18:00:00;3,16;2,11;3,82;209;438;67;15.370;5.884;9.486;%66.0
2025-10-06 19:00:00;3,27;2,17;3,97;213;438;68;14.808;5.788;9.020;%71.0
2025-10-06 20:00:00;2,52;1,92;2,9;207;438;61;15.652;6.055;9.598;%64.0
2025-10-06 21:00:00;3,14;3,41;2,95;212;422;60;15.619;6.574;9.045;%68.0
2025-10-06 22:00:00;2,28;1,85;2,56;206;438;54;15.502;6.116;9.386;%67.0
2025-10-06 23:00:00;1,86;1,67;1,99;202;439;49;16.201;6.353;9.848;%60.0
2025-10-07 00:00:00;1,82;1,68;1,92;200;435;46;16.158;6.422;9.737;%60.0
2025-10-07 01:00:00;1,57;1,61;1,55;195;437;40;16.552;6.467;10.085;%58.0
2025-10-07 02:00:00;1,38;1,57;1,25;198;436;40;16.552;6.585;9.967;%58.0
2025-10-07 03:00:00;2,71;2,78;2,67;220;425;70;16.307;6.877;9.430;%71.0
2025-10-07 04:00:00;3,12;2,7;3,42;214;414;72;15.797;6.583;9.214;%71.0
2025-10-07 05:00:00;2,87;2,49;3,14;217;421;78;15.509;6.296;9.213;%73.0
2025-10-07 06:00:00;1,79;1,78;1,8;205;437;48;15.902;6.397;9.504;%67.0
2025-10-07 07:00:00;1,24;1,44;1,11;199;440;39;16.660;6.633;10.027;%55.0
2025-10-07 08:00:00;1,77;1,59;1,88;199;438;45;16.449;6.440;10.009;%59.0
2025-10-07 09:00:00;2,08;1,75;2,28;197;438;51;16.508;6.222;10.286;%62.0
2025-10-07 10:00:00;2,37;1,82;2,7;196;437;54;16.541;6.152;10.389;%65.0
2025-10-07 11:00:00;2,87;2,31;3,23;208;434;62;15.607;6.126;9.481;%66.0
2025-10-07 12:00:00;3,01;2,34;3,45;210;435;65;15.279;6.015;9.265;%68.0
2025-10-07 13:00:00;3,4;2,63;3,91;211;430;67;15.474;6.165;9.309;%67.0
2025-10-07 14:00:00;3,5;2,38;4,24;214;434;70;14.939;5.913;9.027;%71.0
2025-10-07 15:00:00;3,38;2,73;3,81;210;431;67;15.458;6.066;9.392;%67.0
2025-10-07 16:00:00;3,35;2,57;3,87;214;430;70;15.175;6.088;9.088;%70.0
2025-10-07 17:00:00;3,65;2,5;4,4;214;433;71;15.006;5.942;9.064;%70.0
2025-10-07 18:00:00;3,07;2,08;3,69;210;437;67;15.400;5.941;9.460;%66.0
2025-10-07 19:00:00;3,07;2,05;3,72;210;438;66;15.251;5.922;9.329;%67.0
2025-10-07 20:00:00;2,66;1,95;3,1;208;437;62;15.439;5.999;9.440;%66.0
2025-10-07 21:00:00;2,65;2,33;2,87;208;431;59;15.638;6.261;9.377;%65.0
2025-10-07 22:00:00;2,06;1,75;2,27;206;439;54;15.778;6.216;9.562;%63.0
2025-10-07 23:00:00;1,93;1,69;2,09;204;439;50;15.985;6.309;9.676;%62.0
2025-10-08 00:00:00;1,77;1,64;1,85;200;435;46;16.284;6.466;9.818;%59.0
2025-10-08 01:00:00;1,6;1,59;1,6;196;437;41;16.585;6.515;10.070;%55.0
2025-10-08 02:00:00;1,43;1,58;1,34;199;436;41;16.722;6.664;10.057;%56.0
2025-10-08 03:00:00;2,99;2,89;3,06;219;422;70;16.213;6.881;9.332;%72.0
2025-10-08 04:00:00;2,49;2,35;2,6;210;409;63;16.146;6.858;9.288;%71.0
2025-10-08 05:00:00;3,21;2,64;3,59;215;427;77;15.560;6.143;9.417;%72.0
2025-10-08 06:00:00;2,13;1,9;2,28;207;438;56;15.269;6.048;9.221;%71.0
2025-10-08 07:00:00;1,39;1,51;1,31;199;440;39;16.393;6.524;9.869;%57.0
2025-10-08 08:00:00;1,77;1,58;1,89;198;438;45;16.596;6.459;10.137;%57.0
2025-10-08 09:00:00;2,12;1,77;2,34;196;438;51;16.570;6.216;10.354;%63.0
2025-10-08 10:00:00;2,34;1,89;2,61;197;436;55;16.401;6.120;10.281;%65.0
2025-10-08 11:00:00;2,74;1,91;3,27;208;438;62;15.647;6.059;9.588;%63.0
2025-10-08 12:00:00;3;2,05;3,6;210;437;65;15.429;6.007;9.422;%65.0
2025-10-08 13:00:00;3,44;2,36;4,14;212;435;69;15.029;5.902;9.126;%69.0
2025-10-08 14:00:00;3,63;2,71;4,25;214;429;70;15.144;6.066;9.078;%69.0
2025-10-08 15:00:00;3,27;2,27;3,91;210;434;68;15.442;6.004;9.438;%65.0
2025-10-08 16:00:00;3,42;2,17;4,21;213;437;70;15.012;5.827;9.185;%68.0
2025-10-08 17:00:00;3,58;2,28;4,41;213;437;72;14.753;5.716;9.037;%70.0
2025-10-08 18:00:00;3,24;2,11;3,95;212;438;69;15.095;5.846;9.249;%68.0
2025-10-08 19:00:00;3,36;2,18;4,12;213;437;69;14.737;5.755;8.982;%70.0
2025-10-08 20:00:00;3,65;3,73;3,58;214;422;65;15.420;6.447;8.973;%68.0
2025-10-08 21:00:00;2,63;1,98;3,06;208;437;61;15.072;5.917;9.155;%69.0
2025-10-08 22:00:00;2,21;2,04;2,32;206;433;55;15.863;6.330;9.532;%63.0
2025-10-08 23:00:00;2,07;1,76;2,28;204;438;51;15.784;6.236;9.548;%64.0
2025-10-09 00:00:00;1,98;1,86;2,06;202;431;47;16.092;6.498;9.594;%61.0
2025-10-09 01:00:00;1,71;1,65;1,75;195;437;42;16.344;6.360;9.984;%58.0
2025-10-09 02:00:00;1,45;1,62;1,33;199;436;42;16.517;6.569;9.948;%55.0
2025-10-09 03:00:00;2,6;2,6;2,59;212;424;65;16.469;6.766;9.703;%70.0
2025-10-09 04:00:00;2,72;2,61;2,8;215;416;68;16.055;6.783;9.271;%72.0
2025-10-09 05:00:00;2,8;2,47;3,04;214;418;71;15.674;6.464;9.210;%73.0
2025-10-09 06:00:00;2,39;1,99;2,64;210;436;64;15.361;6.026;9.335;%70.0
2025-10-09 07:00:00;1,58;1,58;1,58;201;440;43;16.214;6.452;9.763;%58.0
2025-10-09 08:00:00;1,76;1,61;1,86;199;438;46;16.535;6.440;10.095;%57.0
2025-10-09 09:00:00;2,09;1,79;2,27;196;437;52;16.464;6.185;10.279;%64.0
2025-10-09 10:00:00;2,39;1,88;2,69;197;436;55;16.339;6.094;10.245;%65.0
2025-10-09 11:00:00;2,79;2,39;3,06;210;433;62;15.837;6.299;9.538;%63.0
2025-10-09 12:00:00;3,02;2,13;3,6;209;431;66;15.652;6.126;9.526;%64.0
2025-10-09 13:00:00;3,56;2,21;4,42;213;435;70;14.873;5.814;9.059;%69.0
2025-10-09 14:00:00;3,64;3,03;4,05;212;427;68;15.622;6.250;9.372;%65.0
2025-10-09 15:00:00;6,56;7,5;5,63;235;393;80;15.563;7.702;7.861;%77.0
2025-10-09 16:00:00;3,4;2,5;3,98;214;432;70;15.323;6.082;9.241;%67.0
2025-10-09 17:00:00;3,62;2,31;4,48;216;435;74;14.549;5.732;8.817;%73.0
2025-10-09 18:00:00;3,18;2,16;3,82;211;436;69;15.393;5.971;9.421;%66.0
2025-10-09 19:00:00;3,84;2,74;4,58;218;434;71;14.538;5.870;8.668;%74.0
2025-10-09 20:00:00;2,73;1,91;3,24;207;438;62;15.697;6.062;9.635;%63.0
2025-10-09 21:00:00;2,84;2,04;3,37;212;438;63;14.687;5.845;8.842;%73.0
2025-10-09 22:00:00;2,77;2,99;2,61;207;419;55;16.395;6.821;9.573;%62.0
2025-10-09 23:00:00;2,03;1,75;2,2;204;439;52;15.793;6.218;9.575;%65.0
2025-10-10 00:00:00;1,94;1,74;2,07;203;435;49;15.880;6.346;9.534;%64.0
2025-10-10 01:00:00;1,74;1,63;1,81;198;436;43;16.516;6.488;10.028;%60.0
2025-10-10 02:00:00;1,68;1,65;1,71;200;435;45;16.539;6.553;9.985;%60.0
2025-10-10 03:00:00;2,93;2,83;3;219;425;71;16.162;6.784;9.378;%73.0
2025-10-10 04:00:00;2,43;2,24;2,56;210;415;63;16.242;6.789;9.453;%70.0
2025-10-10 05:00:00;3,15;2,72;3,45;218;418;79;15.796;6.481;9.316;%73.0
2025-10-10 06:00:00;2,43;2,03;2,69;210;437;64;15.049;5.889;9.160;%73.0
2025-10-10 07:00:00;1,41;1,55;1,32;198;439;40;16.355;6.474;9.881;%56.0
2025-10-10 08:00:00;1,78;1,62;1,88;198;438;45;16.481;6.392;10.089;%56.0
2025-10-10 09:00:00;2,09;1,79;2,27;195;437;51;16.437;6.140;10.298;%63.0
2025-10-10 10:00:00;2,3;1,86;2,56;197;437;55;16.450;6.112;10.338;%65.0
2025-10-10 11:00:00;2,69;1,92;3,18;207;438;62;15.616;6.010;9.606;%64.0
2025-10-10 12:00:00;2,86;1,99;3,41;208;438;65;15.496;5.935;9.561;%64.0
2025-10-10 13:00:00;3,52;2,76;4,02;214;430;70;15.098;6.030;9.068;%70.0
2025-10-10 14:00:00;3,67;2,64;4,34;213;430;71;15.081;5.960;9.122;%69.0
2025-10-10 15:00:00;3,81;2,74;4,5;212;430;72;15.069;5.891;9.179;%68.0
2025-10-10 16:00:00;4,58;2,71;5,74;215;434;79;14.556;5.560;8.995;%71.0
2025-10-10 17:00:00;4,15;3,33;4,67;212;430;74;14.982;5.829;9.153;%69.0
2025-10-10 18:00:00;3,94;2,45;4,88;215;436;76;14.332;5.541;8.791;%74.0
2025-10-10 19:00:00;3,17;2,13;3,81;210;437;69;15.209;5.805;9.404;%67.0
2025-10-10 20:00:00;3,04;2,11;3,63;212;437;68;14.856;5.815;9.040;%71.0
2025-10-10 21:00:00;2,82;1,97;3,36;208;437;62;15.340;5.955;9.385;%66.0
2025-10-10 22:00:00;2,21;1,8;2,47;205;438;56;15.964;6.196;9.768;%61.0
2025-10-10 23:00:00;2,02;1,75;2,18;203;439;53;16.021;6.227;9.794;%61.0
2025-10-11 00:00:00;1,9;1,73;2,02;202;435;50;16.088;6.352;9.736;%62.0
2025-10-11 01:00:00;1,86;1,65;1,99;198;437;44;16.463;6.432;10.031;%60.0
2025-10-11 02:00:00;1,41;1,52;1,34;199;437;43;16.775;6.632;10.143;%56.0
2025-10-11 03:00:00;2,95;2,82;3,04;219;424;70;16.132;6.761;9.370;%73.0
2025-10-11 04:00:00;2,4;2,2;2,54;211;415;63;16.393;6.902;9.492;%68.0
2025-10-11 05:00:00;3,39;2,81;3,79;218;418;82;15.701;6.389;9.312;%72.0
2025-10-11 06:00:00;2,79;2,15;3,19;213;436;71;14.997;5.834;9.163;%74.0
2025-10-11 07:00:00;1,5;1,58;1,45;202;440;42;16.022;6.446;9.575;%62.0
2025-10-11 08:00:00;1,6;1,57;1,62;199;439;43;16.399;6.441;9.958;%58.0
2025-10-11 09:00:00;1,89;1,65;2,04;193;437;46;16.925;6.369;10.556;%61.0
2025-10-11 10:00:00;2,07;1,71;2,28;196;438;50;16.763;6.283;10.480;%64.0
2025-10-11 11:00:00;2,31;1,8;2,62;207;439;59;15.796;6.131;9.665;%64.0
2025-10-11 12:00:00;2,86;1,99;3,41;210;439;65;15.189;5.887;9.301;%70.0
2025-10-11 13:00:00;2,96;1,99;3,55;208;439;66;15.515;5.933;9.583;%65.0
2025-10-11 14:00:00;3,31;2,07;4,08;210;437;68;15.302;5.866;9.435;%67.0
2025-10-11 15:00:00;3,29;2,12;4,02;211;437;69;15.211;5.858;9.353;%68.0
2025-10-11 16:00:00;3,26;2,1;3,98;210;438;69;15.202;5.808;9.394;%67.0
2025-10-11 17:00:00;3,34;2,49;3,89;210;433;69;15.286;5.939;9.347;%67.0
2025-10-11 18:00:00;3,41;2,19;4,19;214;438;71;14.753;5.755;8.998;%72.0
2025-10-11 19:00:00;2,83;1,98;3,35;208;439;65;15.636;5.979;9.657;%62.0
2025-10-11 20:00:00;2,95;2,07;3,51;210;438;66;15.085;5.865;9.219;%69.0
2025-10-11 21:00:00;2,49;1,91;2,86;208;438;62;15.478;6.027;9.451;%66.0
2025-10-11 22:00:00;2,27;1,82;2,55;206;439;58;15.715;6.132;9.583;%64.0
2025-10-11 23:00:00;2,03;1,74;2,22;204;439;54;16.013;6.244;9.769;%62.0
2025-10-12 00:00:00;1,87;1,72;1,96;202;435;50;16.225;6.371;9.854;%60.0
2025-10-12 01:00:00;1,93;1,69;2,09;199;437;46;16.248;6.344;9.904;%61.0
2025-10-12 02:00:00;1,75;1,74;1,75;203;436;47;16.412;6.575;9.837;%59.0
2025-10-12 03:00:00;3,03;2,88;3,14;216;419;71;16.159;6.718;9.440;%73.0
2025-10-12 04:00:00;2,5;2,31;2,63;209;412;65;16.389;6.834;9.555;%69.0
2025-10-12 05:00:00;3,43;2,81;3,82;218;429;83;15.250;5.982;9.268;%72.0
2025-10-12 06:00:00;2,2;1,97;2,34;207;438;59;15.314;5.993;9.321;%70.0
2025-10-12 07:00:00;1,29;1,49;1,15;200;440;41;16.378;6.521;9.857;%58.0
2025-10-12 08:00:00;1,42;1,51;1,35;198;438;41;16.663;6.551;10.111;%56.0
2025-10-12 09:00:00;1,66;1,63;1,67;192;438;42;16.857;6.363;10.494;%59.0
2025-10-12 10:00:00;1,92;1,68;2,06;193;438;46;16.914;6.358;10.556;%61.0
2025-10-12 11:00:00;1,94;1,69;2,1;205;440;53;16.062;6.289;9.773;%63.0
2025-10-12 12:00:00;2,23;1,8;2,5;205;439;57;15.967;6.168;9.799;%61.0
2025-10-12 13:00:00;2,62;1,96;3,05;210;439;63;15.266;5.947;9.320;%68.0
2025-10-12 14:00:00;2,62;1,93;3,06;208;438;64;15.565;5.984;9.581;%66.0
2025-10-12 15:00:00;2,76;1,96;3,26;207;438;65;15.636;5.968;9.668;%64.0
2025-10-12 16:00:00;3,09;2,05;3,74;210;438;67;15.247;5.880;9.367;%68.0
2025-10-12 17:00:00;2,95;2,05;3,5;208;438;66;15.454;5.892;9.562;%64.0
2025-10-12 18:00:00;3,18;2,12;3,84;209;437;67;15.058;5.782;9.275;%68.0
2025-10-12 19:00:00;2,87;2;3,42;210;439;66;15.316;5.925;9.392;%66.0
2025-10-12 20:00:00;2,74;1,98;3,23;209;438;64;15.340;5.948;9.391;%67.0
2025-10-12 21:00:00;2,46;2,12;2,68;206;433;60;15.921;6.245;9.675;%63.0
2025-10-12 22:00:00;3,82;4,66;3,1;219;404;61;16.449;7.579;8.871;%70.0
2025-10-12 23:00:00;3,01;3,68;2,48;212;413;55;16.447;7.206;9.241;%66.0
2025-10-13 00:00:00;1,86;1,7;1,96;201;434;49;16.207;6.419;9.788;%61.0
2025-10-13 01:00:00;1,54;1,6;1,5;196;436;44;16.545;6.431;10.114;%57.0
2025-10-13 02:00:00;1,46;1,6;1,36;200;436;44;16.372;6.500;9.872;%60.0
2025-10-13 03:00:00;2,79;2,78;2,81;219;421;72;16.332;6.874;9.458;%72.0
2025-10-13 04:00:00;2,39;2,24;2,51;209;414;64;16.317;6.777;9.540;%71.0
2025-10-13 05:00:00;3,21;2,71;3,52;216;429;81;15.319;5.921;9.399;%72.0
2025-10-13 06:00:00;1,83;1,78;1,86;205;439;53;15.550;6.146;9.404;%67.0
2025-10-13 07:00:00;1,41;1,53;1,33;201;440;43;16.248;6.467;9.781;%59.0
2025-10-13 08:00:00;1,88;1,65;2,03;201;439;49;16.339;6.377;9.961;%60.0
2025-10-13 09:00:00;2,08;1,79;2,25;196;437;53;16.650;6.208;10.442;%62.0
2025-10-13 10:00:00;2,53;1,97;2,85;198;436;58;16.196;5.994;10.203;%67.0
2025-10-13 11:00:00;2,74;2,02;3,18;209;437;65;15.510;5.981;9.530;%64.0
2025-10-13 12:00:00;3,19;2,17;3,85;214;438;71;14.796;5.785;9.011;%73.0
2025-10-13 13:00:00;3,15;2,08;3,81;211;439;70;15.258;5.847;9.411;%68.0
2025-10-13 14:00:00;3,17;2,1;3,85;212;438;71;15.217;5.869;9.348;%69.0
2025-10-13 15:00:00;3,37;2,12;4,13;211;437;72;15.154;5.785;9.369;%69.0
2025-10-13 16:00:00;3,5;2,25;4,28;214;437;74;14.805;5.698;9.107;%71.0
2025-10-13 17:00:00;3,19;2,17;3,82;211;437;72;15.333;5.819;9.515;%66.0
2025-10-13 18:00:00;3,43;2,25;4,18;213;437;72;14.991;5.767;9.225;%69.0
2025-10-13 19:00:00;3,46;2,55;4,04;213;433;71;15.069;5.921;9.149;%70.0
2025-10-13 20:00:00;2,89;2,05;3,42;210;438;66;15.256;5.936;9.320;%68.0
2025-10-13 21:00:00;2,47;1,88;2,84;207;438;60;15.793;6.133;9.659;%64.0
2025-10-13 22:00:00;2,31;2,02;2,5;208;434;57;15.847;6.337;9.510;%65.0
2025-10-13 23:00:00;2,13;1,89;2,28;206;436;53;15.963;6.353;9.610;%64.0
2025-10-14 00:00:00;2,03;2,18;1,92;203;430;49;16.572;6.723;9.849;%59.0
2025-10-14 01:00:00;1,58;1,62;1,55;198;437;44;16.538;6.472;10.066;%60.0
2025-10-14 02:00:00;1,48;1,63;1,38;199;437;44;16.545;6.535;10.009;%58.0
2025-10-14 03:00:00;3;2,92;3,06;218;423;69;16.160;6.802;9.358;%73.0
2025-10-14 04:00:00;2,24;2,14;2,32;207;412;59;16.429;6.893;9.536;%69.0
2025-10-14 05:00:00;3,39;2,84;3,76;216;422;79;15.579;6.213;9.365;%71.0
2025-10-14 06:00:00;2,11;1,91;2,24;207;437;55;15.315;6.090;9.225;%71.0
2025-10-14 07:00:00;1,3;1,47;1,19;198;440;38;16.487;6.583;9.904;%57.0
2025-10-14 08:00:00;1,76;1,6;1,87;197;438;43;16.613;6.499;10.115;%54.0
2025-10-14 09:00:00;2,04;1,78;2,21;196;437;49;16.532;6.245;10.287;%65.0
2025-10-14 10:00:00;2,23;1,84;2,46;195;436;52;16.552;6.178;10.374;%64.0
2025-10-14 11:00:00;2,54;1,9;2,94;205;439;59;15.750;6.070;9.680;%63.0
2025-10-14 12:00:00;2,81;2,04;3,31;209;438;63;15.205;5.919;9.286;%69.0
2025-10-14 13:00:00;3,08;2,03;3,74;210;439;65;15.369;5.954;9.415;%66.0
2025-10-14 14:00:00;3,22;2,52;3,68;210;431;66;15.300;6.033;9.267;%68.0
2025-10-14 15:00:00;3,67;2,93;4,16;211;430;67;15.252;6.038;9.214;%68.0
2025-10-14 16:00:00;3,6;2,84;4,11;213;425;69;15.225;6.158;9.067;%71.0
2025-10-14 17:00:00;3,46;2,23;4,24;211;436;69;14.886;5.744;9.142;%70.0
2025-10-14 18:00:00;3,28;2,31;3,89;209;435;66;15.374;5.952;9.423;%65.0
2025-10-14 19:00:00;2,88;2,05;3,4;207;438;64;15.290;5.865;9.425;%66.0
2025-10-14 20:00:00;2,86;2,14;3,32;208;436;61;15.275;5.997;9.279;%68.0
2025-10-14 21:00:00;2,4;1,86;2,74;206;438;57;15.613;6.107;9.506;%65.0
2025-10-14 22:00:00;1,93;1,69;2,09;203;438;51;16.204;6.350;9.854;%60.0
2025-10-14 23:00:00;1,85;1,67;1,98;202;439;48;16.094;6.353;9.742;%62.0
2025-10-15 00:00:00;1,8;1,68;1,89;201;435;45;16.109;6.446;9.663;%62.0
2025-10-15 01:00:00;1,59;1,58;1,59;195;437;40;16.679;6.517;10.162;%58.0
2025-10-15 02:00:00;1,57;1,64;1,51;200;436;42;16.584;6.649;9.935;%59.0
2025-10-15 03:00:00;2,85;2,79;2,89;218;420;68;16.171;6.883;9.288;%73.0
2025-10-15 04:00:00;2,56;2,35;2,72;211;415;63;15.674;6.597;9.078;%75.0
2025-10-15 05:00:00;3,08;2,65;3,37;216;428;75;15.560;6.191;9.369;%73.0
2025-10-15 06:00:00;2,67;2,12;3,03;212;436;67;14.958;5.866;9.092;%75.0
2025-10-15 07:00:00;1,41;1,54;1,33;199;439;39;16.322;6.529;9.793;%60.0
2025-10-15 08:00:00;1,86;1,66;1,98;199;437;45;16.297;6.395;9.902;%59.0
2025-10-15 09:00:00;2,15;1,76;2,39;194;436;50;16.669;6.238;10.431;%63.0
2025-10-15 10:00:00;2,36;1,79;2,7;193;436;52;16.855;6.180;10.675;%61.0
2025-10-15 11:00:00;2,87;2,02;3,41;207;438;61;15.353;5.930;9.424;%66.0
2025-10-15 12:00:00;3,13;2,09;3,8;210;438;65;15.138;5.885;9.253;%68.0
2025-10-15 13:00:00;3,4;2,11;4,2;208;438;65;15.309;5.846;9.463;%65.0
2025-10-15 14:00:00;3,46;2,5;4,07;208;430;66;15.605;6.100;9.505;%65.0
2025-10-15 15:00:00;3,7;2,66;4,36;210;432;69;14.967;5.830;9.136;%69.0
2025-10-15 16:00:00;4,33;3,77;4,75;217;416;72;15.259;6.422;8.838;%71.0
2025-10-15 17:00:00;3,37;2,14;4,14;210;437;69;15.204;5.856;9.348;%67.0
2025-10-15 18:00:00;3,42;2,14;4,21;209;437;68;15.141;5.799;9.342;%66.0
2025-10-15 19:00:00;3,38;2,13;4,18;212;438;67;14.936;5.814;9.122;%69.0
2025-10-15 20:00:00;3,09;2,07;3,74;209;437;62;15.204;5.932;9.273;%67.0
2025-10-15 21:00:00;2,43;1,81;2,82;205;438;56;15.847;6.161;9.686;%61.0
2025-10-15 22:00:00;2,31;1,83;2,62;206;438;54;15.538;6.161;9.378;%66.0
2025-10-15 23:00:00;2,06;1,94;2,13;203;434;49;16.080;6.436;9.643;%63.0
2025-10-16 00:00:00;1,94;1,81;2,02;202;432;46;16.138;6.518;9.620;%62.0
2025-10-16 01:00:00;1,69;1,61;1,75;196;437;41;16.361;6.428;9.933;%60.0
2025-10-16 02:00:00;1,5;1,57;1,45;196;436;40;16.741;6.612;10.129;%53.0
2025-10-16 03:00:00;3,22;2,98;3,4;219;422;71;16.229;6.838;9.391;%71.0
2025-10-16 04:00:00;2,51;2,16;2,76;209;414;59;15.996;6.760;9.236;%72.0
2025-10-16 05:00:00;3,41;2,9;3,76;217;421;76;15.856;6.459;9.397;%72.0
2025-10-16 06:00:00;2,96;2,26;3,41;214;433;72;14.883;5.833;9.050;%74.0
2025-10-16 07:00:00;1,63;1,61;1,65;201;440;41;15.960;6.415;9.545;%63.0
2025-10-16 08:00:00;1,9;1,63;2,07;199;438;45;16.381;6.406;9.975;%57.0
2025-10-16 09:00:00;2,21;1,82;2,44;195;437;50;16.616;6.225;10.391;%64.0
2025-10-16 10:00:00;2,64;2,18;2,92;198;432;55;16.252;6.158;10.094;%68.0
2025-10-16 11:00:00;2,74;1,91;3,26;205;438;60;15.814;6.066;9.748;%61.0
2025-10-16 12:00:00;;;;;;;;;;
2025-10-16 13:00:00;3,38;2,46;4,29;208;352;64;12.655;6.314;6.341;%64.0
2025-10-16 14:00:00;3,03;3;3,05;171;427;52;18.229;5.772;12.457;%72.0
2025-10-16 15:00:00;2,76;2,45;2,9;168;434;50;18.108;5.566;12.542;%71.0
2025-10-16 16:00:00;2,53;2,38;2,59;168;436;49;18.717;5.737;12.981;%68.0
2025-10-16 17:00:00;2,93;2,87;2,96;171;432;51;18.181;5.739;12.441;%71.0
2025-10-16 18:00:00;2,83;2,7;2,89;170;436;49;18.495;5.797;12.698;%69.0
2025-10-16 19:00:00;2,51;2,31;2,59;170;440;47;18.688;5.831;12.857;%68.0
2025-10-16 20:00:00;2,2;2,03;2,27;167;442;44;18.820;5.847;12.974;%67.0
2025-10-16 21:00:00;2,06;2,12;2,03;167;442;42;18.871;5.925;12.946;%67.0
2025-10-16 22:00:00;1,67;1,87;1,57;165;443;38;19.461;6.100;13.361;%64.0
2025-10-16 23:00:00;1,49;1,87;1,32;165;441;35;19.790;6.327;13.463;%63.0
2025-10-17 00:00:00;1,29;1,65;1,12;161;439;33;20.016;6.331;13.685;%62.0
2025-10-17 01:00:00;1,18;1,56;1;160;442;31;20.328;6.368;13.960;%61.0
2025-10-17 02:00:00;1,43;1,93;1,19;167;439;35;20.196;6.594;13.602;%61.0
2025-10-17 03:00:00;3,4;3,94;3,08;199;430;64;18.467;6.821;11.646;%74.0
2025-10-17 04:00:00;3,67;3,61;3,7;190;412;61;18.226;6.712;11.514;%73.0
2025-10-17 05:00:00;16,42;10,33;19,75;201;418;83;13.936;4.917;9.019;%74.0
2025-10-17 06:00:00;11,32;6,74;13,48;184;431;67;15.190;4.866;10.323;%72.0
2025-10-17 07:00:00;1,91;2,02;1,85;176;443;37;17.622;6.024;11.598;%76.0
2025-10-17 08:00:00;1,56;1,74;1,47;168;444;36;18.829;6.089;12.740;%69.0
2025-10-17 09:00:00;1,76;1,83;1,72;161;442;39;19.764;5.975;13.790;%66.0
2025-10-17 10:00:00;2,1;2,24;2,04;165;439;43;19.418;5.988;13.430;%66.0
2025-10-17 11:00:00;2,75;2,47;2,88;175;441;50;17.882;5.737;12.145;%70.0
2025-10-17 12:00:00;3,93;4,72;3,45;190;413;55;18.212;6.866;11.346;%73.0
2025-10-17 13:00:00;3,11;2,47;3,42;179;441;55;17.176;5.519;11.656;%74.0
2025-10-17 14:00:00;3;2,53;3,22;175;438;53;17.908;5.663;12.245;%69.0
2025-10-17 15:00:00;3,39;2,95;3,6;180;440;56;17.117;5.502;11.615;%74.0
2025-10-17 16:00:00;3,72;3,51;3,82;184;424;57;17.749;6.129;11.619;%72.0
2025-10-17 17:00:00;3,35;2,66;3,68;179;439;57;17.211;5.488;11.723;%74.0
2025-10-17 18:00:00;3,27;2,71;3,54;178;440;56;17.500;5.562;11.937;%72.0
2025-10-17 19:00:00;3,07;2,37;3,39;177;443;54;17.265;5.461;11.804;%73.0
2025-10-17 20:00:00;2,8;2,26;3,05;174;443;51;17.701;5.571;12.130;%71.0
2025-10-17 21:00:00;2,53;2,35;2,61;173;439;47;18.180;5.829;12.351;%70.0
2025-10-17 22:00:00;1,98;1,93;2,01;168;443;43;18.639;5.851;12.788;%68.0
2025-10-17 23:00:00;1,79;1,91;1,74;167;442;40;18.931;5.998;12.933;%67.0
2025-10-18 00:00:00;1,48;1,75;1,36;162;440;36;19.792;6.164;13.628;%63.0
2025-10-18 01:00:00;1,41;1,69;1,28;161;442;34;19.923;6.204;13.719;%63.0
2025-10-18 02:00:00;1,33;1,82;1,1;161;439;32;20.035;6.344;13.691;%64.0
2025-10-18 03:00:00;2,47;3,2;2,1;182;433;54;18.784;6.340;12.444;%71.0
2025-10-18 04:00:00;2,4;2,78;2,2;180;426;51;18.147;6.224;11.923;%74.0
2025-10-18 05:00:00;3,04;2,99;3,07;184;418;65;17.995;6.053;11.942;%72.0
2025-10-18 06:00:00;3,15;2,85;3,28;176;438;55;17.598;5.566;12.032;%73.0
2025-10-18 07:00:00;1,62;1,83;1,51;172;444;34;17.916;6.039;11.877;%74.0
2025-10-18 08:00:00;1,24;1,57;1,09;159;444;32;20.268;6.253;14.015;%61.0
2025-10-18 09:00:00;1,49;1,69;1,41;157;442;34;20.231;6.106;14.125;%65.0
2025-10-18 10:00:00;1,54;1,74;1,46;157;443;37;20.393;6.013;14.379;%62.0
2025-10-18 11:00:00;2,03;1,95;2,07;168;443;45;18.528;5.756;12.771;%67.0
2025-10-18 12:00:00;2,62;2,2;2,81;171;443;49;17.846;5.517;12.329;%70.0
2025-10-18 13:00:00;2,83;2,61;2,93;169;437;50;18.369;5.668;12.701;%67.0
2025-10-18 14:00:00;3,01;2,33;3,33;177;443;54;17.155;5.401;11.754;%74.0
2025-10-18 15:00:00;2,79;2,2;3,05;172;442;52;18.124;5.572;12.552;%68.0
2025-10-18 16:00:00;3,36;3,02;3,53;180;436;56;17.214;5.644;11.570;%74.0
2025-10-18 17:00:00;3,16;2,52;3,46;178;440;55;17.139;5.452;11.688;%73.0
2025-10-18 18:00:00;2,78;2,19;3,05;172;443;52;18.110;5.563;12.547;%68.0
2025-10-18 19:00:00;3,16;2,93;3,27;181;434;54;17.435;5.814;11.621;%74.0
2025-10-18 20:00:00;2,6;2,18;2,79;173;444;50;17.822;5.552;12.271;%69.0
2025-10-18 21:00:00;2,57;2,35;2,67;174;439;48;17.968;5.801;12.167;%71.0
2025-10-18 22:00:00;2,13;1,98;2,2;169;445;44;18.399;5.746;12.653;%68.0
2025-10-18 23:00:00;1,84;1,85;1,84;166;443;41;18.983;5.908;13.075;%66.0
2025-10-19 00:00:00;1,93;2,26;1,76;169;434;39;18.820;6.170;12.651;%69.0
2025-10-19 01:00:00;1,46;1,73;1,34;162;442;35;19.565;6.066;13.498;%65.0
2025-10-19 02:00:00;1,36;1,7;1,2;162;442;34;19.717;6.181;13.536;%64.0
2025-10-19 03:00:00;2,51;3,05;2,25;183;436;57;18.683;6.242;12.441;%72.0
2025-10-19 04:00:00;2,12;2,42;1,96;173;414;48;18.409;6.283;12.126;%74.0
2025-10-19 05:00:00;2,91;3,08;2,83;184;430;66;17.855;5.779;12.076;%73.0
2025-10-19 06:00:00;2,86;2,72;2,92;173;441;52;17.421;5.434;11.987;%73.0
2025-10-19 07:00:00;1,42;1,68;1,29;168;446;32;18.505;6.066;12.439;%71.0
2025-10-19 08:00:00;1,16;1,54;0,99;157;444;30;20.472;6.266;14.206;%59.0
2025-10-19 09:00:00;1,32;1,64;1,19;154;443;31;20.565;6.145;14.420;%62.0
2025-10-19 10:00:00;1,42;1,66;1,32;156;443;34;20.565;6.121;14.444;%63.0
2025-10-19 11:00:00;1,69;1,81;1,63;165;444;40;19.054;5.907;13.147;%66.0
2025-10-19 12:00:00;1,86;1,85;1,86;166;445;43;19.174;5.886;13.288;%64.0
2025-10-19 13:00:00;2,5;2,62;2,44;172;439;47;18.466;5.906;12.560;%68.0
2025-10-19 14:00:00;2,81;2,65;2,89;176;441;50;17.902;5.757;12.144;%70.0
2025-10-19 15:00:00;2,65;2,56;2,7;173;437;50;18.386;5.868;12.518;%68.0
2025-10-19 16:00:00;3,13;3,1;3,15;180;437;53;17.422;5.759;11.664;%73.0
2025-10-19 17:00:00;2,62;2,15;2,82;170;443;50;18.220;5.578;12.641;%67.0
2025-10-19 18:00:00;2,92;2,29;3,22;178;444;53;17.090;5.445;11.645;%74.0
2025-10-19 19:00:00;2,36;2,1;2,47;169;444;48;18.407;5.621;12.786;%66.0
2025-10-19 20:00:00;2,66;2,2;2,87;176;444;50;17.194;5.483;11.712;%74.0
2025-10-19 21:00:00;2,21;1,96;2,31;168;443;45;18.625;5.763;12.862;%65.0
2025-10-19 22:00:00;1,88;1,9;1,87;170;444;43;18.395;5.813;12.582;%68.0
2025-10-19 23:00:00;1,66;1,83;1,58;166;443;40;18.808;5.906;12.901;%67.0
2025-10-20 00:00:00;1,47;1,75;1,35;162;441;36;19.457;6.056;13.401;%63.0
2025-10-20 01:00:00;1,38;1,72;1,23;161;442;34;19.669;6.123;13.547;%64.0
2025-10-20 02:00:00;1,3;1,69;1,13;161;442;33;19.944;6.249;13.696;%63.0
2025-10-20 03:00:00;2,53;3,11;2,24;182;435;55;18.719;6.258;12.461;%72.0
2025-10-20 04:00:00;2,36;2,39;2,34;177;417;50;18.439;6.393;12.046;%74.0
2025-10-20 05:00:00;2,65;2,68;2,63;178;431;57;17.808;5.746;12.062;%72.0
2025-10-20 06:00:00;2,79;2,61;2,87;172;438;52;17.783;5.529;12.254;%70.0
2025-10-20 07:00:00;1,49;1,74;1,37;169;445;34;18.448;6.043;12.405;%70.0
2025-10-20 08:00:00;1,52;1,72;1,43;162;444;36;19.567;6.041;13.526;%64.0
2025-10-20 09:00:00;1,84;1,9;1,82;158;442;40;19.873;5.855;14.018;%65.0
2025-10-20 10:00:00;2,14;2,02;2,19;159;442;43;19.454;5.658;13.796;%66.0
2025-10-20 11:00:00;2,78;2,26;3;170;443;50;17.828;5.453;12.375;%70.0
2025-10-20 12:00:00;2,94;2,29;3,23;173;444;52;17.790;5.495;12.295;%70.0
2025-10-20 13:00:00;2,75;2,21;2,99;173;444;52;17.962;5.511;12.451;%69.0
2025-10-20 14:00:00;3,85;4,09;3,72;188;423;58;17.607;6.284;11.323;%75.0
2025-10-20 15:00:00;3,06;2,31;3,39;175;443;55;17.704;5.468;12.236;%70.0
2025-10-20 16:00:00;3,63;3,54;3,67;186;434;58;17.218;5.833;11.386;%75.0
2025-10-20 17:00:00;3,32;2,91;3,51;177;438;57;17.622;5.568;12.054;%72.0
2025-10-20 18:00:00;3,9;4,06;3,82;185;421;59;17.373;6.047;11.325;%75.0
2025-10-20 19:00:00;2,85;2,22;3,13;175;444;53;17.625;5.506;12.119;%71.0
2025-10-20 20:00:00;2,55;2,1;2,75;174;444;50;17.877;5.636;12.241;%71.0
2025-10-20 21:00:00;2,21;1,99;2,31;171;444;47;18.232;5.703;12.529;%69.0
2025-10-20 22:00:00;1,99;2,14;1,92;169;442;43;18.783;5.950;12.833;%67.0
2025-10-20 23:00:00;1,78;1,85;1,74;169;444;41;18.575;5.897;12.679;%70.0
2025-10-21 00:00:00;1,58;1,76;1,49;164;440;37;19.308;6.085;13.223;%65.0
2025-10-21 01:00:00;1,4;1,72;1,26;161;442;35;19.834;6.127;13.707;%62.0
2025-10-21 02:00:00;1,38;1,71;1,22;163;442;34;19.865;6.245;13.620;%63.0
2025-10-21 03:00:00;2,76;3,22;2,53;184;434;58;18.429;6.143;12.286;%72.0
2025-10-21 04:00:00;2,18;2,46;2,04;172;410;48;18.632;6.355;12.277;%73.0
2025-10-21 05:00:00;2,63;2,81;2,55;179;432;57;18.251;5.939;12.312;%72.0
2025-10-21 06:00:00;3,08;2,8;3,21;174;440;54;17.515;5.483;12.031;%73.0
2025-10-21 07:00:00;1,73;1,94;1,62;173;445;42;17.845;5.810;12.036;%74.0
2025-10-21 08:00:00;1,42;1,66;1,31;160;444;35;20.019;6.121;13.898;%62.0
2025-10-21 09:00:00;1,88;1,88;1,88;161;443;40;19.593;5.892;13.702;%67.0
2025-10-21 10:00:00;2,16;2,04;2,21;163;443;44;19.229;5.765;13.464;%69.0
2025-10-21 11:00:00;2,37;2,07;2,49;167;444;47;18.839;5.700;13.140;%65.0
2025-10-21 12:00:00;2,85;2,25;3,11;172;444;52;17.931;5.521;12.410;%70.0
2025-10-21 13:00:00;2,81;2,26;3,05;173;444;53;17.884;5.472;12.412;%70.0
2025-10-21 14:00:00;3,83;4,08;3,7;181;435;56;17.496;5.769;11.726;%73.0
2025-10-21 15:00:00;3,14;2,65;3,36;177;440;56;17.520;5.526;11.994;%72.0
2025-10-21 16:00:00;3,87;4,35;3,62;185;428;58;17.540;6.029;11.510;%74.0
2025-10-21 17:00:00;3,17;2,55;3,45;178;440;57;17.498;5.504;11.994;%73.0
2025-10-21 18:00:00;3,3;2,78;3,55;179;438;57;17.355;5.566;11.789;%73.0
2025-10-21 19:00:00;2,83;2,26;3,08;174;444;53;17.662;5.468;12.194;%71.0
2025-10-21 20:00:00;2,58;2,31;2,71;173;441;50;18.095;5.690;12.406;%70.0
2025-10-21 21:00:00;2,33;2,05;2,46;170;444;47;18.347;5.704;12.643;%68.0
2025-10-21 22:00:00;2,3;2,25;2,33;173;441;45;18.041;5.825;12.216;%71.0
2025-10-21 23:00:00;1,75;2,02;1,63;167;441;40;19.115;6.036;13.079;%66.0
2025-10-22 00:00:00;1,62;1,81;1,54;165;441;38;18.994;5.956;13.038;%66.0
2025-10-22 01:00:00;1,52;1,78;1,41;161;443;35;19.433;6.013;13.420;%67.0
2025-10-22 02:00:00;1,4;1,72;1,25;161;441;34;19.770;6.176;13.594;%61.0
2025-10-22 03:00:00;2,58;3,05;2,35;186;436;58;18.376;6.220;12.156;%74.0
2025-10-22 04:00:00;2,24;2,4;2,15;176;413;50;18.813;6.511;12.303;%72.0
2025-10-22 05:00:00;2,85;2,91;2,82;180;432;63;18.054;5.743;12.311;%72.0
2025-10-22 06:00:00;3,52;2,99;3,76;178;439;56;17.355;5.501;11.854;%74.0
2025-10-22 07:00:00;1,82;1,94;1,76;166;445;38;18.326;5.759;12.567;%77.0
2025-10-22 08:00:00;1,64;1,77;1,58;163;445;37;19.260;5.968;13.291;%67.0
2025-10-22 09:00:00;1,87;1,9;1,86;160;442;41;19.773;5.853;13.921;%66.0
2025-10-22 10:00:00;2,38;2,06;2,51;164;443;45;18.994;5.670;13.324;%70.0
2025-10-22 11:00:00;2,46;2,07;2,63;167;444;48;18.922;5.676;13.246;%65.0
2025-10-22 12:00:00;3,05;2,37;3,36;177;444;55;17.070;5.366;11.704;%75.0
2025-10-22 13:00:00;3;2,41;3,26;173;443;53;18.040;5.531;12.509;%69.0
2025-10-22 14:00:00;3,34;2,61;3,67;175;441;56;17.549;5.431;12.117;%72.0
2025-10-22 15:00:00;3,56;3,08;3,79;181;438;58;17.284;5.600;11.684;%74.0
2025-10-22 16:00:00;3,02;2,35;3,32;173;443;55;17.972;5.464;12.508;%70.0
2025-10-22 17:00:00;3,31;2,61;3,62;176;442;58;17.265;5.322;11.943;%73.0
2025-10-22 18:00:00;3,13;2,39;3,47;177;444;57;17.340;5.373;11.966;%73.0
2025-10-22 19:00:00;2,89;2,26;3,16;174;443;54;17.861;5.504;12.357;%70.0
2025-10-22 20:00:00;2,7;2,19;2,93;171;444;50;18.021;5.544;12.477;%69.0
2025-10-22 21:00:00;2,44;2,08;2,61;172;444;48;18.110;5.673;12.436;%70.0
2025-10-22 22:00:00;2,13;1,94;2,22;168;445;44;18.633;5.792;12.841;%68.0
2025-10-22 23:00:00;2,13;2,86;1,77;172;437;42;19.032;6.302;12.730;%67.0
2025-10-23 00:00:00;1,69;2,04;1,52;167;438;38;19.366;6.231;13.135;%65.0
2025-10-23 01:00:00;1,44;1,88;1,24;160;440;34;20.306;6.277;14.028;%61.0
2025-10-23 02:00:00;1,41;1,68;1,28;162;442;34;19.700;6.155;13.545;%63.0
2025-10-23 03:00:00;2,58;3,04;2,35;182;436;57;18.824;6.192;12.632;%71.0
2025-10-23 04:00:00;2,95;3,05;2,9;185;425;60;18.094;6.211;11.883;%73.0
2025-10-23 05:00:00;3,77;3,21;4,05;180;411;65;17.613;5.843;11.770;%73.0
2025-10-23 06:00:00;3,92;3,2;4,27;178;440;52;16.974;5.482;11.492;%75.0
2025-10-23 07:00:00;1,67;1,81;1,61;174;445;36;17.660;5.932;11.728;%76.0
2025-10-23 08:00:00;1,61;1,78;1,54;162;444;37;19.360;5.965;13.395;%65.0
2025-10-23 09:00:00;2,01;2,1;1,97;160;439;42;19.572;5.830;13.742;%66.0
2025-10-23 10:00:00;2,27;2,11;2,34;160;441;45;19.124;5.564;13.560;%69.0
2025-10-23 11:00:00;2,76;2,15;3,03;171;443;51;18.064;5.569;12.496;%70.0
2025-10-23 12:00:00;3,08;2,39;3,38;172;440;54;18.107;5.567;12.540;%68.0
2025-10-23 13:00:00;3,42;2,66;3,77;179;440;58;17.018;5.399;11.619;%75.0
2025-10-23 14:00:00;3,09;2,31;3,43;176;443;56;17.671;5.453;12.218;%71.0
2025-10-23 15:00:00;3,36;2,55;3,73;176;439;56;17.682;5.507;12.175;%71.0
2025-10-23 16:00:00;3,24;2,38;3,62;176;443;57;17.571;5.414;12.157;%72.0
2025-10-23 17:00:00;3,21;2,43;3,56;176;442;58;17.475;5.379;12.097;%73.0
2025-10-23 18:00:00;3,27;2,47;3,62;173;443;56;17.642;5.326;12.316;%71.0
2025-10-23 19:00:00;3,28;2,86;3,47;175;434;55;17.766;5.623;12.144;%71.0
2025-10-23 20:00:00;2,81;2,26;3,05;173;442;52;17.813;5.512;12.301;%71.0
2025-10-23 21:00:00;2,58;2,12;2,79;170;443;48;18.056;5.573;12.483;%70.0
2025-10-23 22:00:00;2,2;2,15;2,22;168;440;45;18.709;5.850;12.859;%67.0
2025-10-23 23:00:00;1,75;1,8;1,73;165;443;41;19.091;5.899;13.192;%66.0
2025-10-24 00:00:00;1,47;1,71;1,37;161;440;37;19.902;6.123;13.779;%62.0
2025-10-24 01:00:00;1,44;1,7;1,32;163;441;37;19.606;6.108;13.498;%66.0
2025-10-24 02:00:00;1,43;1,79;1,26;162;440;36;19.492;6.085;13.407;%65.0
2025-10-24 03:00:00;2,99;3,24;2,87;185;434;60;18.496;6.204;12.292;%72.0
2025-10-24 04:00:00;2,46;2,7;2,34;179;419;53;18.277;6.277;12.000;%74.0
2025-10-24 05:00:00;7,3;4,97;8,38;181;417;73;16.504;5.210;11.295;%71.0
2025-10-24 06:00:00;7;4,28;8,19;175;437;59;16.069;4.912;11.156;%74.0
2025-10-24 07:00:00;1,79;1,92;1,72;171;445;37;17.387;5.721;11.667;%76.0
2025-10-24 08:00:00;1,7;1,84;1,63;164;444;39;18.827;5.791;13.037;%69.0
2025-10-24 09:00:00;1,93;1,89;1,95;161;442;42;19.587;5.811;13.777;%66.0
2025-10-24 10:00:00;2,5;2,1;2,67;164;442;46;18.977;5.637;13.340;%68.0
2025-10-24 11:00:00;2,86;2,29;3,12;173;444;53;17.734;5.453;12.281;%71.0
2025-10-24 12:00:00;3,13;2,39;3,45;173;444;55;17.605;5.368;12.237;%71.0
2025-10-24 13:00:00;3,33;2,41;3,75;177;443;58;17.178;5.313;11.865;%73.0
2025-10-24 14:00:00;3,3;2,42;3,68;175;443;57;17.439;5.331;12.108;%72.0
2025-10-24 15:00:00;3,33;2,45;3,72;175;443;58;17.452;5.324;12.128;%72.0
2025-10-24 16:00:00;3,49;2,49;3,92;175;443;58;17.466;5.295;12.171;%71.0
2025-10-24 17:00:00;3,69;2,56;4,2;179;443;61;16.979;5.247;11.732;%75.0
2025-10-24 18:00:00;4,26;4,77;3,99;185;424;61;17.387;5.963;11.424;%75.0
2025-10-24 19:00:00;5,7;7,07;4,76;205;410;64;17.493;7.119;10.374;%78.0
2025-10-24 20:00:00;3,28;2,92;3,46;178;439;54;17.537;5.656;11.881;%73.0
2025-10-24 21:00:00;2,71;2,27;2,91;172;441;50;18.026;5.618;12.408;%71.0
2025-10-24 22:00:00;2,23;2,12;2,28;168;441;46;18.820;5.827;12.994;%67.0
2025-10-24 23:00:00;1,94;1,91;1,96;167;444;43;18.875;5.838;13.038;%67.0
2025-10-25 00:00:00;1,75;1,87;1,69;164;440;40;19.173;5.925;13.248;%66.0
2025-10-25 01:00:00;1,64;1,8;1,57;162;441;38;19.507;6.003;13.504;%66.0
2025-10-25 02:00:00;1,51;1,77;1,39;164;442;37;19.656;6.166;13.490;%65.0
2025-10-25 03:00:00;2,56;3,03;2,33;183;434;58;18.822;6.282;12.541;%72.0
2025-10-25 04:00:00;2,35;2,59;2,23;178;412;56;18.345;6.270;12.075;%74.0
2025-10-25 05:00:00;2,94;2,96;2,93;185;430;64;18.013;5.937;12.076;%73.0
2025-10-25 06:00:00;3,39;2,97;3,58;177;439;61;17.419;5.338;12.080;%73.0
2025-10-25 07:00:00;1,87;1,98;1,82;174;444;40;17.510;5.797;11.713;%76.0
2025-10-25 08:00:00;1,45;1,73;1,33;162;444;36;19.207;5.932;13.275;%67.0
2025-10-25 09:00:00;1,47;1,7;1,37;156;443;36;20.543;6.030;14.513;%62.0
2025-10-25 10:00:00;1,84;1,89;1,82;160;442;41;19.736;5.841;13.895;%66.0
2025-10-25 11:00:00;2,42;2,15;2,54;169;444;49;18.084;5.512;12.572;%69.0
2025-10-25 12:00:00;2,55;2,12;2,74;169;444;50;18.402;5.566;12.836;%67.0
2025-10-25 13:00:00;2,96;2,29;3,26;174;444;54;17.673;5.425;12.248;%71.0
2025-10-25 14:00:00;3,09;2,32;3,42;175;444;56;17.618;5.418;12.200;%72.0
2025-10-25 15:00:00;3,43;2,75;3,74;177;439;58;17.277;5.390;11.887;%74.0
2025-10-25 16:00:00;3,32;2,56;3,66;175;440;56;17.692;5.459;12.233;%71.0
2025-10-25 17:00:00;3,31;2,52;3,66;177;443;58;17.218;5.356;11.862;%74.0
2025-10-25 18:00:00;3,22;2,37;3,6;175;444;56;17.520;5.381;12.139;%72.0
2025-10-25 19:00:00;3,06;2,36;3,38;174;444;55;17.592;5.406;12.185;%72.0
2025-10-25 20:00:00;2,83;2,27;3,08;173;444;53;17.748;5.462;12.285;%71.0
2025-10-25 21:00:00;2,57;2,11;2,76;169;444;49;18.388;5.595;12.792;%68.0
2025-10-25 22:00:00;2,21;2,01;2,3;168;443;46;18.690;5.743;12.947;%67.0
2025-10-25 23:00:00;1,95;1,94;1,95;168;444;44;18.682;5.757;12.925;%68.0
2025-10-26 00:00:00;1,78;1,91;1,72;165;441;42;18.990;5.869;13.122;%67.0
2025-10-26 01:00:00;1,64;1,83;1,55;161;442;39;19.479;5.932;13.547;%65.0
2025-10-26 02:00:00;1,39;1,76;1,23;159;441;36;20.082;6.084;13.997;%61.0
2025-10-26 03:00:00;2,95;3,33;2,76;186;429;62;18.449;6.229;12.220;%72.0
2025-10-26 04:00:00;2,4;2,52;2,34;172;413;52;18.441;6.166;12.274;%73.0
2025-10-26 05:00:00;2,96;2,95;2,96;180;435;63;17.949;5.658;12.291;%72.0
2025-10-26 06:00:00;3,27;2,87;3,45;177;439;59;17.615;5.464;12.151;%72.0
2025-10-26 07:00:00;1,69;1,86;1,6;175;446;38;17.546;5.896;11.649;%77.0
2025-10-26 08:00:00;1,28;1,63;1,12;159;444;34;19.972;6.116;13.857;%63.0
2025-10-26 09:00:00;1,26;1,59;1,12;155;442;34;20.836;6.173;14.663;%61.0
2025-10-26 10:00:00;1,58;1,77;1,49;157;443;38;19.955;5.889;14.066;%65.0
2025-10-26 11:00:00;1,9;1,94;1,88;165;444;44;18.702;5.671;13.031;%67.0
2025-10-26 12:00:00;2,29;2,09;2,38;170;445;48;18.196;5.593;12.603;%69.0
2025-10-26 13:00:00;2,48;2,15;2,63;170;444;49;18.064;5.557;12.508;%69.0
2025-10-26 14:00:00;2,6;2,19;2,78;169;444;47;18.173;5.556;12.617;%69.0
2025-10-26 15:00:00;2,72;2,15;2,98;171;444;49;18.046;5.597;12.450;%70.0
2025-10-26 16:00:00;3,08;2,26;3,45;174;443;51;17.501;5.490;12.011;%72.0
2025-10-26 17:00:00;2,78;2,11;3,07;170;443;49;18.337;5.611;12.725;%67.0
2025-10-26 18:00:00;2,95;2,24;3,28;174;444;51;17.571;5.501;12.070;%72.0
2025-10-26 19:00:00;2,72;2,15;2,98;171;445;48;17.980;5.557;12.423;%69.0
2025-10-26 20:00:00;2,5;2,12;2,67;168;443;47;18.102;5.546;12.556;%69.0
2025-10-26 21:00:00;2,4;2,08;2,55;170;444;45;17.958;5.636;12.322;%71.0
2025-10-26 22:00:00;1,87;1,83;1,88;163;443;40;19.238;5.879;13.359;%65.0
2025-10-26 23:00:00;1,77;1,82;1,75;166;443;39;18.771;5.886;12.886;%69.0
2025-10-27 00:00:00;1,52;1,74;1,42;163;441;35;19.414;6.090;13.324;%65.0
2025-10-27 01:00:00;1,26;1,62;1,1;157;441;32;20.589;6.289;14.300;%60.0
2025-10-27 02:00:00;1,39;1,77;1,22;161;442;33;19.896;6.271;13.624;%64.0
2025-10-27 03:00:00;2,49;2,88;2,3;181;433;53;18.607;6.267;12.340;%72.0
2025-10-27 04:00:00;2,43;2,59;2,35;176;418;50;18.412;6.302;12.110;%73.0
2025-10-27 05:00:00;2,75;2,65;2,79;177;438;62;18.017;5.516;12.501;%72.0
2025-10-27 06:00:00;2,52;2,54;2,51;176;441;45;17.649;5.845;11.804;%75.0
2025-10-27 07:00:00;1,2;1,57;1,02;160;445;30;19.933;6.221;13.712;%63.0
2025-10-27 08:00:00;1,39;1,64;1,29;159;444;34;20.158;6.134;14.025;%62.0
2025-10-27 09:00:00;1,87;1,87;1,87;160;443;39;19.631;5.877;13.754;%67.0
2025-10-27 10:00:00;2,14;1,98;2,21;161;442;43;19.466;5.789;13.678;%68.0
2025-10-27 11:00:00;2,43;2,05;2,59;166;443;47;18.802;5.687;13.115;%65.0
2025-10-27 12:00:00;2,71;2,23;2,93;172;444;51;17.799;5.504;12.295;%71.0
2025-10-27 13:00:00;2,88;2,21;3,18;174;443;52;17.772;5.515;12.256;%71.0
2025-10-27 14:00:00;4,58;5,8;3,84;191;415;57;17.835;6.676;11.159;%76.0
2025-10-27 15:00:00;3,13;2,63;3,36;176;439;54;17.662;5.597;12.064;%72.0
2025-10-27 16:00:00;2,96;2,35;3,23;172;442;54;17.670;5.395;12.275;%71.0
2025-10-27 17:00:00;3,47;3,23;3,6;180;433;56;17.505;5.748;11.757;%74.0
2025-10-27 18:00:00;3,13;2,48;3,43;176;441;55;17.439;5.481;11.957;%73.0
2025-10-27 19:00:00;2,98;2,35;3,28;177;444;53;17.158;5.435;11.722;%74.0
2025-10-27 20:00:00;4,33;5,94;3,32;191;413;52;18.441;7.110;11.331;%73.0
2025-10-27 21:00:00;2,85;3,08;2,74;178;432;47;17.731;6.010;11.721;%74.0
2025-10-27 22:00:00;1,96;2;1,94;168;443;42;18.586;5.845;12.741;%68.0
2025-10-27 23:00:00;2,04;2,43;1,86;168;438;41;18.838;6.050;12.788;%67.0
2025-10-28 00:00:00;1,87;1,87;1,87;165;440;40;19.046;5.945;13.101;%66.0
2025-10-28 01:00:00;1,41;1,69;1,28;161;441;34;19.786;6.160;13.626;%65.0
2025-10-28 02:00:00;1,29;1,67;1,11;162;442;33;19.613;6.200;13.413;%67.0
2025-10-28 03:00:00;2,63;3,05;2,42;181;434;55;18.813;6.246;12.567;%71.0
2025-10-28 04:00:00;2,29;2,56;2,15;174;412;49;18.632;6.432;12.200;%73.0
2025-10-28 05:00:00;3,03;3,08;3,01;181;431;62;18.000;5.796;12.203;%72.0
2025-10-28 06:00:00;4,91;3,32;5,62;174;438;56;16.905;5.240;11.665;%74.0
2025-10-28 07:00:00;1,63;1,8;1,55;165;446;35;18.936;5.953;12.983;%74.0
2025-10-28 08:00:00;1,59;1,75;1,51;166;445;36;18.956;6.008;12.947;%69.0
2025-10-28 09:00:00;1,77;1,84;1,73;157;443;38;20.236;5.945;14.291;%65.0
2025-10-28 10:00:00;2,22;2,11;2,26;161;441;43;19.523;5.801;13.722;%68.0
2025-10-28 11:00:00;2,77;2,4;2,94;173;441;50;17.989;5.673;12.316;%71.0
2025-10-28 12:00:00;2,84;2,53;2,98;172;442;51;18.063;5.614;12.449;%70.0
2025-10-28 13:00:00;3,1;2,84;3,23;174;439;54;18.035;5.652;12.382;%70.0
2025-10-28 14:00:00;3,23;2,85;3,41;177;440;56;17.455;5.518;11.937;%73.0
2025-10-28 15:00:00;2,99;2,67;3,13;174;440;53;17.801;5.574;12.228;%71.0
2025-10-28 16:00:00;3,03;2,36;3,34;173;443;53;17.460;5.376;12.084;%72.0
2025-10-28 17:00:00;3,54;3,82;3,39;180;429;53;18.081;6.089;11.992;%72.0
2025-10-28 18:00:00;3;2,54;3,21;176;441;52;17.638;5.604;12.034;%73.0
2025-10-28 19:00:00;3,12;2,91;3,22;177;441;51;17.699;5.693;12.006;%72.0
2025-10-28 20:00:00;2,36;2,06;2,5;169;444;47;18.255;5.618;12.637;%69.0
2025-10-28 21:00:00;2,12;1,97;2,19;167;444;44;18.616;5.728;12.888;%67.0
2025-10-28 22:00:00;1,8;1,85;1,78;163;444;41;19.283;5.834;13.449;%64.0
2025-10-28 23:00:00;1,76;1,81;1,74;165;444;39;19.079;5.909;13.170;%66.0
2025-10-29 00:00:00;1,55;1,74;1,47;163;440;37;19.355;6.074;13.280;%66.0
2025-10-29 01:00:00;1,41;1,71;1,28;161;442;34;19.579;6.067;13.513;%66.0
2025-10-29 02:00:00;1,27;1,69;1,08;160;443;33;20.226;6.243;13.983;%61.0
2025-10-29 03:00:00;2,45;2,95;2,19;182;435;55;18.720;6.265;12.455;%73.0
2025-10-29 04:00:00;2,58;2,71;2,51;178;412;55;18.404;6.323;12.081;%73.0
2025-10-29 05:00:00;4,73;3,62;5,24;181;430;67;17.083;5.356;11.727;%73.0
2025-10-29 06:00:00;3,16;2,96;3,25;174;439;48;17.440;5.611;11.829;%75.0
2025-10-29 07:00:00;1,74;1,84;1,69;165;446;36;18.563;5.860;12.702;%76.0
2025-10-29 08:00:00;1,33;1,61;1,2;160;444;32;19.961;6.205;13.756;%64.0
2025-10-29 09:00:00;1,65;1,74;1,6;156;442;35;20.283;6.043;14.240;%64.0
2025-10-29 10:00:00;1,92;1,93;1,91;160;443;40;19.366;5.785;13.581;%69.0
2025-10-29 11:00:00;2,29;2,01;2,41;167;444;45;18.717;5.715;13.002;%67.0
2025-10-29 12:00:00;2,53;2,28;2,63;170;442;48;18.441;5.717;12.724;%68.0
2025-10-29 13:00:00;2,96;2,26;3,28;175;444;51;17.440;5.494;11.945;%73.0
2025-10-29 14:00:00;2,61;2,12;2,82;167;444;48;18.815;5.629;13.185;%65.0
2025-10-29 15:00:00;3,28;2,35;3,71;177;443;54;17.069;5.407;11.662;%75.0
2025-10-29 16:00:00;3,01;2,25;3,35;172;444;51;17.920;5.513;12.407;%70.0
2025-10-29 17:00:00;2,99;2,29;3,31;171;442;51;18.192;5.593;12.599;%69.0
2025-10-29 18:00:00;2,99;2,33;3,29;174;443;52;17.730;5.539;12.190;%72.0
2025-10-29 19:00:00;2,88;2,24;3,17;172;444;51;17.706;5.475;12.232;%72.0
2025-10-29 20:00:00;2,48;2,12;2,63;166;444;47;18.528;5.579;12.950;%68.0
2025-10-29 21:00:00;2,21;2,03;2,29;165;444;44;18.833;5.714;13.119;%66.0
2025-10-29 22:00:00;1,97;1,92;1,99;165;443;42;18.783;5.756;13.027;%68.0
2025-10-29 23:00:00;1,75;1,89;1,68;166;443;40;19.092;6.004;13.088;%67.0
2025-10-30 00:00:00;1,52;1,72;1,43;163;440;37;19.421;6.079;13.343;%65.0
2025-10-30 01:00:00;1,29;1,63;1,14;161;442;34;19.923;6.202;13.721;%65.0
2025-10-30 02:00:00;1,29;1,69;1,11;162;442;34;20.299;6.386;13.912;%61.0
2025-10-30 03:00:00;2,54;2,96;2,33;181;430;54;18.713;6.313;12.400;%73.0
2025-10-30 04:00:00;2,41;2,54;2,33;176;415;53;18.502;6.310;12.192;%73.0
2025-10-30 05:00:00;3,07;2,8;3,19;177;437;61;17.901;5.555;12.346;%71.0
2025-10-30 06:00:00;4,13;3,2;4,55;174;440;52;17.107;5.393;11.714;%73.0
2025-10-30 07:00:00;1,65;1,78;1,59;175;446;35;17.515;5.939;11.577;%77.0
2025-10-30 08:00:00;1,7;1,79;1,66;167;445;38;18.683;5.951;12.731;%70.0
2025-10-30 09:00:00;1,77;1,78;1,77;159;443;40;20.200;5.983;14.217;%63.0
2025-10-30 10:00:00;2,22;2,03;2,3;162;441;44;19.201;5.710;13.491;%69.0
2025-10-30 11:00:00;2,81;2,18;3,1;171;444;50;17.856;5.505;12.351;%70.0
2025-10-30 12:00:00;3,11;2,57;3,35;172;437;53;18.091;5.621;12.470;%69.0
2025-10-30 13:00:00;3,26;2,48;3,62;178;440;56;17.195;5.471;11.724;%74.0
2025-10-30 14:00:00;3,05;2,33;3,37;174;443;54;17.718;5.463;12.254;%71.0
2025-10-30 15:00:00;3,71;3,73;3,7;181;426;56;17.881;6.039;11.842;%73.0
2025-10-30 16:00:00;3,2;2,41;3,55;177;442;57;17.131;5.352;11.779;%74.0
2025-10-30 17:00:00;3,8;3,56;3,91;179;436;58;17.107;5.485;11.622;%75.0
2025-10-30 18:00:00;3,26;2,63;3,54;174;440;55;17.714;5.474;12.241;%72.0
2025-10-30 19:00:00;4,6;5,28;4,19;195;420;59;17.379;6.550;10.829;%77.0
2025-10-30 20:00:00;2,84;2,53;2,98;175;440;50;18.025;5.784;12.241;%72.0
2025-10-30 21:00:00;2,36;2,15;2,46;167;441;46;18.587;5.691;12.896;%68.0
2025-10-30 22:00:00;2,03;2,08;2,01;166;441;42;19.155;5.949;13.206;%66.0
2025-10-30 23:00:00;2,3;3,15;1,86;173;428;41;19.599;6.724;12.876;%67.0
2025-10-31 00:00:00;2,49;3,81;1,75;177;425;39;19.506;6.957;12.548;%69.0
2025-10-31 01:00:00;1,47;1,72;1,36;161;442;35;19.760;6.091;13.669;%65.0
2025-10-31 02:00:00;1,39;1,75;1,23;162;442;35;19.777;6.178;13.599;%64.0
2025-10-31 03:00:00;2,57;3,09;2,33;177;433;54;19.219;6.230;12.989;%69.0
2025-10-31 04:00:00;2,97;3,05;2,93;180;426;63;17.958;5.795;12.163;%72.0
2025-10-31 05:00:00;3,88;3,38;4,14;180;410;58;17.629;6.071;11.558;%74.0
2025-10-31 06:00:00;3,67;3,05;3,96;176;439;53;17.294;5.527;11.767;%75.0
2025-10-31 07:00:00;1,59;1,74;1,52;172;446;35;17.930;5.986;11.945;%75.0
2025-10-31 08:00:00;1,5;1,66;1,43;162;444;36;19.800;6.119;13.681;%63.0
2025-10-31 09:00:00;4,21;6,43;2,73;189;403;46;19.781;7.917;11.864;%72.0
2025-10-31 10:00:00;2,97;3,81;2,55;171;425;46;19.432;6.406;13.026;%71.0
2025-10-31 11:00:00;2,83;2,65;2,91;174;438;51;17.985;5.705;12.279;%71.0
2025-10-31 12:00:00;2,97;2,4;3,22;172;440;52;17.946;5.545;12.401;%70.0
2025-10-31 13:00:00;2,99;2,29;3,29;171;443;53;17.829;5.395;12.434;%70.0
2025-10-31 14:00:00;3,3;2,43;3,69;175;443;56;17.225;5.302;11.923;%73.0
2025-10-31 15:00:00;3,34;3,07;3,46;176;440;56;17.672;5.527;12.145;%72.0
2025-10-31 16:00:00;3,26;2,45;3,63;177;442;57;17.306;5.384;11.922;%73.0
2025-10-31 17:00:00;3,53;2,56;3,96;177;443;58;17.225;5.303;11.922;%73.0
2025-10-31 18:00:00;3,08;2,34;3,42;176;442;56;17.567;5.461;12.106;%72.0
2025-10-31 19:00:00;3,08;2,84;3,19;176;438;54;17.881;5.670;12.211;%71.0
2025-10-31 20:00:00;3,93;4,62;3,55;187;429;55;17.423;6.158;11.265;%76.0
2025-10-31 21:00:00;3,04;2,67;3,21;175;438;53;17.821;5.650;12.171;%72.0
2025-10-31 22:00:00;2,18;1,97;2,28;168;444;45;18.638;5.742;12.896;%68.0
2025-10-31 23:00:00;1,95;2,34;1,77;166;439;41;19.396;6.121;13.275;%66.0
2025-11-01 00:00:00;1,73;2,12;1,55;166;437;39;19.369;6.200;13.169;%66.0
2025-11-01 01:00:00;1,47;1,74;1,35;161;442;36;19.706;6.052;13.654;%65.0
2025-11-01 02:00:00;1,41;1,79;1,24;163;442;36;19.945;6.250;13.696;%63.0
2025-11-01 03:00:00;2,64;3,01;2,46;186;432;57;18.527;6.337;12.189;%74.0
2025-11-01 04:00:00;2,34;2,5;2,26;177;415;53;18.512;6.362;12.150;%74.0
2025-11-01 05:00:00;2,74;2,94;2,64;183;433;62;18.171;5.941;12.230;%73.0
2025-11-01 06:00:00;3,07;2,87;3,16;180;437;61;17.655;5.599;12.055;%74.0
2025-11-01 07:00:00;1,55;1,74;1,46;171;445;35;18.109;6.017;12.093;%73.0
2025-11-01 08:00:00;1,3;1,57;1,18;160;444;33;20.216;6.247;13.969;%63.0
2025-11-01 09:00:00;1,41;1,66;1,31;156;443;35;20.649;6.129;14.521;%62.0
2025-11-01 10:00:00;1,75;1,85;1,71;160;442;40;19.870;5.928;13.942;%66.0
2025-11-01 11:00:00;2,19;2,01;2,27;168;444;47;18.565;5.691;12.874;%68.0
2025-11-01 12:00:00;2,66;2,14;2,89;173;444;51;17.857;5.537;12.320;%71.0
2025-11-01 13:00:00;2,92;2,23;3,22;172;444;52;18.121;5.522;12.599;%69.0
2025-11-01 14:00:00;3,06;2,33;3,39;177;444;56;17.381;5.418;11.963;%73.0
2025-11-01 15:00:00;3,14;2,34;3,49;174;444;55;17.703;5.435;12.268;%71.0
2025-11-01 16:00:00;3,27;2,39;3,67;176;442;56;17.374;5.388;11.986;%73.0
2025-11-01 17:00:00;3,22;2,43;3,58;175;444;56;17.333;5.313;12.020;%73.0
2025-11-01 18:00:00;3,09;2,34;3,43;174;443;55;17.628;5.416;12.212;%71.0
2025-11-01 19:00:00;3,05;2,37;3,36;176;444;55;17.132;5.339;11.794;%74.0
2025-11-01 20:00:00;2,77;2,21;3,02;172;444;51;18.004;5.528;12.476;%70.0
2025-11-01 21:00:00;2,41;2,1;2,55;170;443;48;18.303;5.669;12.634;%67.0
2025-11-01 22:00:00;2,18;2,02;2,26;168;444;45;18.515;5.721;12.795;%68.0
2025-11-01 23:00:00;1,99;1,98;1,99;168;445;44;18.502;5.743;12.759;%69.0
2025-11-02 00:00:00;1,78;1,85;1,74;165;442;40;19.008;5.928;13.080;%68.0
2025-11-02 01:00:00;1,59;1,81;1,49;162;442;37;19.414;5.997;13.418;%67.0
2025-11-02 02:00:00;1,51;1,85;1,35;165;443;37;19.561;6.170;13.391;%65.0
2025-11-02 03:00:00;2,75;3,14;2,56;179;431;57;18.799;6.149;12.649;%71.0
2025-11-02 04:00:00;2,25;2,42;2,16;173;416;50;18.573;6.252;12.321;%74.0
2025-11-02 05:00:00;2,98;3,1;2,92;182;435;62;17.966;5.781;12.185;%73.0
2025-11-02 06:00:00;2,94;2,74;3,03;176;440;55;17.616;5.539;12.076;%73.0
2025-11-02 07:00:00;1,79;2;1,68;176;444;41;17.968;6.002;11.966;%74.0
2025-11-02 08:00:00;1,18;1,56;1,01;159;445;32;20.234;6.209;14.025;%62.0
2025-11-02 09:00:00;1,32;1,62;1,2;155;443;33;20.846;6.173;14.674;%62.0
2025-11-02 10:00:00;1,51;1,74;1,42;158;443;37;20.227;6.031;14.196;%65.0
2025-11-02 11:00:00;1,85;1,89;1,83;167;445;43;18.847;5.830;13.017;%67.0
2025-11-02 12:00:00;2,04;1,95;2,07;166;444;45;18.979;5.757;13.222;%66.0
2025-11-02 13:00:00;2,4;2,05;2,56;168;444;48;18.616;5.655;12.960;%67.0
2025-11-02 14:00:00;2,91;2,24;3,21;174;444;52;17.659;5.483;12.175;%72.0
2025-11-02 15:00:00;2,75;2,2;2,99;170;444;51;18.249;5.533;12.717;%68.0
2025-11-02 16:00:00;3,01;2,22;3,36;172;444;53;17.911;5.468;12.443;%70.0
2025-11-02 17:00:00;3,11;2,26;3,5;176;444;55;17.408;5.436;11.972;%73.0
2025-11-02 18:00:00;2,83;2,2;3,11;172;444;52;18.151;5.564;12.587;%69.0
2025-11-02 19:00:00;2,76;2,18;3,02;174;445;52;17.841;5.530;12.311;%70.0
2025-11-02 20:00:00;2,74;2,29;2,95;174;442;51;17.660;5.576;12.084;%73.0
2025-11-02 21:00:00;2,37;2,08;2,5;170;444;47;18.304;5.649;12.655;%70.0
2025-11-02 22:00:00;2,02;2,05;2;169;444;45;18.472;5.770;12.702;%70.0
2025-11-02 23:00:00;1,75;1,89;1,69;166;445;42;18.838;5.814;13.024;%68.0
2025-11-03 00:00:00;1,53;1,75;1,43;161;440;38;19.823;6.073;13.750;%63.0
2025-11-03 01:00:00;1,44;1,74;1,31;161;442;36;19.603;6.041;13.561;%66.0
2025-11-03 02:00:00;1,37;1,7;1,22;163;442;35;19.791;6.193;13.598;%65.0
2025-11-03 03:00:00;2,56;3,05;2,31;184;432;58;18.615;6.281;12.334;%73.0
2025-11-03 04:00:00;2,19;2,4;2,08;178;420;52;18.463;6.314;12.149;%74.0
2025-11-03 05:00:00;2,9;2,93;2,88;184;437;67;17.791;5.615;12.176;%72.0
2025-11-03 06:00:00;2,48;2,46;2,5;176;443;49;17.533;5.631;11.902;%76.0
2025-11-03 07:00:00;1,41;1,66;1,29;164;446;34;19.122;6.049;13.073;%68.0
2025-11-03 08:00:00;1,43;1,67;1,33;161;444;37;19.937;6.046;13.891;%63.0
2025-11-03 09:00:00;1,92;1,9;1,93;160;443;42;19.841;5.831;14.010;%66.0
2025-11-03 10:00:00;2,43;2,12;2,56;164;442;47;18.878;5.601;13.277;%71.0
2025-11-03 11:00:00;2,85;3,16;2,71;172;434;50;18.901;6.017;12.884;%67.0
2025-11-03 12:00:00;;;;;;;;;;